ジャンル,ブランド,商品名,価格,報酬率,アフィリエイトリンク,商品ID
ビューティー,【公式】CICIBELLA,【夏先取りセール】CICIBELLA｜瞬間吸水ヘアドライタオル｜速乾 ｜約２分台で髪を乾かす｜豪華特典付き｜シシベラ,¥980,8,https://affiliate.tiktok.com/api/v1/share/AKSpkbbhK7pm,1731524258097366208
ビューティー,【公式】CICIBELLA,【大好評】CICIBELLA｜フェイスタオル｜60枚入り｜厚手｜洗顔使い捨てタオル｜シシベラ,¥750,8,https://affiliate.tiktok.com/api/v1/share/AKSpp5Cs5QzM,1731626331090879680
ビューティー,【公式】CICIBELLA,【公式】CICIBELLA シシベラ 新発売 ミルキーシートマスク海藻シートマスク 個包装 7枚入り PDRN エクソソーム 高分子ヒアルロン酸 植物性幹細胞工キス フェイスパック 選べる4種 フェイスマスク 透明感 うるおい 肌荒れケア 日本製,¥878,8,https://affiliate.tiktok.com/api/v1/share/AKSpkcEa5xIz,1732466553330894016
ビューティー,【公式】CICIBELLA,【 夏先取りセール】CICIBELLA｜冷感3Dマスク｜敏感肌向け｜シシベラ,"¥1,100",8,https://affiliate.tiktok.com/api/v1/share/AKSpp5IRjxH3,1732779503258862784
ビューティー,【公式】CICIBELLA,【無くなり次第終了】CICIBELLA｜2袋購入で無料ギフト美容液１点+7枚入りパック1点+フェイスタオル1点付｜シシベラ,"¥1,422",8,https://affiliate.tiktok.com/api/v1/share/AKSpp5SrftWC,1732782247720158400
ビューティー,【公式】CICIBELLA,CICIBELLA シシベラ 人気シートマスクお試し３点セット（ スパシリーズ 30枚入+プレミアムエッセンス 7枚入 +エッセンスマスク 7枚入り） フェイスパック フェイスマスク スキンケア デイリー ケア,"¥1,962",8,https://affiliate.tiktok.com/api/v1/share/AKSpkbblRodD,1732857646249968832
ビューティー,【公式】CICIBELLA,【期間限定50%オフ】CICIBELLA｜進化版新発売｜快息マスク｜10枚入り｜3Dマスク｜ 小顔効果｜シシベラ,"¥780〜¥1,560",8,https://affiliate.tiktok.com/api/v1/share/AKSpp5Cu0o5o,1732924454162629824
ビューティー,【公式】POTENIA SHOP,【公式】塩化カリウム1200 カリウム サプリ 医師&管理栄養士のW監修 栄養機能食品 日本製 GMP認定工場 ビタミンC配合,"¥1,380〜¥4,280",15,https://affiliate.tiktok.com/api/v1/share/AKSpjOXAnBMW,1731846488457184813
ビューティー,【公式】レキットベンキーザー・ジャパン株式会社,ヴィートメン　スムースブラック　除毛クリーム＋ミラキュラスオイル,"¥4,075",15,https://affiliate.tiktok.com/api/v1/share/AKsLPIPWdhlj,1736089764960437593
ビューティー,【公式】レキットベンキーザー・ジャパン株式会社,ヴィートメン　スムースプロ　除毛クリーム＋ミラキュラスオイル,"¥4,225",15,https://affiliate.tiktok.com/api/v1/share/AKsLPIXFevEz,1736089769711928665
ビューティー,【公式】レキットベンキーザー・ジャパン株式会社,ヴィートピュア敏感肌用　除毛クリーム +ミラキュラスオイル,"¥4,075",15,https://affiliate.tiktok.com/api/v1/share/AKsLPHxwnm8n,1736089384543028569
ビューティー,【公式】レキットベンキーザー・ジャパン株式会社,ヴィートマシュマロホワイト　除毛クリーム+ミラキュラスオイル,"¥4,225",15,https://affiliate.tiktok.com/api/v1/share/AKsLPIPWut6M,1736089435291354457
ビューティー,【公式】レキットベンキーザー・ジャパン株式会社,ヴィートマシュマロホワイトプレミアム　除毛クリーム+ミラキュラスオイル,"¥4,373",15,https://affiliate.tiktok.com/api/v1/share/AKsLPIXFw1lc,1736089437658514777
ビューティー,changefit 公式,1個増量中！【SNSで大バズり】Changefit チェンジシェイク 6種類味見セット 置き換えダイエット タンパク質 プロテイン 国内配送 アミノ酸 食物繊維,"¥3,200",9,https://affiliate.tiktok.com/api/v1/share/AKSrGg8S88PH,1731783067755120524
ビューティー,changefit 公式,1個増量中！【SNSで大バズり】Changefit チェンジシェイク お買い得7個入り1週間セット 置き換え タンパク質 プロテイン 国内配送 アミノ酸 食物繊維,"¥3,400",9,https://affiliate.tiktok.com/api/v1/share/AKSrBu04xOWS,1731783102961977228
ビューティー,colorkey_jp,【ティントなし】Colorkeyリキッドリップウォーターミストリキッドリップ｜落ちにくいリップ｜保湿｜自然な血感リップ｜低彩度｜リップグロス｜マット仕上がりリップ,"¥1,574",20,https://affiliate.tiktok.com/api/v1/share/AKSq4nsjkkvo,1732836131725149670
ビューティー,colorkey_jp,【ティント】Colorkeyティントウォーターミストリップ｜8時間落ちないリップ｜pytリップ｜リップティント｜トリデン リップ｜リップグロス｜チェリーピンク｜plumping lip gloss｜デューティント,"¥1,574",20,https://affiliate.tiktok.com/api/v1/share/AKSq4nSIJ1Xx,1732836188471723494
ビューティー,colorkey_jp,【ティントなし】2点セットリキッドリップColorkeyマットウォーターミスト｜落ちにくいリップ｜保湿｜自然な血感リップ｜低彩度｜リップグロス｜マット仕上がり,"¥3,148",20,https://affiliate.tiktok.com/api/v1/share/AKSq4nQppvwe,1732884261507335654
ビューティー,colorkey_jp,【人気】【ティント】Colorkeyティントウォーターミストリップ｜8時間落ちないリップ｜保湿｜リップティント｜自然な血感リップ｜リップグロス｜マッド仕上がりリップ,"¥1,574",20,https://affiliate.tiktok.com/api/v1/share/AKSq4nsk1d4q,1733330578313414118
ビューティー,colorkey_jp,【人気】【ティントなし】Colorkeyリキッドリップウォーターミスト｜落ちにくいリップ｜保湿｜自然な血感リップ｜低彩度｜リップグロス｜マット仕上がりリップ,"¥1,574",20,https://affiliate.tiktok.com/api/v1/share/AKSq4nSIa5yz,1733330703074362854
ビューティー,colorkey_jp,【人気】【ティント】2点セットColorkeyティントウォーターミストリップ｜8時間落ちないリップ｜保湿｜リップティント｜自然な血感リップ｜リップグロス｜マッド仕上がりリップ,"¥3,148",20,https://affiliate.tiktok.com/api/v1/share/AKSq4nQq714A,1733357396341458406
ビューティー,colorkey_jp,【人気】【ティントなし】2点セット｜リキッドリップColorkeyマットウォーターミスト｜落ちにくいリップ｜保湿｜自然な血感リップ｜低彩度｜リップグロス｜マット仕上がり,"¥3,148",20,https://affiliate.tiktok.com/api/v1/share/AKSq4nskIhaZ,1733357480517141990
ビューティー,colorkey_jp,【New】Colorkeyシャインラッカー＆色持ち艶感＆保湿＆ベージュ リップ＆水光感たっぷりリップ｜エクストラシャイン リップラッカー,"¥1,574",20,https://affiliate.tiktok.com/api/v1/share/AKSq4nSIr2Kk,1733629973524088294
ビューティー,colorkey_jp,【New】【送料無料】2点セットColorkeyシャインラッカー｜色持ち艶感＆保湿｜バズるリップ｜カップにつかない色持ち｜水光感たっぷりリップ｜エクストラシャイン リップラッカー,"¥3,148",20,https://affiliate.tiktok.com/api/v1/share/AKSq4nQqO5n6,1733630029267961318
ビューティー,colorkey_jp,【New】【送料無料】2点セットColorkeyリップチーク｜シルキーマットリップチーク｜自然な血感色｜リップグロス｜マッド仕上がり｜マットリップ,"¥3,416",20,https://affiliate.tiktok.com/api/v1/share/AKSq4nskZtqK,1733630377167848934
ビューティー,colorkey_jp,【New】Colorkeyリップチーク｜シルキーマットリップチーク｜チューイング グロウポット｜リップグロス｜マッド仕上がり｜マットリップ,"¥1,708",20,https://affiliate.tiktok.com/api/v1/share/AKSq4nSJ898P,1733630386976556518
ビューティー,ETOA SHOP,エトア カロキシーカット-ETOA CALOXY CUT- 5ml  30包 バランス サポートサプリメント,"¥4,536",10,https://affiliate.tiktok.com/api/v1/share/AKauv6emVPmK,1734284191848826100
ビューティー,I'm meme アイムミミ,アイムミミ アイムスティックシャドウシマー涙袋コスメ スティックアイシャドウ （全5色）,"¥1,089〜¥2,409",22,https://affiliate.tiktok.com/api/v1/share/AKXcOI5721A8,1731710698644604536
ビューティー,I'm meme アイムミミ,\[I'm meme / アイムミミ\] アイムマルチスティックデュアル シェーディング ノーズシャドウ ハイライト スティック 小顔セット,"¥1,650〜¥6,240",22,https://affiliate.tiktok.com/api/v1/share/AKSpkWiAdFVX,1731654789675320952
ビューティー,iromikke store,【垢抜け！】iromikke 3秒速乾 リキッドアイライナー ウォータープルーフ にじまない 14色,¥546,20,https://affiliate.tiktok.com/api/v1/share/AKQGalUayFsf,1731405606361466116
ビューティー,iromikke store,【ダマ知らず｜ウォータープルーフ】テク不要のアイドル級まつ毛！iromikke マスカラ 速乾 12時間カールキープ 落ちない パンダ目防止 束感,¥826,20,https://affiliate.tiktok.com/api/v1/share/AKQGalOtLJFz,1731521140126418180
ビューティー,iromikke store,【時短｜こすらずスルンと落ちる】頑固なマスカラも一瞬！iromikke マスカラリムーバー 目にしみない 摩擦レス まつ毛ケア 低刺激アルコール/防腐剤フリー 束感まつ毛 まつ育 保湿,¥616,20,https://affiliate.tiktok.com/api/v1/share/AKQGalsMsUB6,1731521336973362436
ビューティー,iromikke store,【サラサラ肌】フィルター級の透明感 iromikke プレストパウダー テカリ防止 くすみ飛ばし 厚塗り感ゼロ 美容成分 ライラック 陶器肌 崩れない 微粒子 保湿 微粒子パウダー 保湿 お直し,¥546,20,https://affiliate.tiktok.com/api/v1/share/AKQGalnmGoLI,1731521679942190340
ビューティー,iromikke store,【1つで2役のツヤ感】濡れツヤ＆爆光2way iromikke パールハイライト 水光肌 立体感 毛穴レス 鼻高パレット 2way 繊細パール 大粒ラメ 密着 4色,¥546,20,https://affiliate.tiktok.com/api/v1/share/AKQGalUbFCIS,1731523452799976708
ビューティー,iromikke store,【限定セット価格】iromikke 束感マスカラ＆こすらず落ちるリムーバー 完璧セット 40%OFF 摩擦レス,"¥1,253",20,https://affiliate.tiktok.com/api/v1/share/AKQGalOtcFm7,1731531122080646404
ビューティー,iromikke store,【ちゅるん粘膜リップ】iromikke リップミミ 透け感 ツヤ 高保湿 ミニサイズ イエベ/ブルベ 選べる15色,¥560,20,https://affiliate.tiktok.com/api/v1/share/AKQGalsN9Mv2,1731546756217341188
ビューティー,iromikke store,【むっちりスフレ感】iromikke フラフィー マットリップ 落ちにくい 垢抜け紅茶リップ 泥リップ ふわふわ くすみカラー 保湿,¥546,20,https://affiliate.tiktok.com/api/v1/share/AKQGalnmXsQs,1731547080574010628
ビューティー,iromikke store,【ハイライトいらず】iromikke シングル パールチーク じゅわっと血色感 ツヤ肌 透明感 多幸感 抜け感,¥546,20,https://affiliate.tiktok.com/api/v1/share/AKQGalUbWLU9,1731547157943190788
ビューティー,iromikke store,【整形級の小顔】1つで彫り深メイク！iromikke 4色シェーディングパレット 影色 中顔面短縮 鼻高 涙袋 垢抜け,¥546,20,https://affiliate.tiktok.com/api/v1/share/AKQGalOttSP9,1731547213570540804
ビューティー,iromikke store,【ちゅるん唇爆誕】iromikke 星屑リップグロス オーロララメ 重ね塗り タンフル ツヤ 高保湿 スクワラン オーロラ 透明感 純欲メイク 涙袋 選べる3色,¥546,20,https://affiliate.tiktok.com/api/v1/share/AKQGalsOneuU,1731548662559769860
ビューティー,iromikke store,【透明感爆誕】iromikke フィルター級 カラーコントロールベース 化粧下地 ノーファンデ 垢抜け 保湿,¥546,20,https://affiliate.tiktok.com/api/v1/share/AKQGalnn5u3r,1731548729783321860
ビューティー,iromikke store,【捨て色なし】垢抜けアイメイク iromikke 4色 アイシャドウパレット マット ラメ 高発色 涙袋 選べる14色 多幸感密着ラメ イエベ/ブルベ 高保湿 ヨレない 14色,¥546,20,https://affiliate.tiktok.com/api/v1/share/AKQGalUbnF47,1731569012143850756
ビューティー,iromikke store,【涙袋爆誕｜ヨレない密着ラメ】iromikke 星屑グリッター ナイアシンアミド配合リキッドアイシャドウ 密着 大粒ラメ うるみ瞳 アイドルメイク 多幸感 純欲メイク 儚げうるみアイ,¥546,20,https://affiliate.tiktok.com/api/v1/share/AKQGalOuAXGb,1731569096440841476
ビューティー,iromikke store,【手が汚れない下地】1秒で透明感爆誕！ナイアシンアミド配合　iromikke トーンアップ クッションベース　化粧下地 メイク直し くすみ飛ばし 高保湿 陶器肌 美容液成分 毛穴レス コスメ　艶肌,"¥1,316",20,https://affiliate.tiktok.com/api/v1/share/AKQGalsP4ccA,1731569195305895172
ビューティー,iromikke store,【プルプル唇｜縦ジワ消しプランパー】iromikke プランピングリップ プランパー ラメ入り キラキラ ラメ ボリュームアップ 抜け感 高保湿 ぷっくり 重ね塗り ツヤ,¥546,20,https://affiliate.tiktok.com/api/v1/share/AKQGalnrUkcl,1731569765184537860
ビューティー,iromikke store,【自まつ毛偽装】iromikke 繊細セパレートマスカラ 束感 透け感 抜け感 カールキープ 4色 ミュートメイク,¥756,20,https://affiliate.tiktok.com/api/v1/share/AKQGalUc4Th3,1731574788023158020
ビューティー,iromikke store,【ふんわり眉がすぐ完成】これ1本で垢抜け眉！iromikke 極細 アイブロウペンシル 3way 失敗しない 落ちにくい 4色 パウダー ブラシ 一体型 時短,¥546,20,https://affiliate.tiktok.com/api/v1/share/AKQGalOvoeTm,1731574824811595012
ビューティー,iromikke store,【夕方まで眉尻消えない】まるで自眉な抜け感 iromikke 2way リキッド アイブロウ 薄づき 極細 パウダー ウォータープルーフ,¥546,20,https://affiliate.tiktok.com/api/v1/share/AKQGalsPLrcA,1731574876099020036
ビューティー,iromikke store,【粉飛びしない高密着】iromikke アイブロウパウダー 3色パレット 専用ブラシ付き テク不要でプロ級グラデ 高保湿 垢抜けふんわり眉,¥546,20,https://affiliate.tiktok.com/api/v1/share/AKQGalnt93kx,1731574975705548036
ビューティー,iromikke store,【青クマ/茶クマ撃退】厚塗り感ゼロ！iromikke アイコンシーラー 目元用 シワに溜まらない 薄膜ハイカバー ヨレない 高密着 クマ消し 保湿 イエベ/ブルベ 抜け感 涙袋 ハイライト,¥560,20,https://affiliate.tiktok.com/api/v1/share/AKQGam300VVJ,1731574979111519492
ビューティー,iromikke store,【iromikke公式】8色アイシャドウパレット全３種セット　パール配合のアイシャドウベース付きでアイメイクが長持ち,"¥1,680",20,https://affiliate.tiktok.com/api/v1/share/AKQGaltBkJDq,1732855016196572420
ビューティー,iromikke store,【iromikke公式】リップグロス全３色セット ラメ入りで、キラキラしたぷっくり感を演出,"¥1,680",20,https://affiliate.tiktok.com/api/v1/share/AKQGam32CyxQ,1732911879499908356
ビューティー,iromikke store,【ふんわり質感】麻辣湯kiss　マットリップ　ほんのりラメ　マーラータン　チャーム　シール,"¥1,760",20,https://affiliate.tiktok.com/api/v1/share/AKQGam4aS5hc,1735128817516643588
ビューティー,iromikke store,【ティントじゃないのに塗りたて続く】麻辣湯kiss　リップグロス　ラメ　マーラータン　チャーム　シール,"¥1,760",20,https://affiliate.tiktok.com/api/v1/share/AKQGalpp2M1O,1735129301055800580
ビューティー,iromikke store,【イエベ秋】絶対盛れる高発色！iromikke ムースセット（観戦応援メイク4点/主役級秋色リップ入）,"¥2,160",20,https://affiliate.tiktok.com/api/v1/share/AKvDXoYm6ssY,1735865848899667204
ビューティー,iromikke store,【イエベ春】炎天下でもくすまない！iromikke ジャガーセット（観戦応援メイク4点/透明感UP下地入）,"¥2,160",20,https://affiliate.tiktok.com/api/v1/share/AKvDVX3w95qT,1735867588871619844
ビューティー,iromikke store,【ブルベ冬】滝汗でも落ちない！iromikke イーグルセット（観戦メイク4点/ネイビーライナー入）,"¥2,160",20,https://affiliate.tiktok.com/api/v1/share/AKvDVWvM3W9x,1735867593233630468
ビューティー,iromikke store,【送料無料】iromikke 3分垢抜け時短メイク3点セット（アイシャドウ/ライナー/眉）,"¥2,440",20,https://affiliate.tiktok.com/api/v1/share/AKvDXoYmNynT,1735935260262171908
ビューティー,iromikke store,【6月GENKING限定】iromikke ブルベ推し3点セット（麻辣湯KISSリップ2色＋コンシーラー04）　ブルべ　ブルべ夏　ブルべ冬,"¥3,980",20,https://affiliate.tiktok.com/api/v1/share/AKvDVX40Go7J,1736032116187432196
ビューティー,iromikke store,【6月GENKING限定】iromikke イエベ推し3点セット（麻辣湯KISSリップ2色＋コンシーラー04）イエベ　イエベ春　イエベ秋,"¥3,980",20,https://affiliate.tiktok.com/api/v1/share/AKvDVWvP4tgE,1736032142335378692
ビューティー,iromikke store,【ブルベ夏セット】iromikke 夏の透明感メイク4点セット｜涙袋グリッター・極細アイライナー・ツヤ血色チーク・ふわふわマットリップ｜うるみ瞳 垢抜け くすみカラー,"¥2,200",20,https://affiliate.tiktok.com/api/v1/share/AKvDXoYpxbGs,1736104775889749252
ビューティー,LANEIGE Japan,【LANEIGE公式】《国内発送》リップスリーピングマスク  BerryFruitComplex配合 ココナッツオイル入り 保湿効果で滑らかでふっくらとした唇へ導く,"¥1,892〜¥2,200",15,https://affiliate.tiktok.com/api/v1/share/AKSptmoO06bB,1732996532938573235
ビューティー,LANEIGE Japan,【LANEIGE公式】《国内発送》リップグロウィバーム ミニキットN リップクリーム リップバーム,"¥2,970",15,https://affiliate.tiktok.com/api/v1/share/AKSpuQcIv7Bb,1734425429086209459
ビューティー,MYTREX OFFICIAL STORE,【公式】MYTREX REBIVE MINI XS2 手圧変動ハンディガン マッサージガン マイトレックス マッサージアウト 売れ筋 relax 筋膜リリースガン 腰痛 マッサージ機 小型 ポスポス 肩凝り解消 血流ケア 疲労回復 肩 首 足 ふくらはぎ 足裏 肩甲骨 腰 フェイス 振動マシン 体のどこでも使える 健康 筋肉 家電 グッズ 静音設計 マッサージャー おすすめ プレゼント ギフト セール,"¥14,960〜¥22,660",18,https://affiliate.tiktok.com/api/v1/share/AKSqD3CFlK5M,1731711688259699855
ビューティー,MYTREX OFFICIAL STORE,【公式】MYTREX RAKUNO FIT 温熱ふくらはぎケア マイトレックス マッサージ ふくらはぎ マッサージ機 足 フットマッサージャー マイトレックス RAKUNO FIT 足 むくみ マッサージ器 マッサージ 足 ふくらはぎ むくみ 疲れ 空気圧 温熱 コードレス 【正規1年間保証】温熱ふくらはぎケア 3種のもみコース 5段階レベル調整 10分オートOFFタイマー ラクーノ フィット 足 ふくらはぎ 健康 むくみ 疲れ 温熱 空気圧 コードレス ギフト,"¥8,800",18,https://affiliate.tiktok.com/api/v1/share/AKSqD39YZnPT,1732256500078511247
ビューティー,MYTREX OFFICIAL STORE,【公式】MYTREX RAKUNO LUMBAR 腰ベルト調節可能  5段レベル ストレッチ スタイルアップ マイトレックス 姿勢矯正ベルト 超軽量腰ベルト ラクーノ ランバー 腰用 コルセット 骨盤矯正 腰痛対策 腰サポーター 骨盤ベルト 骨盤補正 姿勢改善 腰 骨盤 ウエスト スタイルアップ 骨盤サポート 薄型 軽量 姿勢サポート【正規1年間保証】腰ケア ラクーノ ランバー 長時間の座り仕事 立ち仕事 日常使用に最適 旅行先 オフィス 家庭用 MYTREX 男女兼用 プレゼント ギフト 通気性抜群,"¥6,600",18,https://affiliate.tiktok.com/api/v1/share/AKSq6lrt69Co,1732922124279579791
ビューティー,MYTREX OFFICIAL STORE,【公式】MYTREX RAKUNO LITE  ふくらはぎケア 足ケア コードレス 超軽量  5段階レベル調整 マイトレックス ポータブルふくらはぎケア ラクーノ ライト 軽量モデル 足 ふくらはぎ むくみ 疲れ 空気圧 パワフル Type-C充電式 コードレス ハイパワー 旅行先 オフィス 運動後 座り仕事 ギフト 【正規1年間保証】ポータブルふくらはぎケア 軽量モデル 足 ふくらはぎ 健康 むくみ 疲れ  5段階レベル調整 10分オートOFFタイマー ハイパワー パワフル 空気圧 コードレス,"¥7,700〜¥9,328",18,https://affiliate.tiktok.com/api/v1/share/AKSqD3CHPnJl,1732923302041519247
ビューティー,MYTREX OFFICIAL STORE,【公式】MYTREX RAKUNO FIT PLUS 温熱ふくらはぎケア 足裏ケア 3種もみコース 5段階レベル調整 マイトレックス ラクーノ フィット プラス 足 足裏 足先 つま先 足首 ふくらはぎ むくみ 疲れ 空気圧 温熱 Type-C充電式 コードレス ギフト 【正規1年間保証】温熱ふくらはぎケア 3段階温熱 9つのポンプ 3種のもみコース 5段階レベル調整 10分オートOFFタイマー 足裏 足先 つま先 足首 健康 むくみ 疲れ 温熱 空気圧 コードレス,"¥11,000",18,https://affiliate.tiktok.com/api/v1/share/AKSqD39YqdMv,1732936954938164367
ビューティー,Nature In【公式】,"Nature In ナイアシンサプリ 30,000mg 100mg/粒 300粒入り 高濃度&大容量 日本製 フラッシュフリー","¥1,990",25,https://affiliate.tiktok.com/api/v1/share/AKSpwwoB1Dzi,1731714273800324933
ビューティー,Nature In【公式】,低分子コラーゲン 約60日分 240粒 2080mg配合 コラーゲンペプチド フィッシュコラーゲン サプリ セラミド コンドロイチン 自然派ブレンド Nature In(ネイチャーイン),"¥1,490〜¥3,490",25,https://affiliate.tiktok.com/api/v1/share/AKSpx164l5RN,1732024107010393925
ビューティー,Nature In【公式】,Nature In  持続型ビオチン 180日分 500ug 90000mcg サプリメント 180粒（1粒500ug×180粒）大容量 Nature In 国内製造 日本製 6ヶ月分 サプリメント 美容 健康 GMP認証,"¥1,990〜¥3,790",25,https://affiliate.tiktok.com/api/v1/share/AKSpwwmszxqa,1732191606938175301
ビューティー,Nature In【公式】,クリルオイル サプリメント,"¥2,990〜¥6,990",25,https://affiliate.tiktok.com/api/v1/share/AKSpwwoBI5Jw,1731714327897474885
ビューティー,Nature In【公式】,Nature In 幸せのトリプトファン︎ 60日分 乳酸菌配合 トリプトファン 1粒200mg×120粒 24000mg配合 はぴねす乳酸菌 & ビタミンB6配合 サプリメント 国内製造 日本製,"¥1,990〜¥5,490",25,https://affiliate.tiktok.com/api/v1/share/AKSpx1652Ktt,1732024099581298501
ビューティー,Nature In【公式】,高濃度ビタミンD3+K2 90日分（90粒×4000IU+180μg） DHA・EPA配合 オメガ3 日本製 国内GMP認定工場 vitamin d k2 Nature In(ネイチャーイン),"¥2,490〜¥6,490",25,https://affiliate.tiktok.com/api/v1/share/AKSpwwmtGt66,1733679137767262021
ビューティー,Nature In【公式】,【高濃度アスタキサンチン 1粒10mg】Nature In(ネイチャーイン) 60日分(60粒) 600mg配合 DHA EPA オメガ3 ビタミンE カプセル サプリメント 国内製造 日本製,"¥2,490〜¥5,990",25,https://affiliate.tiktok.com/api/v1/share/AKSpwwoBZA01,1731844485835032389
ビューティー,Nature In【公式】,【Nature In】ビオリレー BIO RELAY 1日1粒 オールインワン腸活サプリ （60粒入/60日分）6兆個 22種類 ヒト由来 乳酸菌 ビフィズス菌 酢酸菌 酪酸菌 トリプトファン ラフマ ネムノキ イヌリン オリゴ糖 プロバイオティクス プレバイオティクス,"¥2,990〜¥6,990",25,https://affiliate.tiktok.com/api/v1/share/AKSpx165JPC6,1734296590848198469
ビューティー,Nature In【公式】,【100日分のNMN】Nature In(ネイチャーイン) NMN30000mg配合（1粒に300mg） 日本製 高純度99%以上 大容量（100粒） 国内GMP認定工場 日本製,"¥3,990〜¥9,990",25,https://affiliate.tiktok.com/api/v1/share/AKSpwwmtovgt,1731714321527572293
ビューティー,Nature In【公式】,【Nature In】マグネシウムバーム  高濃度  経皮吸収  塩化マグネシウム,"¥1,990〜¥8,970",25,https://affiliate.tiktok.com/api/v1/share/AKSpwwoBqKsb,1733438307636315973
ビューティー,Nature In【公式】,【10%OFF \| TikTok shop限定】Nature In 人気商品セット（マグネシウムバーム / アスタキサンチン / NMN）,"¥8,480",25,https://affiliate.tiktok.com/api/v1/share/AKSpx165rLee,1734396692047169349
ビューティー,Nature In【公式】,Nature In （ネイチャーイン） アスタキサンチン Premium30 900mg サプリ 1日30mg フィトレチノール 35mg【30日分】DHA EPA オメガ3 スーパービタミンE 亜鉛 セラミド 配合 60粒 国内製造,"¥3,990〜¥9,990",18,https://affiliate.tiktok.com/api/v1/share/AL2dugHNEZWf,1735282595256174405
ビューティー,Nature In【公式】,Nature In リポソームビタミンC 1000mg サプリ 1粒250mg 【1袋360粒入/90日分】 国内 GMP 製造 ネイチャーイン,"¥3,490〜¥8,990",18,https://affiliate.tiktok.com/api/v1/share/AL2dy2WXMG7L,1736241273931204421
ビューティー,NEO lifestyle 暮らしを便利に,【国内発送】大好評 即納 次世代モデル SNS話題 脱毛器 こするだけ ナノガラス ネオライフスタイル 脱毛 ガラスリムーバー ガラス脱毛 除毛 無痛 痛くない 毛剃り ムダ毛処理 メンズ レディース 子供 男女 家庭用 自宅 顔 足 腕 摩擦 ツール 角質除去 角質取り 充電不要 送料無料,"¥1,188",13,https://affiliate.tiktok.com/api/v1/share/AKQFevOJyrls,1732665255520797947
ビューティー,NING JP,NING Dermologie  ニング 399 コリアン オーバーナイトマスク ガラス肌効果 保湿・浸透性が良く、美白・シミ改善、引き締め・栄養補給、徹夜によるくすみ改善 寝ている間に保湿フェイスパック \|100g,"¥1,782",22,https://affiliate.tiktok.com/api/v1/share/AKVlvOS4YYHa,1732208179310265755
ビューティー,NING JP,10秒で全身を明るくエクスプレッションズ SPF30PA+++ BBボディクリーム、防水・防汗、保湿、12時間持続メイクアップ,"¥1,980",22,https://affiliate.tiktok.com/api/v1/share/AKVlxMq6HRYI,1733800265760015771
ビューティー,NING JP,10 秒でクリア・フレームレスの完璧ベースメイク\|Expressions SPF50 PA+++ BB スキンケアクリームは、透明感、保湿力、カバー力を持ち、ウォータープルーフ＆スウェットプルーフ対応,"¥1,782〜¥3,580",22,https://affiliate.tiktok.com/api/v1/share/AKVlrtWNWHel,1734276498199446939
ビューティー,NOID,【医師監修/特許技術】NOID マグネシウムバーム［90日分］高吸収 リポソーム 濃縮 海洋深層水 マグネシウム 経皮吸収 ドクターズ マグネシウムクリーム 塩化マグネシウム 国産 MG 塗る 入浴剤 塗る サプリ 肩こり マッサージ 首 腰 スポーツ マッサージクリーム 慢性疲労 疲労回復 マグネシウムオイル ノイド 高濃度 ボディバター,"¥4,784〜¥14,352",9,https://affiliate.tiktok.com/api/v1/share/AKsLVqbUwsev,1734460747168253922
ビューティー,NOID,NOID（ノイド）マグネシウムバスソルト 500g,"¥5,382",9,https://affiliate.tiktok.com/api/v1/share/AKsLVr3iO5BG,1735768555983767522
ビューティー,nooni ヌニ,\[nooni / ヌニ\] アップルリップオイル セット/ オイルティント / リップティント （2本／3本）,"¥3,000〜¥3,990",22,https://affiliate.tiktok.com/api/v1/share/AKSpkiGFdIiC,1733283195355235673
ビューティー,PHOEBE BEAUTY UP,【公式】リッチモイスチャークリームN１（クリーム）フィービー ビューティーアップ,"¥3,850",13,https://affiliate.tiktok.com/api/v1/share/AL2dxDIZhkem,1734375459699787151
ビューティー,PHOEBE BEAUTY UP,【公式】モイスチャーバランスローションN１（化粧水）フィービー ビューティーアップ,"¥3,630",13,https://affiliate.tiktok.com/api/v1/share/AL2dnkRvWP9L,1734375306364880271
ビューティー,PHOEBE BEAUTY UP,【公式】メルティパウダー（フェイスパウダー）フィービー ビューティーアップ,"¥3,520",13,https://affiliate.tiktok.com/api/v1/share/AL2dxDIanqfx,1734375453288990095
ビューティー,PHOEBE BEAUTY UP,【公式】フェムケア モイスチャーオイル（ボディオイル）,"¥3,300",13,https://affiliate.tiktok.com/api/v1/share/AL2dnkRvncZN,1734389369325979023
ビューティー,PHOEBE BEAUTY UP,【公式】スキンケアセット（化粧水＆クリーム）フィービー ビューティーアップ,"¥7,480",13,https://affiliate.tiktok.com/api/v1/share/AL2dxDIcB0tF,1734386706294146447
ビューティー,PHOEBE BEAUTY UP,【公式】セラムショットN（毛穴美容液）フィービー ビューティーアップ,"¥5,390",13,https://affiliate.tiktok.com/api/v1/share/AL2dnkRxRu9u,1734375475631981967
ビューティー,PHOEBE BEAUTY UP,【公式】アイラッシュセラムN2（まつ毛美容液）フィービー ビューティーアップ,"¥5,830",13,https://affiliate.tiktok.com/api/v1/share/AL2dxDIcj7pB,1734387011059942799
ビューティー,Re:MAKE,rom&nd \| ZO&FRIENDS　ザジューシーラスティングティント  (ステッカー付き),"¥1,540",13,https://affiliate.tiktok.com/api/v1/share/AKsLdBP7eyFa,1734890082810955353
ビューティー,Re:MAKE,rom&nd \| ZO&FRIENDS　ジューシーロールチーク&パフセット,"¥1,760",13,https://affiliate.tiktok.com/api/v1/share/AKsLdBJ6EWf8,1734890219201857113
ビューティー,Re:MAKE,rom&nd \| ZO&FRIENDS　ロムアンド ジョアアンドフレンズ グラスティングメルティングバーム(ステッカー付き),"¥1,540",13,https://affiliate.tiktok.com/api/v1/share/AKsLdBk7yXex,1734890291705906777
ビューティー,Re:MAKE,rom&nd x ZO & FRIENDS THE JUICY LASTING TINT 03 Bear Graffe (Keyring Edition) ZOA ティントキャップセット,"¥2,200",13,https://affiliate.tiktok.com/api/v1/share/AKsLdBP9aEFe,1734890370947515993
ビューティー,Re:MAKE,rom&nd x ZO & FRIENDS GLASTING COLOR GLOSS 01 Peony Ballet (Keyring Edition) ZOA ティントリングセット,"¥2,200",13,https://affiliate.tiktok.com/api/v1/share/AKsLdBJ8iA4O,1734890424239556185
ビューティー,Re:MAKE,rom&nd X ZO＆FRIENDS ザジューシーラスティングティント ＤＩＹ セット,"¥1,650",13,https://affiliate.tiktok.com/api/v1/share/AKsLdBk8FfRF,1734890484474938969
ビューティー,Re:MAKE,rom&nd X ZO＆FRIENDS グラスティングカラーグロス( ステッカー付き),"¥1,540",13,https://affiliate.tiktok.com/api/v1/share/AKsLdBP9rJYS,1734890535247251033
ビューティー,Re:MAKE,rom&nd x ZO&FRIENDSコラボ デュアル・ジェリーハイライター,"¥1,650",13,https://affiliate.tiktok.com/api/v1/share/AKsLdBJ9oFHg,1734890772954580569
ビューティー,SILK THE RICH,【公式】SILK THE RICHモイスト＆リペアシリーズ【シルクザリッチ白】,"¥2,260〜¥7,700",12,https://affiliate.tiktok.com/api/v1/share/AKSqB1hQYMt2,1731947157814347157
ビューティー,SILK THE RICH,【公式】SILK THE RICHスカルプ＆リペアシリーズ【 シルクザリッチ 黒 】,"¥2,370〜¥9,140",12,https://affiliate.tiktok.com/api/v1/share/AKSqB1d0foxb,1732877640747943317
ビューティー,tirtir.jp,TIRTIR  マスクフィットレッドクッション SPF40 PA++  72時間持続 密着カバー ツヤ肌 長時間キープ ファンデーション クッションファンデ 韓国コスメ,"¥2,970",25,https://affiliate.tiktok.com/api/v1/share/AKSq1ECKPirR,1732263809155041215
ビューティー,tirtir.jp,TIRTIR マスクフィットクリスタルメッシュクッション  SPF50+ PA++++ 72時間持続 濃密カバー力 グロウカバー ツヤ 高光沢フォーミュラ スキンケア成分 透明感 長時間キープ ファンデーション クッションファンデ 韓国コスメ,"¥2,970",25,https://affiliate.tiktok.com/api/v1/share/AKSq1FjbaEsd,1732296316203927487
ビューティー,tirtir.jp,TIRTIR マスクフィットAIフィルタークッション SPF30 PA++ AIフィルター セミマット カバー力 長時間キープ ファンデーション クッションファンデ 韓国コスメ,"¥2,970",25,https://affiliate.tiktok.com/api/v1/share/AKSq1ECKgaCB,1732296701896853439
ビューティー,tirtir.jp,TIRTIR　マスクフィットデュアルコンシーラー　スティック リキッド  デュアルタイプ コンシーラー 密着力 カバー力  韓国コスメ,"¥1,815",25,https://affiliate.tiktok.com/api/v1/share/AKSq1FjbrGTd,1732410196709836735
ビューティー,tirtir.jp,TIRTIR　マスクフィットメイクアップフィクサー　1日中メイクキープ エアーフィットフィニッシュ　パウダー成分含有 マスク汚れ防止  密着力 メイクキープフィクサー 韓国コスメ,"¥1,650",25,https://affiliate.tiktok.com/api/v1/share/AKSq1ECKxnoO,1732410330061047743
ビューティー,tirtir.jp,TIRTIR  マスクフィットトーンアップエッセンス   韓国コスメ  化粧下地  UV下地  ベースメイク  くすみ  ノンケミカル  下地エッセンス  下地クリーム,"¥2,970",25,https://affiliate.tiktok.com/api/v1/share/AKSq1Fjc8TQY,1733630597695309759
ビューティー,tirtir.jp,TIRTIR マスクフィットトーンアップシリーズ 韓国コスメ  化粧下地  UV下地  ベースメイク  くすみ  ノンケミカル  下地エッセンス  下地クリーム,"¥2,420",25,https://affiliate.tiktok.com/api/v1/share/AKSq1ECLEmhs,1733630836877920191
ビューティー,tirtir.jp,TIRTIR マスクフィットメイクアップクールフィクサー メイクキープスプレー  ミスト  メイクキープ  メイクキープミスト  崩れ防止  韓国コスメ,"¥1,650",25,https://affiliate.tiktok.com/api/v1/share/AKSq1FjcPZAI,1733630989659113407
ビューティー,tirtir.jp,TIRTIR マスクフィットメイクアップオールデイフィクサー メイクキープスプレー  ミスト  メイクキープ  メイクキープミスト  崩れ防止  韓国コスメ,"¥1,320",25,https://affiliate.tiktok.com/api/v1/share/AKSq1ECM41T1,1733631146928277439
ビューティー,tirtir.jp,TIRTIR ウォーターリズムグロウティント プランパー  韓国コスメ  落ちない口紅  潤う  ツヤ  保湿,"¥1,650",25,https://affiliate.tiktok.com/api/v1/share/AKSq1FjcgNHu,1733631528312670143
ビューティー,tirtir.jp,TIRTIR ウォーターリズムグロウティント ティント 15色 韓国コスメ  落ちない口紅  潤う  ツヤ  保湿,"¥1,650",25,https://affiliate.tiktok.com/api/v1/share/AKSq1ECML71S,1733632101476108223
ビューティー,tirtir.jp,TIRTIR ウォーターリズムグロウメルティングバーム　バーム 9色 口紅  韓国コスメ  落ちない口紅  潤う  ツヤ  保湿,"¥1,650",25,https://affiliate.tiktok.com/api/v1/share/AKSq1Fjebt8D,1733632292176955327
ビューティー,tirtir.jp,TIRTIR ウォーターメロウリップバーム　リップバーム 4色 韓国コスメ  落ちない口紅  潤う ツヤ  保湿,"¥1,650",25,https://affiliate.tiktok.com/api/v1/share/AKSq1ECMbvX5,1733632651294050239
ビューティー,tirtir.jp,TIRTIR マスクフィットルビーメッシュクッション　ツヤ 高カバー グロウ PDRNクッション ルビークッション クッションファンデ 韓国コスメ,"¥2,970",25,https://affiliate.tiktok.com/api/v1/share/AKSq1Fjesrtg,1733633086565746623
ビューティー,tirtir.jp,TIRTIR グライド&ハイドブラーリングコンシーラー　2in1 3色 スティック4g  リキッド4g 高カバー 毛穴カバー コンシーラー 韓国コスメ,"¥1,815",25,https://affiliate.tiktok.com/api/v1/share/AKSq1ECMt1T1,1733633342112237503
ビューティー,tirtir.jp,TIRTIR  マスクフィットオールカバーデュアルカラーコンシーラー STICK 4g / TIP 4.5g リキッドコンシーラー  コンシーラースティック  ベースメイク  韓国コスメ,"¥1,815",25,https://affiliate.tiktok.com/api/v1/share/AKSq1Fjk6ub5,1734317809190275007
ビューティー,tirtir.jp,TIRTIR  ムードグライダーリップ&ブラッシュスティック 5色 リップ チーク ティルティル 韓国コスメ,"¥1,980",25,https://affiliate.tiktok.com/api/v1/share/AKSq1ECP5N8E,1734318085570201535
ビューティー,tirtir.jp,TIRTIR プリズムハイライターデュオ  サテン メタリック ツヤ 3Dパール ハイライター アイシャドウ 韓国コスメ,"¥2,640",25,https://affiliate.tiktok.com/api/v1/share/AKSq1Fjkenzy,1734319260036335551
ビューティー,TYMO BEAUTY JP,【TYMO公式】自動巻きカールアイロン CURLPRO｜初心者向け・ワンタッチ全自動カール｜1年保証付き・製品不具合の場合は無料交換｜直径32mmのやや太めの Barrel で、自然でゆるやかなカールに。 約10分でサロン級のカール、360°の熱対策・絡まり防止・左右巻き切り替え、8秒お知らせ機能、マイナスイオン搭載｜ショート・ボブ・ロングに対応,"¥8,999",15,https://affiliate.tiktok.com/api/v1/share/AL2dsMWdDvcw,1734578993180607721
ビューティー,TYMO BEAUTY JP,【TYMO公式】CURLPRO PLUS 自動巻きカールアイロン｜1年保証付き・製品不良時は無料交換｜初心者向け・ワンタッチ全自動オートカーラー・ヘアアイロン／コテ｜32mmロングバレルでロング・超ロングヘアに対応、約5分で頭全体を短時間でスタイリング｜自然なゆる巻き・ふわっとカールに｜360°熱対策設計・絡まり防止・左右巻き切り替え・8秒お知らせ機能・マイナスイオン約6億個搭載｜ショート・ボブ・ロング・超ロングヘア対応の美容家電｜ギフトにもおすすめです,"¥12,999",15,https://affiliate.tiktok.com/api/v1/share/AL2dsMqDormZ,1734590642014422249
ビューティー,TYMO BEAUTY JP,【TYMO公式】AIRBEAM PINK ホットエアブラシ｜1年保証付き・製品不良時は無料交換｜約10〜15分で寝ぐせ・広がりをふんわりサロン風ブローに。初心者でも使いやすい速乾ドライヤーブラシ。マイナスイオン搭載で、ツヤ感・ボリュームアップを1本で叶える美容家電,"¥12,999",15,https://affiliate.tiktok.com/api/v1/share/AL2dsMWe2vvL,1735885678736737513
ビューティー,Wavytalk JP,【Wavytalk公式】マイナスイオンサーマルブラシ38mmヒートブラシロールブラシアイロンLED表示が付いている、異なった髪の毛のタイプのための5段階温度調節コテアイロンヘアアイロンヘアツール,"¥4,499〜¥4,998",9,https://affiliate.tiktok.com/api/v1/share/AKvE70P4KyzO,1731724651022878082
ビューティー,Wavytalk JP,【Wavytalk公式】スチームストレートブラシ、ヘアストレートブラシアイロン、水蒸気でヘアケアのストレートブラシ4つの温度調整機能、ホームサロン用のストレートナーコーム高速加熱、くし型スチームブラシアイロン、デュアル電圧 TikTok Shop限定,"¥8,999",9,https://affiliate.tiktok.com/api/v1/share/AKvEAD38Qf3V,1732486801099818370
ビューティー,Wavytalk JP,【Wavytalk公式】スチームヘアストレートアイロン,"¥8,998〜¥14,000",9,https://affiliate.tiktok.com/api/v1/share/AKvE70PBDIBR,1733534942503929218
ビューティー,アクシージア 公式ショップ,AGTHEORY アクシージア エイジーセオリー クリアウォッシュフォーム 100g ホイップクリームのような泡で肌を優しく包み込むクリームタイプ洗顔料 ハリツヤ成分配合,"¥5,280",13,https://affiliate.tiktok.com/api/v1/share/AKmo1VViUNnq,1731511582499112589
ビューティー,アクシージア 公式ショップ,AGTHEORY アクシージア エイジーセオリー モイスチャライジングローション 100mL 濃密なとろみテクスチャー 整肌 アスコルビルグルコシド配合 美容液のような化粧水,"¥6,820",13,https://affiliate.tiktok.com/api/v1/share/AKmo2N1CYqvs,1731511643847755405
ビューティー,アクシージア 公式ショップ,AXXZIA アクシージア ビューティーアイズ エッセンスシート パウチセット 6セット12枚入り 360°シート アイケア 【ネコポスで発送】,"¥2,350",13,https://affiliate.tiktok.com/api/v1/share/AKmo1VVk8k0P,1731848921912673933
ビューティー,アクシージア 公式ショップ,AXXZIA アクシージア メイトフォーアイズ 目もと美顔器+エッセンスシートマスクセット 充電式 60枚入り 眼輪筋専用 美容液配合 VOCE2023年5月美容グッズ部門第1位,"¥41,580",13,https://affiliate.tiktok.com/api/v1/share/AKmo2N1G8KDh,1731902415595210381
ビューティー,アクシージア 公式ショップ,AXXZIA ヴィーナスレシピ PQリキッド 500mL（50mL×10本）総合美容ドリンク,"¥8,100",13,https://affiliate.tiktok.com/api/v1/share/AKmo1VVniQ62,1734414060016273037
ビューティー,アクシージア 公式ショップ,アクシージア メイト フォーアイズ  EMS LED  コンパクトサイズ  ケア エイジングサイン ハリ  きめ り ポータブル    AXXZIAブランド,"¥33,000",13,https://affiliate.tiktok.com/api/v1/share/AKmo2N1GPOGk,1731395467272881805
ビューティー,アクシージア 公式ショップ,AXXZIA アクシージア ビューティーアイズ エッセンスシート プラス 60 ケア ハリ バチルス アスコルビルグルコシド ローズマリーエキス,"¥5,280",13,https://affiliate.tiktok.com/api/v1/share/AKmo1VVnzR9a,1731510432491013773
ビューティー,アクシージア 公式ショップ,AXXZIA アクシージア ビューティーアイズ エッセンスシート プレミアム リミテッド 360°カバー 60枚入り 両目30回分 独自形状 美容成分豊富 目もと用シート,"¥6,006",13,https://affiliate.tiktok.com/api/v1/share/AKmo2N1GgaSR,1731510722516518541
ビューティー,アクシージア 公式ショップ,AGTHEORY アクシージア エイジーセオリー UVプロテクションクリーム 40g SPF50+ PA++++ ブルーライト対策 スキンケアUV下地 エステタッチ処方,"¥7,150",13,https://affiliate.tiktok.com/api/v1/share/AKmo1VVoGaNW,1731511784105281165
ビューティー,アクシージア 公式ショップ,【クリエイター限定】AGTHEORY　エイジーセオリー UVプロテクションクリーム 40g×２個　特典付きセット,"¥14,800",13,https://affiliate.tiktok.com/api/v1/share/AKmo2N1KG1n0,1735346194664949389
ビューティー,アクシージア 公式ショップ,【クリエイター限定】AXXZIA アクシージア ビューティーアイズ エッセンスシート プレミアム リミテッド  + アクシ-ジア ビコ-ティ-アイズ エッセンスシ-ト プラス,"¥15,620",13,https://affiliate.tiktok.com/api/v1/share/AKmo1VVrqC6A,1735582304385009293
ビューティー,アスガール顆粒＿翌朝スッキリサプリ,アスガール顆粒　オルニチン ビタミンB6 サプリメント,"¥1,790〜¥9,720",15,https://affiliate.tiktok.com/api/v1/share/AKSq7GH7w03H,1733519187723519936
ビューティー,カラコン通販 リリーアンナ,【メーカー公式】【当日発送※平日13時までの注文】michou(ミシュー) 1day 10枚入り カラコン　カラーコンタクト,"¥1,474",15,https://affiliate.tiktok.com/api/v1/share/AKSwcH4Bpp2B,1732644936097892256
ビューティー,カラコン通販 リリーアンナ,【メーカー公式】【当日発送※平日13時までの注文】HARNE (ハルネ) 1day 10枚入り てんちむ（橋本甜歌）プロデュースカラコン　AI級爆ビジュ,"¥1,705",15,https://affiliate.tiktok.com/api/v1/share/AKSwcH3yuacJ,1732644066580531104
ビューティー,カラコン通販 リリーアンナ,【メーカー公式】【当日発送※平日13時までの注文】perse (パース) 1day 10枚入り 『よしミチ』(「ミチ」「よしあき」)プロデュース カラコン,"¥1,705",15,https://affiliate.tiktok.com/api/v1/share/AKSwcH58865u,1732644116459390880
ビューティー,カラコン通販 リリーアンナ,【公式】【当日発送※平日13時までの注文】ProWink(プロウィンク) 1DAY 10枚入り 夢月(むつき)プロデュースカラコン　松本ももなイメージモデル　カラーコンタクト　春のデビュー割開催中　2箱以上まとめて購入で1箱あたり1000円に（通常1350円）　うるみ裸眼風レンズ,"¥1,485",15,https://affiliate.tiktok.com/api/v1/share/AKSwcH4C6tb3,1732549539298379680
ビューティー,カラコン通販 リリーアンナ,【公式】【当日発送※平日13時までの注文】FALOOM(ファルーム) 1day 10枚入り　矢吹奈子（やぶきなこ）プロデュース＆イメージモデルカラコン　期間限定大特価1箱1100円,"¥1,485",15,https://affiliate.tiktok.com/api/v1/share/AKSwcH3zBdfp,1732644670830118816
ビューティー,カラコン通販 リリーアンナ,【メーカー公式】【1month】【DIA:14.8】【当日発送※平日13時までの注文】Mirage14.8(ミラージュ) 1month 2枚入り　みみれむ イメージモデル カラコン,"¥1,650",15,https://affiliate.tiktok.com/api/v1/share/AKSwcH58PKik,1732644834574501792
ビューティー,タングルティーザージャパン,公式 タングルティーザー ザ・オリジナル ノーマル 魔法のブラシ TANGLE TEEZER,"¥2,970",13,https://affiliate.tiktok.com/api/v1/share/AKSpyhlGVFTh,1732547573562901884
キッズ・ベビー,atRise（アットライズ）,【これ一つでまとまる】おむつポーチ 大容量 コンパクト おむつ おしり拭き 着替えバッグ オムツポーチ おむつ入れ ベビー おむつバッグ かわいい 洗える 韓国 ヌビ イブル ポーチ バッグ 赤ちゃん シンプル,"¥2,980〜¥3,480",12,https://affiliate.tiktok.com/api/v1/share/AKSrFiyPjInL,1731793048211850737
キッズ・ベビー,atRise（アットライズ）,【2層構造が魅力！】マザーズリュック バッグ 軽量 大容量 撥水 おしゃれ 背面ポケット ママリュック マザーズリュック 便利 多機能 おしゃれ 子育て ベビーカー マタニティ 哺乳瓶 保温 保冷　ペアレンツバッグ,"¥7,980",12,https://affiliate.tiktok.com/api/v1/share/AKSrFiyRvlPv,1732017616593782257
キッズ・ベビー,atRise（アットライズ）,2WAY ヌビ 哺乳瓶ポーチ 保冷 保温 マグポーチ 刺繍入り 大容量 軽量 ミルク 離乳食 哺乳瓶 ベビー 赤ちゃん 出産祝い 収納 保冷バッグ ポーチ おしゃれ かわいい tecopeco,"¥4,480",12,https://affiliate.tiktok.com/api/v1/share/AKSrCAwprMxX,1732086090516497905
キッズ・ベビー,atRise（アットライズ）,ヌビ ベビーリュック 刺繍入り リュックサック ベビー キッズ 子供 誕生日 出産祝い リュック ギフト tecopeco,"¥4,480",12,https://affiliate.tiktok.com/api/v1/share/AKSrCAwq8EcI,1732099950587250161
キッズ・ベビー,atRise（アットライズ）,哺乳瓶がストローマグに！哺乳瓶付け替えストローパーツ マグ ハンドル付き シリコン ストロー マグ トレーニングマグ クリーナーブラシ セット 赤ちゃん 子供 卒乳 離乳食 出産祝い プレゼント,"¥1,680",12,https://affiliate.tiktok.com/api/v1/share/AKSrFiyvd05e,1732100151919019505
キッズ・ベビー,atRise（アットライズ）,＼NEWカラー登場／6重 ガーゼバスタオル ガーゼタオル ベビー 新生児 赤ちゃん イブル 湯上がり おくるみ タオル 3枚セット 単品 フード付き 正方形 ふわふわ やわらか くすみカラー かわいい お祝い,"¥1,680〜¥4,480",12,https://affiliate.tiktok.com/api/v1/share/AKSrCAwx0X3g,1732123605935162865
キッズ・ベビー,atRise（アットライズ）,滑らないハンガー 大人サイズ  バー付 バー無 すべらないハンガー ハンガー 肩 跡つかない おしゃれ ステンレス 洗濯 ズボン 5〜200本 セット 大人 子供 すべらない 型崩れ防止 省スペース 滑り止め パンツ,"¥1,580〜¥3,480",12,https://affiliate.tiktok.com/api/v1/share/AKSrFiyvtxFv,1732132097677690353
キッズ・ベビー,atRise（アットライズ）,ステップ付き 補助便座 子供 トイレトレーニング トイトレトレーナー トイトレ トイレ 練習 折りたたみ 補助 便座 コンパクト 簡単組み立て 滑り止め付き 踏み台 プレゼント ギフト 自立式 おしゃれ 軽量,"¥3,480",12,https://affiliate.tiktok.com/api/v1/share/AKSrFiyy6WgU,1732149508003825137
キッズ・ベビー,atRise（アットライズ）,おむつストッカー オムツストッカー おしゃれ ショルダーベルト 取手付き 取手外し可能 仕切り おむつ入れ おむつケース おむつバッグ おむつ収納 おむつ整理 大容量 収納 整理ケース ベビー用品,"¥2,480",12,https://affiliate.tiktok.com/api/v1/share/AKSrCAx3bgpV,1732149611719853553
キッズ・ベビー,atRise（アットライズ）,【屋外レジャーやお出かけで活躍】折りたたみ椅子 レジャー アウトドア コンパクト 軽量 イス 折り畳み アウトドア チェア オシャレ 折りたたみチェア 持ち運び キャンプ 椅子 子供 ミニ 携帯 登山 釣り,"¥1,780〜¥1,980",12,https://affiliate.tiktok.com/api/v1/share/AKSrFiz2E899,1732238764067882481
キッズ・ベビー,atRise（アットライズ）,当店オリジナルカラー デスクライト LED 調光 調色 タイマー おしゃれ くすみカラー 学習机 目に優しい 卓上ライト スタンドライト 充電式 折りたたみ コンパクト 勉強 読書 子供,"¥2,100〜¥3,280",12,https://affiliate.tiktok.com/api/v1/share/AKSrFiziqiSH,1732238789738530289
キッズ・ベビー,atRise（アットライズ）,テコペコ  ヒップシート ショルダーバッグ 抱っこバッグ ウエストポーチ 大容量 PU フェイクレザー 赤ちゃん 子供 人気 おしゃれ メンズ 腰サポート付き 滑り止め加工 メッシュ加工,"¥9,800",12,https://affiliate.tiktok.com/api/v1/share/AKSrCAxvVPYE,1732243949732267505
キッズ・ベビー,atRise（アットライズ）,キッズカトラリー スプーンフォーク 食洗機対応 ２点セット カトラリー スプーンフォークセット 子供用 赤ちゃん ベビー キッズ 握りやすい 練習 持ち運び ケース付き 離乳食 出産準備 保育園 ギフト,"¥1,780",12,https://affiliate.tiktok.com/api/v1/share/AKSrCAxwbSPB,1732329617773004273
キッズ・ベビー,atRise（アットライズ）,新商品子供傘 子ども傘 キッズパラソル 無地 シンプル スクール傘 小学生 通学 学校 傘さし登校 梅雨 男の子 女の子 保育園 幼稚園 小学生 入園 入学 お出かけ　小学生用,"¥2,180",12,https://affiliate.tiktok.com/api/v1/share/AKSrCAxx9cg1,1732466331784938993
キッズ・ベビー,atRise（アットライズ）,チェアハグ チェア チェアハグ チェア 赤ちゃん チェア ベルト ホールド お座り 補助 ベルト 転落防止 立ち上がり 抜け出し防止 コンパクト ベビー 離乳食 お食事 ベビーチェア 椅子 肩ベルト サポートベルト 固定,"¥2,280",12,https://affiliate.tiktok.com/api/v1/share/AKSrFizpAxRQ,1732473449107391985
キッズ・ベビー,atRise（アットライズ）,哺乳瓶 ポーチ 保冷 保温 ケース マグポーチ おしゃれ 大容量 軽量 防水 離乳食 ベビー 赤ちゃん 出産祝い 大容量 収納 おしゃれ かわいい,"¥2,480",12,https://affiliate.tiktok.com/api/v1/share/AKSrCAxz4tmg,1732473785501844977
キッズ・ベビー,atRise（アットライズ）,歯固め シリコン 2ヶ月 赤ちゃん 歯がため 新生児 はがため おもちゃ ファーストトイ 食品衛生法 BPAフリー 安心 安全 可愛い 0歳 1歳 3ヶ月 おしゃぶり 指しゃぶり シリコン 洗える ベビー ギフト,"¥1,280",12,https://affiliate.tiktok.com/api/v1/share/AKSrCAy4ItVg,1732700016515384817
キッズ・ベビー,atRise（アットライズ）,靴 消臭 消臭剤 入れるだけ シューズ シューズパウダー 55g 対策 日本製 無香料 スニーカー 革靴 ブーツ パンプス 子供 靴のふりかけ 脱臭 吸湿 抗菌 靴下 スポーツ インソール  靴の臭い消し,"¥2,480",12,https://affiliate.tiktok.com/api/v1/share/AKSrFj0cOjLE,1732718694709233137
キッズ・ベビー,atRise（アットライズ）,くま耳付き 4重ガーゼ ベビーバスローブ ポンチョ バスローブ ベビー キッズ バスタオル フード付き バスポンチョ ワンオペ キッズバスローブ コットン 綿100％ ガーゼ 吸水 子供用 パジャマ 赤ちゃん お風呂 タオル,"¥3,480",12,https://affiliate.tiktok.com/api/v1/share/AKSrCAyeKJre,1732718950642714097
キッズ・ベビー,atRise（アットライズ）,【ふわっとおにぎりを一瞬で！】おにぎりメーカー おにぎり 型抜き  子供 幼児 小さめ ケース 型抜き 6個 型 押し型 おむすび 器 三角 三角おむすび ぬき型 弁当 料理型 道具 キッチン お弁当作り簡単 便利 型枠,"¥1,380",12,https://affiliate.tiktok.com/api/v1/share/AKSrFj0cfmqK,1732719001435670001
キッズ・ベビー,atRise（アットライズ）,プレイウェア お砂場着 洗濯OK 砂場遊び 撥水 遊び着 赤ちゃん キッズ 男の子 女の子 ベビー フロントファスナー 100 110 120 ポーチ付き おしゃれ シンプル かわいい サイズ調整可能 サロペット テコペコ,"¥2,980",12,https://affiliate.tiktok.com/api/v1/share/AKSrCAyesTYF,1732770643249956337
キッズ・ベビー,atRise（アットライズ）,長靴 レインシューズ 14 16 18 20 cm レインブーツ キッズ 女の子 男の子 柔らかい 履きやすい かわいい 雨靴 防災 雪遊び  靴 おしゃれ キッズ ベビー,"¥2,480",12,https://affiliate.tiktok.com/api/v1/share/AKSrFj0f96ij,1732770788506895857
キッズ・ベビー,atRise（アットライズ）,極暖 抱っこ紐 防寒ケープ ケープ 冬 ベビーカー 防寒 抱っこ紐カバー ベビー カバー 抱っこ紐ケープ ブランケット 冬用 秋用 防寒カバー 抱っこひも クリップ ベビーケープ,"¥9,800",12,https://affiliate.tiktok.com/api/v1/share/AKSrCAypsQ2u,1732875509485503985
キッズ・ベビー,atRise（アットライズ）,糸糸\[いとし\]のタオル ミニバスタオル 速乾性 綿100％ 吸水性 高い コンパクトサイズ 子供用 バスタオル フェイスタオル ヘアドライタオル 多目的使用,"¥1,580",12,https://affiliate.tiktok.com/api/v1/share/AKSrFj0fyM7v,1732960101582996977
キッズ・ベビー,atRise（アットライズ）,ランチバッグ お弁当袋 保冷 幼稚園 保育園 小学校 横入れ おしゃれ かわいい すっきり 子ども 子供 弁当袋 お弁当 バッグ 保冷バッグ マチ 広い 小さめ 入園入学 通園 通学 tecopeco,"¥1,980",12,https://affiliate.tiktok.com/api/v1/share/AKSrCAyq9Goz,1733007106799994353
キッズ・ベビー,atRise（アットライズ）,ハンドバッグ ショルダーバッグ レディース 2way 上品 斜めがけ 通勤 フォーマル きれいめ セレモニー 自立 大人 通勤バッグ プレゼント ギフト 高見え ブラック グレージュ アイボリー 斜め掛け 入園式 卒園式 結婚式 忘年会 セレモニーバッグ ポーチセット,"¥6,980",12,https://affiliate.tiktok.com/api/v1/share/AKSrCAyqQSKP,1733007619512567281
キッズ・ベビー,atRise（アットライズ）,6重 沐浴ガーゼ セット タオル ハンカチ 6枚セット ベビー 赤ちゃん 新生児 ガーゼタオル ガーゼハンカチ 沐浴布 湯上り 綿100％ 吸水速乾 ガーゼ 保育園 幼稚園 くすみカラー 大 小 敏感肌 ふんわり,"¥1,980",12,https://affiliate.tiktok.com/api/v1/share/AKSrCAzLm6rm,1733216493289833969
キッズ・ベビー,atRise（アットライズ）,防水シート マット 滑り止め付き おもらし 対策 カバー チャイルドシート ベビーカー 防水マット 食べこぼし パッド パット 赤ちゃん ベビー キッズ 子供 トイトレ おねしょ,"¥1,780",12,https://affiliate.tiktok.com/api/v1/share/AKSrCAzM34OJ,1733351551340348913
キッズ・ベビー,atRise（アットライズ）,ベビーベッド マットレス 洗える ベビー マットレス 60x90cm 70x120cm 敷布団 軽い 高反発 ベビー布団 ふとん ベッド 折りたたみ 保育園 幼稚園 持ち運び お祝い 赤ちゃんマットレス お昼寝マット 布団,"¥6,980〜¥8,980",12,https://affiliate.tiktok.com/api/v1/share/AKSrCAzMs7C7,1733516712027850225
キッズ・ベビー,atRise（アットライズ）,＼トイレに行きたくなる／補助便座 折りたたみ 携帯 収納 便座 トイレ おまる 便利 吸盤 吸盤付き トイレ 練習 トイレトレーニング トイレ補助 かわいい 男の子 女の子 子供 新商品,"¥1,480",12,https://affiliate.tiktok.com/api/v1/share/AKSrFj1FzclN,1733590208576718321
キッズ・ベビー,atRise（アットライズ）,【ショルダーバッグにもなる】ベビーカー アンダーバッグ マザーズバッグ トートバッグ ショルダーバッグ 斜めがけ レディース 取り付け簡単 大容量 おしゃれ 2way おしゃれ 多用途 出産祝い 収納バッグ ベビーカーバッグ,"¥4,480",12,https://affiliate.tiktok.com/api/v1/share/AKSrFj1GXj2P,1733709167605679601
キッズ・ベビー,atRise（アットライズ）,粉洗剤 洗濯洗剤 つけ置き 洗剤 布ナプキン うんち ベビー ミルクじみ 赤ちゃん 血液汚れ 血液 しみ抜き 布おむつ 洗濯用洗剤 粉 ギフト 出産祝い 内祝い 誕生日祝い 粉末 つけおき 付け置き,"¥2,280〜¥4,480",12,https://affiliate.tiktok.com/api/v1/share/AKSrGtUFfHRh,1734015493545231857
キッズ・ベビー,atRise（アットライズ）,スリーパー フランネル 冬 冬用 赤ちゃん 新生児 ベビー キッズ 着る毛布 内側ガーゼ 防寒 横開き 2WAY ふわふわ もこもこ あったか 厚手 tecopeco,"¥2,980",12,https://affiliate.tiktok.com/api/v1/share/AKSrFj1ugpsR,1734080055627384305
キッズ・ベビー,atRise（アットライズ）,3WAY ボストンバッグ 40L 大容量 軽量 ナイロン 修学旅行 林間学校 子供 小学生 中学生 高校生 ショルダーバッグ 肩掛け リュック ボストン バッグ 1泊 2泊 旅行 スポーツ おしゃれ レディース,"¥5,980",12,https://affiliate.tiktok.com/api/v1/share/AKSrGtUK41Ae,1734198805202372081
キッズ・ベビー,atRise（アットライズ）,ミルクウォーマー 哺乳瓶 保温 赤ちゃん 充電式 USB 持ち運び 大容量 加熱 ボトルウォーマー 缶対応 コードレス ミルク ウォーマー ベビー ホット,"¥6,980",12,https://affiliate.tiktok.com/api/v1/share/AKSrFj1wLEDF,1734409857243579889
キッズ・ベビー,atRise（アットライズ）,新商品【レジカゴが入る】ベビーカーバッグ ドリンクホルダー 買い物かご レジカゴ 大容量 ベビーカー用バッグ アンダーバッグ ハンモック シンプル 無地 ベビーカー 小物入れ 収納 ポーチ 便利 軽量 おしゃれ 簡単 取り付け,"¥4,480",12,https://affiliate.tiktok.com/api/v1/share/AKSrFj1wtLMO,1734444509221651953
キッズ・ベビー,atRise（アットライズ）,新商品レッスンバッグセット 入学バッグセット 撥水 撥水加工 入学準備 巾着 巾着袋 体操服入れ 体操着袋 コップ袋 上履き入れ シューズバッグ お弁当袋 マチ付き 手提げバッグ 小学校 保育園 男の子 女の子,"¥6,280",12,https://affiliate.tiktok.com/api/v1/share/AKSrGtUN5jYZ,1734445798568986097
キッズ・ベビー,atRise（アットライズ）,2WAY補助便座 子供 トイレトレーニング トイトレ トイレ 練習 折りたたみ おまる ステップ 補助 便座 コンパクト 簡単組み立て 滑り止め付き 踏み台 プレゼント ギフト 自立式 おしゃれ 軽量,"¥4,480",12,https://affiliate.tiktok.com/api/v1/share/AKSrGtUl0zaA,1734967941420451313
キッズ・ベビー,emo’s store エアラブ公式,\[公式\] エアラブ4+ ドーナッツ \| airluv4+ donut 送風機付きクールシート,"¥9,440〜¥13,024",8,https://affiliate.tiktok.com/api/v1/share/AKSprwGXZPpt,1731625192020084012
キッズ・ベビー,emo’s store エアラブ公式,\[公式\] エアラブ4+ オレオ \| airluv4+ oreo 送風機付きクールシート,"¥15,840〜¥19,424",8,https://affiliate.tiktok.com/api/v1/share/AKSprwmZlXuu,1731634323544638764
キッズ・ベビー,emo’s store エアラブ公式,\[公式\] エアラブ4+ ロリポップ \| airluv4+ lollipop 送風機付きクールシート,"¥11,840〜¥15,424",8,https://affiliate.tiktok.com/api/v1/share/AKSpy8TfZGHZ,1731635752860353836
キッズ・ベビー,SOWAN（ソワン）,【2タイプ選べる】ナイトキャップ シルク 日本製 レディース ロングヘア ショートヘア 子供 寝癖 毛先 かわいい 跡つかない おしゃれ 筒形 外れにくい 綿 保湿 睡眠 就寝,"¥2,420〜¥3,030",15,https://affiliate.tiktok.com/api/v1/share/AKSowVN67dsL,1735246331347896222
キッズ・ベビー,SOWAN（ソワン）,3足セット オーガニックコットン ベビーレッグウォーマー,"¥1,640",15,https://affiliate.tiktok.com/api/v1/share/AKSowVN6Oag9,1731653623193438110
キッズ・ベビー,SOWAN（ソワン）,【日本製】2枚セット　つけ襟 スタイ 360度 360°フリル 赤ちゃん 男の子 女の子 パイルコットン よだれかけ よだれカバー ブランド 吸水力 サイズ調整 おしゃれ かわいい タオル地 お宮参り ベビー 新生児 出産準備 出産祝い ビブ ギフト セット くるくる よだれが多い 子,"¥1,640",15,https://affiliate.tiktok.com/api/v1/share/AKSp95mUn5hT,1731653733580769182
キッズ・ベビー,SOWAN（ソワン）,【日本製】 ガーゼ スリーパー 春夏 寝るとき キルト コットン 二重 0歳 1歳 2歳 3歳 薄手 綿 ベビー キッズ 赤ちゃん 新生児 おしゃれ 韓国風 子供 子ども 出産祝い 男の子 女の子 前開き 60 70 80 90 100 パジャマ ギフト ベビー服 子供服,"¥2,610〜¥2,850",15,https://affiliate.tiktok.com/api/v1/share/AKSowVN8K2zW,1731653742592165790
キッズ・ベビー,SOWAN（ソワン）,【日本製】くすみカラー オーガニックコットン ベビー レギンス 70 80 90 100 110 120 春夏 秋冬 長ズボン 保育園着 幼稚園 入園 通園 ズボン 子供服 女の子 男の子 キッズ 赤ちゃん 履きやすい ゆったり おすすめ ストレッチパンツ レギパン スパッツ シンプル ベビー服,"¥1,640",15,https://affiliate.tiktok.com/api/v1/share/AKSowVN8s9Fg,1731907666279761822
キッズ・ベビー,SOWAN（ソワン）,夏でも履ける 薄手の デニム ベビー キッズ レギンス 綿 70 80 90 100 110 120 日本製 ベビー服 子供服 春夏 夏用 ストレッチパンツ レギパン スパッツ シンプル 韓国風 長ズボン キッズ 赤ちゃん 保育園着 幼稚園 入園 通園服 女の子 男の子 ゆったり おすすめ 履きやすい,"¥1,640",15,https://affiliate.tiktok.com/api/v1/share/AKSowVNBLTzL,1731936357861525406
キッズ・ベビー,SOWAN（ソワン）,【2枚セット】くすみカラー オーガニックコットン キッズ 1分丈 スパッツ パンツ  保育園着 かわいい ボクサーパンツ キッズ 男の子 女の子 男女兼用 ショートパンツ ボクサーパンツ インナーパンツ アンダーウェア 幼稚園 深履き 綿100 子供 入園準備,"¥1,640",15,https://affiliate.tiktok.com/api/v1/share/AKSp95mY5frG,1731957263657633694
キッズ・ベビー,SOWAN（ソワン）,【日本製】モクティ ベビー キッズ パジャマ 半袖 薄手 春夏 80 90 100 110 120 130 綿 男の子 女の子 おしゃれ かわいい 可愛い 部屋着 子供 子ども こども コットン 保育園 1歳 2歳 3歳 4歳,"¥2,850",15,https://affiliate.tiktok.com/api/v1/share/AKSowVNCRZh1,1732030361985320862
キッズ・ベビー,SOWAN（ソワン）,柔らかいから動きやすい しっとり天竺パンツ 涼しい 綿100 夏用 保育園 幼稚園 入園 ズボン 子供服 男の子 女の子 キッズ 赤ちゃん 日本製 履きやすい ストレッチパンツ ゆったり ベビー服 通園 レギンス,"¥1,770",15,https://affiliate.tiktok.com/api/v1/share/AKSp95maIEMv,1732030914440300446
キッズ・ベビー,SOWAN（ソワン）,【帽子付き】日本製 春夏 春用 スワドル おくるみ パターン メッシュ 綿100％ すわどる ベビー 赤ちゃん あかちゃん オールシーズン 韓国風 スリーパー 0～3ヶ月 新生児 出産準備 出産祝い 寝かしつけ モロー反射 ガーゼおくるみ 通院 ギフト プレゼント 男の子 女の子,"¥3,700",15,https://affiliate.tiktok.com/api/v1/share/AKSp95nsaPHQ,1732303255894656926
キッズ・ベビー,SOWAN（ソワン）,日本製 春 夏 パターンメッシュ つけ襟ロンパース 襟 付き 半袖 春服 薄手 60 70 80 90 肌着 保育園着 幼稚園 入園 通園 子供服 女の子 かわいい 男の子 ベビー服 赤ちゃん おしゃれ シンプル 新生児 白 足なし 無地 綿100% 出産準備 出産祝い こども服,"¥1,770",15,https://affiliate.tiktok.com/api/v1/share/AKSowVOEEu4k,1732309670920161182
キッズ・ベビー,SOWAN（ソワン）,日本製 2枚セット tubutubu つけ襟 スタイ 360度 360°くるくる 男の子 女の子 フリル 赤ちゃん くすみカラー パイルコットン よだれかけ スタイ おしゃれ かわいい 韓国風 タオル地 お宮参り ベビー 出産準備 出産祝い ビブ ギフト セット 食事 保育園着 ベビー服,"¥1,770",15,https://affiliate.tiktok.com/api/v1/share/AKSp95nsrVLz,1732309917526886302
キッズ・ベビー,SOWAN（ソワン）,【帽子付き】日本製 春夏 春用 キルティング コットン スワドル おくるみ 綿100％ すわどる ベビー 赤ちゃん あかちゃん オールシーズン 韓国風 スリーパー 0～3ヶ月 新生児 出産準備 出産祝い 寝かしつけ モロー反射 通院 ギフト プレゼント 男の子 女の子,"¥2,490〜¥3,100",15,https://affiliate.tiktok.com/api/v1/share/AKSowVOEnBk8,1732357869949061022
キッズ・ベビー,SOWAN（ソワン）,スタイ 女の子 男の子 2枚セット 日本製 tubutubutu リブ つけ襟 360度 360°フリル 赤ちゃん よだれかけ よだれカバー ブランド おしゃれ かわいい お宮参り ベビー 新生児 出産準備 出産祝い ビブ ギフト セット くるくる よだれが多い 子 リブ ベビー服,"¥1,890",15,https://affiliate.tiktok.com/api/v1/share/AKSowVOIdhPp,1732840986998704030
キッズ・ベビー,SOWAN（ソワン）,スタイ 女の子 男の子 2枚セット 日本製 オーガニックコットン つけ襟 360度 360°フリル 赤ちゃん よだれかけ よだれカバー ブランド おしゃれ かわいい お宮参り ベビー 新生児 出産準備 出産祝い ビブ ギフト セット くるくる よだれが多い 子 リブ ベビー服,"¥1,890",15,https://affiliate.tiktok.com/api/v1/share/AKSp95nvbuHx,1732852370900617118
キッズ・ベビー,SOWAN（ソワン）,numa-men コットン レギンス 70 80 90 100 110 120 日本製 秋冬 冬用 長ズボン 保育園着 幼稚園 入園 通園 ズボン 子供服 女の子 男の子 キッズ 赤ちゃん 韓国風 履きやすい ゆったり おすすめ ストレッチパンツ レギパン スパッツ シンプル ベビー服 かわいい,"¥1,770",15,https://affiliate.tiktok.com/api/v1/share/AKSp95nxoQGV,1733288919239657374
キッズ・ベビー,SOWAN（ソワン）,キルティング コットン パジャマ 綿100 長袖 キッズ 子供 子ども こども ベビー 赤ちゃん 秋冬 冬用 女の子 男の子 ガールズ ボーイズ ルームウェア 上下 きっず かわいい おしゃれ 腹巻き 付き おまけ 無地 やわらか 80 90 100 110 韓国風 贈り物 キルト 幼児 日本製,"¥2,610〜¥2,850",15,https://affiliate.tiktok.com/api/v1/share/AKSowVOSGNFU,1733418131405047710
キッズ・ベビー,SOWAN（ソワン）,肌着屋さんが作った スリーパー 秋冬 冬用 寝るとき 新生児 ベビー キッズ 赤ちゃん あったかい 男の子 女の子 子供 子ども 新生児 出産祝い 日本製 前開き 70 80 90 100 着る毛布 ベスト パジャマ ギフト,"¥3,820〜¥4,180",15,https://affiliate.tiktok.com/api/v1/share/AKSowVP7VqB1,1733420311516514206
キッズ・ベビー,SOWAN（ソワン）,遠赤外線 リブ編み ネックウォーマー レディース メンズ キッズ 冬 温かい スヌード マフラー 柔らかい ゆったり 洗える アイボリー おしゃれ 女の子 男の子 かわいい 苦しくない 日本製 伸びる 男女兼用 防寒,"¥2,420",15,https://affiliate.tiktok.com/api/v1/share/AKSp95oPrEJt,1733554565273520030
キッズ・ベビー,SOWAN（ソワン）,【1～2枚セット】 日本製 もっちり シルク ネックウォーマー レディース メンズ 薄手 薄い 睡眠 おしゃれ かわいい 暖かい おやすみ 就寝 寝るとき 喉 首 フィット ルームウェア 敏感 肌 綿 肌 女の子 キッズ 男の子 コットン 秋冬 冬用 オールシーズン,"¥1,520〜¥2,180",15,https://affiliate.tiktok.com/api/v1/share/AKSp95oVMDDU,1734417297366681502
キッズ・ベビー,SOWAN（ソワン）,【1～2枚セット】 日本製 もっちり オーガニックコットン ネックウォーマー レディース メンズ 薄手 薄い 睡眠 おしゃれ かわいい 暖かい おやすみ 就寝 寝るとき 喉 首 フィット ルームウェア 敏感 肌 綿 肌 女の子 キッズ 男の子 コットン 秋冬 冬用 オールシーズン,"¥1,400〜¥1,890",15,https://affiliate.tiktok.com/api/v1/share/AKSowVPCBXFT,1734417497743198110
キッズ・ベビー,SOWAN（ソワン）,【2枚セット】 フリルカラー スタイ エイトロック 女の子 男の子 日本製 コットン つけ襟 360度 360°フリル 赤ちゃん よだれかけ よだれカバー ブランド おしゃれ かわいい お宮参り ベビー 新生児 出産準備 出産祝い ビブ ギフト くるくる よだれが多い 子 リブ ベビー服,"¥1,880",15,https://affiliate.tiktok.com/api/v1/share/AKSp95oVdK4j,1734425016188372894
キッズ・ベビー,SOWAN（ソワン）,【日本製】tubutubu おくるみ ブランケット 赤ちゃん 新生児 ベビー 退院 冬用 涼しい コットン かわいい おしゃれ ガーゼケット 秋冬 生まれ お宮参り 男の子 女の子 大判 伸縮性 出産祝い 正方形 ニューボーン フォト 寝かしつけ ギフト ひざ掛け 保育園 薄手 韓国風,"¥2,550",15,https://affiliate.tiktok.com/api/v1/share/AKSp95pAKSoR,1734425119440275358
キッズ・ベビー,SOWAN（ソワン）,1～2枚セット アラン柄 スタイ 女の子 男の子 日本製 コットン つけ襟 360度 360°フリル 赤ちゃん よだれかけ よだれカバー ブランド おしゃれ かわいい お宮参りベビー服 新生児 出産準備 出産祝い ビブ ギフト セット くるくる よだれが多い 子 リブ 綿,"¥1,400〜¥2,010",15,https://affiliate.tiktok.com/api/v1/share/AKSowVPbD625,1734439099826276254
キッズ・ベビー,SOWAN（ソワン）,【日本製】サスペンダー レギンス マシュマロ ベビー服 子供服 女の子 男の子 サロペット パンツ 赤ちゃん 可愛い 秋冬 冬用 新生児 幼児 保育園,"¥2,130",15,https://affiliate.tiktok.com/api/v1/share/AKSp95pAbeGI,1734439176998389662
キッズ・ベビー,SOWAN（ソワン）,【帽子付き】日本製 秋冬 冬用 tubutubuネップ スワドル 綿100％ すわどる すわドル ベビー 赤ちゃん あかちゃん オールシーズン 韓国風 スリーパー 0～3ヶ月 新生児 出産準備 出産祝い 寝かしつけ モロー反射 ガーゼおくるみ 通院 ギフト プレゼント 男の子 女の子,"¥3,340",15,https://affiliate.tiktok.com/api/v1/share/AKSowVPblHTd,1734444001980942238
キッズ・ベビー,SOWAN（ソワン）,【3足セット】tubutubuネップ リブ編み ベビー レッグウォーマー ゆったり 赤ちゃん キッズ こども 子供 日本製 春夏 冬用 子ども 暖かい 綿 温活 薄手 おしゃれ 新生児 男の子 女の子 かわいい 締め付けない 就寝 睡眠 日本製 ベビー服,"¥1,640",15,https://affiliate.tiktok.com/api/v1/share/AKSp95pCo1Bm,1734495097416353694
キッズ・ベビー,SOWAN（ソワン）,tapupu ロンTEE パンツ セットアップ ベビー キッズ 保育園着 パジャマ ルームウェア,"¥2,180〜¥2,910",15,https://affiliate.tiktok.com/api/v1/share/AKSowVPc2DQg,1734568519734364062
キッズ・ベビー,SOWAN（ソワン）,【2枚セット】オーガニックコットン キッズ 1分丈 スパッツ パンツ かわいい ボクサーパンツ キッズ 男の子 女の子 男女兼用 ショートパンツ ボクサーパンツ インナーパンツ アンダーウェア 幼稚園 保育園 小学校 中学校 通学 学生 深履き 綿100 子供 110 120 130 140,"¥1,770",15,https://affiliate.tiktok.com/api/v1/share/AKSowVPcaIK5,1734849462286321566
キッズ・ベビー,SOWAN（ソワン）,【日本製】テレコ コットン ベビー レギンス 70 80 90 100 110 120 秋冬 長ズボン 保育園着 幼稚園 入園 通園 ズボン 子供服 女の子 男の子 キッズ 赤ちゃん 履きやすい ゆったり おすすめ ストレッチパンツ レギパン スパッツ シンプル ベビー服,"¥1,640",15,https://affiliate.tiktok.com/api/v1/share/AKSp95pDd7Zl,1734851818839771038
キッズ・ベビー,SOWAN（ソワン）,ボーダー オーガニックコットン ベビー レギンス 70 80 90 100 110 120 秋冬 保育園着 幼稚園 入園 通園 ズボン 韓国風 女の子 男の子　ベビー服 子供服 キッズ 赤ちゃん レギパン スパッツ 長ズボン シンプル 日本製 履きやすい ゆったり おすすめ ストレッチパンツ,"¥1,770",15,https://affiliate.tiktok.com/api/v1/share/AKSp95pDuEFw,1734945783531931550
キッズ・ベビー,SOWAN（ソワン）,日本製 春 夏 春夏用 パターンメッシュ つけ襟 ロンパース オーガニックコットン 襟 付き 長袖 春服 薄手 60 70 80 90 肌着 保育園着 幼稚園 入園 通園 子供服 女の子 かわいい 男の子 ベビー服 赤ちゃん おしゃれ シンプル 新生児 足なし 綿100% 出産準備 出産祝い,"¥2,130",15,https://affiliate.tiktok.com/api/v1/share/AKSp95pEBG36,1734947068057978782
キッズ・ベビー,SOWAN（ソワン）,リネンコットン ベビー レッグウォーマー 日本製 春夏 春用　夏用 オールシーズン 新生児 男の子 女の子  日本製 かわいい 締め付けない 就寝 睡眠 赤ちゃん キッズ 子供 子ども 暖かい 麻 綿 温活 ふくらはぎ 温める おしゃれ メール便送料無料,¥920,15,https://affiliate.tiktok.com/api/v1/share/AKSp95pFpeYo,1735027466227124126
キッズ・ベビー,SOWAN（ソワン）,【日本製】tubutubu ネップ コットン ベビー レギンス 70 80 90 100 110 120 春 夏 春夏用 春服 夏服 長ズボン 保育園着 幼稚園 入園 通園 ズボン 子供服 女の子 男の子 キッズ 赤ちゃん 履きやすい ゆったり おすすめ ストレッチパンツ レギパン スパッツ シンプル ベビー服,"¥1,770",15,https://affiliate.tiktok.com/api/v1/share/AKSowVPjSXUP,1735028009157953438
キッズ・ベビー,SOWAN（ソワン）,【日本製】3足セット オーガニックコットン 太リブ ベビー レッグウォーマー ゆったり 赤ちゃん キッズ こども 子供 日本製 春夏 夏用 子ども 暖かい 綿 温活 薄手 おしゃれ 新生児 男の子 女の子 かわいい 締め付けない 就寝 睡眠 日本製 ベビー服,"¥1,640",15,https://affiliate.tiktok.com/api/v1/share/AKSowVPk0mKq,1735042078808835998
キッズ・ベビー,SOWAN（ソワン）,くすみカラーパイルコットン 抱っこ紐 よだれカバー よだれパッド おしゃれ かわいい 男の子 女の子 タオル地 お宮参り ベビー 出産祝い 赤ちゃん ギフト セット 食事 保育園着 韓国風,"¥1,520",15,https://affiliate.tiktok.com/api/v1/share/AKSp95phKZeT,1735042621003040670
キッズ・ベビー,SOWAN（ソワン）,【日本製】サスペンダー レギンス tubutubuネップ リンクス柄 ベビー服 子供服 女の子 男の子 サロペット パンツ 赤ちゃん 可愛い 春夏 夏用 新生児 幼児 保育園,"¥2,130",15,https://affiliate.tiktok.com/api/v1/share/AKSowVQ7emyP,1735042743585572766
ファッション,Falami,目元パック ヒアルロン酸パッチ ニードルパッチ\[12回分\] コラーゲンとマイクロニードル 2in1パッチ 目の下 眉間 口元 目元ケア 男性用 女性用,"¥2,680〜¥4,280",13,https://affiliate.tiktok.com/api/v1/share/AL2drn02Ij5L,1731706754416281293
ファッション,Falami,目元パック ニードルパッチ ヒアルロン酸 \[6回分\]目元ケア マイクロニードル 目の下パッチ 口元 眉間 女性用 男性用,"¥2,680〜¥3,980",13,https://affiliate.tiktok.com/api/v1/share/AL2doxEL1Y75,1731753443039086285
ファッション,Falami,目元パック ニードルパッチ ヒアルロン酸パッチ \[CICA配合\]マイクロにドール 目元ケア 3回分6枚入 口元 眉間 目の下 目元ケア 口元 男女兼用 iFala,"¥1,880〜¥2,580",13,https://affiliate.tiktok.com/api/v1/share/AL2drn05sHuP,1731753555181602509
ファッション,Falami,iFala 眼科医監修 スポーツサングラス メンズ レディース\[偏光×調光・UV99％カット\] スポーツサングラス 自転車 運転 釣り ドライバ ゴルフ バイク 野球 ランニング テニス スキー 登山 超軽量 偏光サングラス レディース レザー収納ポーチ 取扱説明書付き お得な7点セット,"¥2,680〜¥2,980",13,https://affiliate.tiktok.com/api/v1/share/AL2doxEM7oSV,1732024896987039437
ファッション,Falami,iFala 眼科医監修 サングラス メンズ レディース【Poco'ce雑誌掲載・偏光×調光レンズ】 UV400  紫外線99％カットサングラス  釣り ゴルフ 運転用 ドライブ スポーツサングラス 野球 ランニング おしゃれ 軽量 レザー収納ポーチ お得な7点セット 取扱説明書付き,"¥2,680〜¥3,180",13,https://affiliate.tiktok.com/api/v1/share/AL2drn069NW1,1732248318298195661
ファッション,Falami,iFala 眼科医監修 サングラス メンズ レディース【小顔見え・美肌師監修】調光偏光 UV400 紫外線カット 運転用 ドライブ ゴルフ 釣り スポーツ アウトドア おしゃれ 軽量 丸サングラス 変色 レザー収納ポーチ付き 7点セット,"¥2,680〜¥3,080",13,https://affiliate.tiktok.com/api/v1/share/AL2doxEMx8Nv,1732381617271178957
ファッション,Falami,iFala 眼科医監修 調光サングラス ブルーライトカットメガネ【1本3役・JIS規格・国内検査機関試験済】UV400 紫外線99%カット 伊達メガネ PCメガネ 度なし メンズ レディース 釣り ドライブ ゴルフ スポーツ アウトドア スマートグラス,"¥2,780〜¥3,180",13,https://affiliate.tiktok.com/api/v1/share/AL2drn06yUCh,1733342072059037389
ファッション,Falami,【Poco'ce雑誌掲載・調光偏光サングラス】サングラス メンズ レディース UV400 サングラス 釣り ゴルフ 運転用 ドライブ スポーツサングラス 野球 ランニング おしゃれ 軽量 レザー収納ポーチ 取扱説明書付き お得な7点セット,"¥2,680〜¥3,080",13,https://affiliate.tiktok.com/api/v1/share/AL2doxENV6lV,1735010869967357645
ファッション,Falami,iFala 眼科医監修 偏光調光サングラス【日本人向け設計・紫外線99％カット・安心半年返金保証 】メンズ レディース 運転用 ドライブ ゴルフ 釣り スポーツ ランニング 野球 おしゃれ 軽量,"¥2,680〜¥2,980",13,https://affiliate.tiktok.com/api/v1/share/AL2drn07FWei,1736015008262424269
ファッション,LASIEM,LASIEM 本革バイカラーベルト二つ折り財布 引き手二タイプ付き,"¥5,980",14,https://affiliate.tiktok.com/api/v1/share/AKYAqQn6FbhX,1732071717610489328
ファッション,LASIEM,LASIEM ショルダーバッグ レディース ナイロン 大人 軽量 本革 ミニボストン ミニショルダーバッグ ボストンバッグ ペットボトルが入る 撥水 バッグチャーム ショルダー ベルト付 上品 おしゃれ きれいめ ブランド,"¥12,800",14,https://affiliate.tiktok.com/api/v1/share/AKYAqRB3ht2l,1733291191218767344
ファッション,LASIEM,ショルダーバッグ レディース 本革 大人 軽量 ミニボストン 斜めがけ 肩掛け 小さめ ペットボトルが入る ハンドバッグ　ミニショルダーバッグ ハンドバッグ  バッグチャーム ショルダーストラップ ベルト付 かわいい 上品 おしゃれ きれいめ ブランド クリスマス,"¥14,800",14,https://affiliate.tiktok.com/api/v1/share/AKYAqQRhSWKB,1733291211336877552
ファッション,LASIEM,LASIEM 本革お財布ショルダーバッグ お財布機能付き,"¥10,980",14,https://affiliate.tiktok.com/api/v1/share/AKYAqQ7R4FBx,1733294641612883440
ファッション,LASIEM,LASIEM 本革キューブバッグ スカーフ付き レディース ハンドバッグ トートバッグ バッグインバッグ付 ショルダーストラップ付,"¥12,800〜¥13,800",14,https://affiliate.tiktok.com/api/v1/share/AKYAqQnF36dU,1733294666130228720
ファッション,LASIEM,LASIEM メタリック長財布 長財布 レディース 小さい長財布 小さめ 財布 短い長財布 短い 本革,"¥7,980",14,https://affiliate.tiktok.com/api/v1/share/AKYAqRBFFr9Q,1733294709363344880
ファッション,LASIEM,LASIEM メッシュハンカチポーチ メッシュ タオル ハンカチ ポーチ 濡れたハンカチ,"¥1,980",14,https://affiliate.tiktok.com/api/v1/share/AKYAqQRpiBBI,1733418907226113520
ファッション,LASIEM,LASIEM マルチポーチ キーケース ティッシュケース付き,"¥3,280",14,https://affiliate.tiktok.com/api/v1/share/AKYAqQ7aPuJd,1733418975570593264
ファッション,LASIEM,LASIEM 大容量自立メイクポーチ メイクポーチ　大容量　メイク,"¥3,480",14,https://affiliate.tiktok.com/api/v1/share/AKYAqQnK0AIe,1733419030828778992
ファッション,LASIEM,LASIEM 本革リップケース 鏡付き リップ ケース 本革 口紅ケース 口紅入れ 化粧ポーチ,"¥1,780",14,https://affiliate.tiktok.com/api/v1/share/AKYAqRBO3Xfs,1733462692991108592
ファッション,LASIEM,ミニ財布 レディース 三つ折り財布 財布 三つ折り 本革 革 レザー 小さい財布 コンパクト ミニウォレット ブランド 小銭入れ かわいい おしゃれ カードケース ミニ 鍵 コインケース カード入れ スリム 薄い 薄型 プレゼント,"¥2,980",14,https://affiliate.tiktok.com/api/v1/share/AKYAqQS3BMhV,1733462832297969136
ファッション,LASIEM,バイカラー ベルト 三つ折り財布 ミニ財布 小さい財布 三つ折り コンパクト ミニウォレット お財布 レディース財布 本革 革 レザー ブランド 薄い ミニ 折りたたみ財布 使いやすい 小さめ スキミング防止 小銭入れ かわいい おしゃれ  シンプル財布 レディース,"¥3,580",14,https://affiliate.tiktok.com/api/v1/share/AKYAqQ7h12NM,1733462872506336752
ファッション,LASIEM,＼上向き顔へ／美顔スティック ツボ押し 顔 ツボ押し棒 かっさ テラヘルツ 筋膜リリース マッサージ 顔ツボ棒 ペン型美顔器 トリガーポイント 指圧棒 小顔 美顔 美顔器 コリほぐし 表情筋 ほうれい線 むくみ フェイスライン クマ リフトアップ,"¥1,580〜¥1,780",14,https://affiliate.tiktok.com/api/v1/share/AKYAqQnW65lb,1733506667206182384
ファッション,LASIEM,かっさプレート 美顔器 テラヘルツ 美顔 美容 美肌 美人 かっさ 頭皮マッサージ リンパマッサージ カッサ カッサプレート 突起 健康 ツボ押し つぼ押し 温熱 温かい お風呂 リンパ 持ち運び 便利 顔 頭 腕 足 脚 手 かっさマッサージ,"¥1,980",14,https://affiliate.tiktok.com/api/v1/share/AKYAqRBW1tTq,1733506668257773040
ファッション,LASIEM,財布 メンズ ミニ財布 二つ折り小さい財布 コンパクト コインケース レディース カードケース 本革 小さい レザー じゃばら カード入れ 小銭入れ お札折らない 折りたたみ ミニウォレット 本革ミニ財布 カードたくさん スキミング防止 革 父の日 実用的 プレゼント,"¥3,490",14,https://affiliate.tiktok.com/api/v1/share/AKYAqQSEBaBT,1733541496619632112
ファッション,LASIEM,財布 メンズ ミニ財布 小さい財布 二つ折り  二つ折り財布 二つ折り財布メンズ 折りたたみ財布 折りたたみ コンパクト ミニウォレット カードケース 本革 レザー 小さい じゃばら 小銭入れ お札折らない カードたくさん スキミング防止,"¥5,280",14,https://affiliate.tiktok.com/api/v1/share/AKYAqQ7qdkxl,1733541516796790256
ファッション,LASIEM,LASIEM 特注シープレザーキルティングフラグメントケース,"¥2,980",14,https://affiliate.tiktok.com/api/v1/share/AKYAqQnchMJR,1733541893720868336
ファッション,LASIEM,LASIEM 特注シープレザー キルティング二つ折り　ミニ財布,"¥3,980",14,https://affiliate.tiktok.com/api/v1/share/AKYAqRBf6TMm,1733542255188280816
ファッション,LASIEM,LASIEM 特注シープレザーキルティング 財布,"¥4,980",14,https://affiliate.tiktok.com/api/v1/share/AKYAqQSMyuIL,1733547278622098928
ファッション,LASIEM,二つ折り財布 レディース ミニ財布 財布 二つ折り 本革 時短財布 スリム 薄い 薄型 革 レザー 小さい コンパクト ミニウォレット ブランド 小銭入れ かわいい おしゃれ カードケース ミニサイズ クリスマス カード入れ,"¥4,480",14,https://affiliate.tiktok.com/api/v1/share/AKYAqQ7uDOie,1733764584067073520
ファッション,Mycelium Market JP,プラットフォーム初のチタンシルバー製 超強力UVカット日傘 スマホサイズのみ｜晴雨兼用,"¥2,600",15,https://affiliate.tiktok.com/api/v1/share/AKVs22VR6O5c,1735152470687253967
ファッション,NEO lifestyle 暮らしを便利に,＼大ヒット商品／ サファリハット レディース 撥水 つば広 UV 折りたたみ バケットハット 帽子 アドベンチャーハット キャンプハット メンズ 男女兼用 釣り 登山 キャンプ 紫外線 紐付き アウトドア スポーツ 防水 春夏,"¥1,488",13,https://affiliate.tiktok.com/api/v1/share/AKQFhCcqHzkQ,1731891559434781947
ファッション,Premina（プレミーナ）,【TikTok限定特典付き】24時間ラクするナイトブラ 【 ラクブラ24 / しっかりフィット シリーズ 】 ナイトブラ ノンワイヤー ブラ ワイヤーレス ブラジャー 24時間使える 1日中使える 昼夜兼用 大きいサイズ 育乳 補正 下着 小胸 脇肉 バストケア美乳 谷間 ヨガ スポブラ,"¥2,399",18,https://affiliate.tiktok.com/api/v1/share/AKSqBJLgkt8u,1731586434829158170
ファッション,Premina（プレミーナ）,【TikTok限定特典付き】24時間ラクするナイトブラ 【 ラクブラ24 / ベーシック シリーズ 】 ナイトブラ ノンワイヤー ブラ ワイヤーレス ブラジャー 24時間使える 1日中使える 昼夜兼用 大きいサイズ 育乳 補正 下着 小胸 脇肉 バストケア美乳 谷間 ヨガ スポブラ,"¥2,399",18,https://affiliate.tiktok.com/api/v1/share/AKSqBJGKZu4R,1731794051874260762
ファッション,SOWAN（ソワン）,オーガニックコットン 綿100% アームカバー くすみカラー 夏用 メンズ レディース 日本製 ゆったり ロング 日焼け対策 uvカット 涼しい 日焼け運転 日焼け防止 おしゃれ 手の甲 手甲 二の腕 冷え対策 コットン100 リネン 指穴 なし 落ちない フリル,"¥1,640",15,https://affiliate.tiktok.com/api/v1/share/AKSp95mUW0uB,1731633139447203742
ファッション,SOWAN（ソワン）,ファミリア シルク レッグウォーマー 春夏 夏用 シルク100％ ロング レディース メンズ アームカバー 睡眠 薄手 締め付けない 日本製 ゆったり 妊婦 ふくらはぎ 温める おしゃれ かわいい 足 寝る用 むくみ,"¥1,640",15,https://affiliate.tiktok.com/api/v1/share/AKSp95mVLG2h,1731653773705775006
ファッション,SOWAN（ソワン）,真夏に着けるもっちり極薄腹巻 【1～2枚セット】SOWAN 日本製 はらまき 腹巻き レディース 綿 夏用 メンズ 妊婦 マタニティ ルームウェア 締め付けない ネックウォーマー 暖かい あったか 生理 敏感肌 肌に優しい 妊活 妊娠 薄手 薄い おしゃれ かわいい コットン ピマ綿,"¥1,400〜¥1,890",15,https://affiliate.tiktok.com/api/v1/share/AKSp95mVtGF1,1731912327354419102
ファッション,SOWAN（ソワン）,真夏に着けるもっちり極薄おやすみマスク 【1〜2枚セット】SOWAN 日本製 綿 コットン ピマ綿 ネックウォーマー 薄手 お休みマスク 保湿 乾燥 睡眠 冷え対策 就寝用マスク 寝るとき ネックカバー フェイスカバー フェイスマスク おしゃれ 就寝 レディース かわいい,"¥1,640〜¥2,850",15,https://affiliate.tiktok.com/api/v1/share/AKSowVNCAWRA,1731966967659005854
ファッション,SOWAN（ソワン）,汗かき困ったさん用 内側シルク100% もっちり汗取りインナー 日本製 レディース 綿 汗じみ防止 背中 脇汗 止め 消臭 ショート丈 大量 脱げる 臭わない 目立たない 汗取りパッド 抜き取り ブラの下,"¥2,230〜¥3,820",15,https://affiliate.tiktok.com/api/v1/share/AKSp95mYMgvK,1732018260501759902
ファッション,SOWAN（ソワン）,kaihou(カイホウ) オーガニックコットン ショーツ/ 締め付けない 綿 下着 パンツ 100% レディース 女性 日本製 深履き アトピー 敏感肌 妊活 大きいサイズ かわいい,"¥1,640",15,https://affiliate.tiktok.com/api/v1/share/AKSowVNCieaP,1732061668347119518
ファッション,SOWAN（ソワン）,【日本製】SOWAN もっちりシルク5分丈 腹巻パンツ 腹巻きパンツ はらまきパンツ レディース メンズ 妊婦 マタニティ ルームウェア 締め付けない リラックス 暖かい あったか 温活 生理 敏感肌 肌に優しい 妊活 妊娠 中 薄手 薄い おしゃれ かわいい 綿 絹 コットン 夏用,"¥2,370",15,https://affiliate.tiktok.com/api/v1/share/AKSp95maZ7GK,1732081279783831454
ファッション,SOWAN（ソワン）,cool cycle クールサイクル アームカバー 冷感 uvカット率99.9％  レディース 可愛い おしゃれ メンズ ひんやり 紫外線対策 夏用 指あり 腕カバー 涼しい 日焼け運転 日焼け防止 日本製 遮光  日除け アウトドア 遮光 グッズ ロング スポーツ 日焼け対策,"¥1,890",15,https://affiliate.tiktok.com/api/v1/share/AKSowVNGIGkh,1732097644430591902
ファッション,SOWAN（ソワン）,1\~2双セット 指ありタイプ オーガニックコットン 綿100% アームカバー くすみカラー 夏用 メンズ レディース 日本製 ゆったり ロング 日焼け対策 uvカット 涼しい 日焼け運転 日焼け防止 おしゃれ 手の甲 手甲 二の腕 冷え対策 コットン100 リネン 指穴 なし 落ちない,"¥1,400〜¥1,640",15,https://affiliate.tiktok.com/api/v1/share/AKSp95maqBsX,1732156434669471646
ファッション,SOWAN（ソワン）,【日本製】 3足セット オーガニックコットン リブ編み 足首ウォーマー レッグウォーマー 春夏 夏用 薄手 綿100 レディース メンズ おしゃれ かわいい 締め付けない 妊婦 寝る時 睡眠 足 冷え アンクルウォーマー,"¥1,640",15,https://affiliate.tiktok.com/api/v1/share/AKSowVNGZKMi,1732156744148879262
ファッション,SOWAN（ソワン）,【日本製】 3足セット リネンコットン リブ編み 足首ウォーマー レッグウォーマー 夏用 薄手 春夏 綿100 ゆったり レディース メンズ おしゃれ かわいい 締め付けない 妊婦 寝る時 睡眠 足 冷え,"¥1,640",15,https://affiliate.tiktok.com/api/v1/share/AKSp95mb7AT8,1732157985149650846
ファッション,SOWAN（ソワン）,1～2足組【日本製】 裏シルク100% ふんわり二重編み 足首ウォーマー レッグウォーマー 春夏 夏用 ショート薄手 絹 レディース メンズ おしゃれ かわいい 締め付けない 妊婦 寝る時 睡眠 足 冷え,"¥1,400〜¥1,640",15,https://affiliate.tiktok.com/api/v1/share/AKSp95ntPT3Y,1732383610109200286
ファッション,SOWAN（ソワン）,【日本製】Sara-cure (サラキュア) かかとケア レッグウォーマー 靴下 かかとケアソックス 保湿 春夏 夏用 睡眠 寝るとき こむら返り 日本製 冷えない レーヨンシルク 角質 ガサガサ 保湿 送料無料 ツルツル ひび割れ かかとつるつる おやすみ かわいい,"¥1,710",15,https://affiliate.tiktok.com/api/v1/share/AKSowVOF4EAY,1732549074701617054
ファッション,SOWAN（ソワン）,【1\~2枚セット】SOWAN もっちりオーガニックコットン腹巻き 日本製 はらまき レディース メンズ 妊婦 マタニティ 締め付けない ネックウォーマー リラックス 暖かい あったか 温活 生理 敏感肌 肌に優しい 妊活 妊娠 中 薄手 薄い おしゃれ かわいい 綿 コットン 秋冬 冬用,"¥1,400〜¥1,890",15,https://affiliate.tiktok.com/api/v1/share/AKSp95nvKtVg,1732791277269583774
ファッション,SOWAN（ソワン）,1～2足組 わたしいろの糸 足首ウォーマー【日本製】 内側シルク100% 足首ウォーマー 秋冬 冬用 ショート厚手 レディース メンズ おしゃれ かわいい 締め付けない 妊婦 寝る時 睡眠 足 冷え,"¥1,400〜¥2,010",15,https://affiliate.tiktok.com/api/v1/share/AKSowVOMDOEm,1732863600014559134
ファッション,SOWAN（ソワン）,kaihou(カイホウ) オーガニックコットン メロー ショーツ ナイトショーツ リラックスショーツ フェムテック ふんどしパンツ 女性用 レディース ふんどしショーツ 鼠径部 締め付けない 綿100％ コットン 女性 下着 かわいい 深履き 日本製 無地 マタニティ,"¥2,180",15,https://affiliate.tiktok.com/api/v1/share/AKSp95nvswEP,1732867296619104158
ファッション,SOWAN（ソワン）,1～2足組 わたしいろの糸 レッグウォーマー【日本製】 内側シルク100% ロング 秋冬 冬用 厚手 レディース メンズ おしゃれ かわいい 締め付けない 妊婦 寝る時 睡眠 足 冷え,"¥1,640〜¥2,980",15,https://affiliate.tiktok.com/api/v1/share/AKSowVOMlVT1,1732906841685657502
ファッション,SOWAN（ソワン）,Hot-cure(ホットキュア) かかとケア靴下 かかとケアソックス 保湿 日本製 角質 ガサガサ 保湿 送料無料 ツルツル ひび割れ かかとつるつる おやすみ ソックス おしゃれ かわいい あったか 厚手 暖かい 秋 秋冬用 睡眠 寝るとき こむら返り 日本製 冷えない 男性も,"¥2,420",15,https://affiliate.tiktok.com/api/v1/share/AKSp95nwQxNe,1732931802686392222
ファッション,SOWAN（ソワン）,もっちり オーガニックコットン おやすみマスク/ ネックウォーマー 薄手 日本製 お休みマスク 綿 保湿 乾燥 睡眠 冷え対策 就寝用マスク 寝るとき ネックカバー フェイスカバー ネックガード フェイスガード フェイスマスク おしゃれ 就寝 レディース 秋冬 女の子 かわいい,"¥1,640",15,https://affiliate.tiktok.com/api/v1/share/AKSowVONJdHv,1732945603296790430
ファッション,SOWAN（ソワン）,【1\~2枚セット】【日本製】シルクハンドウォーマー 指切り 手袋 指なし レディース メンズ ハンドケア おやすみ手袋 手荒れ 保湿 保温 暖かい 温かい 穴あき 薄手 レディース 寝るとき ハンドケア 寝る とき 夜 ナイト スマホ アームウォーマー 洗える,"¥1,640〜¥2,620",15,https://affiliate.tiktok.com/api/v1/share/AKSp95nwi20A,1732958375702595486
ファッション,SOWAN（ソワン）,mofmofu シルク レッグウォーマー アームウォーマー ロング レディース メンズ 睡眠 おやすみ 薄手 締め付けない 温める 秋冬 冬用 日本製 ゆったり サポーター あったかい ふくらはぎ おしゃれ かわいい 妊婦 寝る用 裏地 絹100％ シルク100％ こむら返り,"¥2,010",15,https://affiliate.tiktok.com/api/v1/share/AKSowVONadzE,1733006154111092638
ファッション,SOWAN（ソワン）,mofmofu シルク足首ウォーマー レディース メンズ アームウォーマー レッグウォーマー ショート 睡眠 おやすみ 薄手 締め付けない 温める 春夏 冬用 オールシーズン 日本製 ゆったり 裏地 絹100％ シルク100％ サポーター あったかい おしゃれ かわいい 妊婦 寝る用,"¥1,520",15,https://affiliate.tiktok.com/api/v1/share/AKSp95nwz2zr,1733006940498593694
ファッション,SOWAN（ソワン）,【1\~3枚セット】もっちりシルクおやすみマスク ネックウォーマー 薄手 日本製 お休みマスク シルク 保湿 乾燥 睡眠 冷え対策 就寝用マスク 寝るとき ネックカバー フェイスカバー ネックガード フェイスマスク おしゃれ 就寝 レディース 女の子 口呼吸 洗える 洗濯可能 あったか 睡眠用 喉,"¥1,770〜¥4,020",15,https://affiliate.tiktok.com/api/v1/share/AKSowVORiVoB,1733033143274604446
ファッション,SOWAN（ソワン）,【日本製】ネックウォーマー レディース メンズ サーミック リブ編み 冬 温かい スヌード マフラー 柔らかい ゆったり 洗える おしゃれ 女の子 男の子 かわいい 苦しくない 伸びる 男女兼用 防寒,"¥2,010",15,https://affiliate.tiktok.com/api/v1/share/AKSp95oPa8EJ,1733516596538804126
ファッション,SOWAN（ソワン）,【日本製】ネックウォーマー レディース メンズ スラビィ リブ編み 冬 温かい スヌード マフラー 柔らかい ゆったり 洗える おしゃれ 女の子 男の子 かわいい 苦しくない 伸びる 男女兼用 防寒,"¥2,010",15,https://affiliate.tiktok.com/api/v1/share/AKSowVP9ADgB,1733517913653544862
ファッション,SOWAN（ソワン）,1～2足組 かかとあき レッグウォーマー トレンカ 日本製 足首ウォーマー 秋冬 冬用 レディース メンズ おしゃれ かわいい 締め付けない 妊婦 寝る時 睡眠 足 冷え ピラティス ヨガ,"¥1,520〜¥2,010",15,https://affiliate.tiktok.com/api/v1/share/AKSowVP9RBqq,1733554805802239902
ファッション,SOWAN（ソワン）,【選べる2双セット】やみつき アームウォーマー レディース シルク 春夏 夏用 ハンドウォーマー アームカバー 手首 ハンドケア 手袋 手荒れ 保湿 保温 指なし おやすみ 薄手 暖かい 日本製 手首ウォーマー,"¥1,640",15,https://affiliate.tiktok.com/api/v1/share/AKSp95oQ8FrV,1733558137038931870
ファッション,SOWAN（ソワン）,遠赤外線起毛 アームウォーマー アームカバー ハンドウォーマー 冬 足首ウォーマー レッグウォーマー おしゃれ かわいい 日本製 冷えとり 睡眠 温活 手首 オフィス テレワーク 冬 あったか 暖かい 温かい 冷え対策 レディース 手首ウォーマー,"¥2,000",15,https://affiliate.tiktok.com/api/v1/share/AKSowVPAGQT8,1733587170277689246
ファッション,SOWAN（ソワン）,2双組 遠赤外線 アームウォーマー (指穴タイプ) アームカバー ハンドウォーマー 冬 足首ウォーマー レッグウォーマー おしゃれ かわいい 日本製 睡眠 温活 手首 オフィス テレワーク 冬 あったか 暖かい 温かい 手首ウォーマ,"¥1,640",15,https://affiliate.tiktok.com/api/v1/share/AKSp95oSKsDK,1733739839142987678
ファッション,SOWAN（ソワン）,日本製 ピマコットン ガーゼレギンス 綿100% レディース タイツ 10分丈 オールシーズン 秋冬 冬用 ストレッチパンツ マタニティ レギパン スパッツ シンプル ズボン 服 ゆったり おすすめ 履きやすい 可愛い 締め付け ない 履き やすい 敏感肌,"¥2,610",15,https://affiliate.tiktok.com/api/v1/share/AKSowVPAXUVf,1733879367996573598
ファッション,SOWAN（ソワン）,日本製 着圧ソックス 弾性ストッキング レディース メンズ ブラック ベージュ 飛行機 高齢者 つま先なし 足のむくみ オープントゥ 機内  シニア 立ち仕事 妊婦 秋冬 妊娠中 マタニティ 寝る時 膝下 ふくらはぎ,"¥2,010",15,https://affiliate.tiktok.com/api/v1/share/AKSp95oTR1M4,1733986439493224350
ファッション,SOWAN（ソワン）,もっちりシルクロング腹巻き 日本製 はらまきレディース メンズ 妊婦 マタニティ ルームウェア 締め付けない ネックウォーマー リラックス 暖かい あったか 温活 生理 敏感肌 肌に優しい 妊活 妊娠 中 薄手 薄い おしゃれ かわいい 綿 絹 コットン,"¥1,770",15,https://affiliate.tiktok.com/api/v1/share/AKSowVPAoPP4,1734018019580086174
ファッション,SOWAN（ソワン）,2足セット cure-sock (キュアソック) かかとケア 靴下 かかとケアソックス 保湿 日本製 秋冬 冬用 オールシーズン 睡眠 寝るとき こむら返り 日本製 冷えない 角質 ガサガサ 保湿 送料無料 ツルツル ひび割れ かかとつるつる おやすみ かわいい,"¥2,200",15,https://affiliate.tiktok.com/api/v1/share/AKSp95oTyxHU,1734077991300138910
ファッション,SOWAN（ソワン）,【日本製】絹のぬくもり 腹巻 腹巻き 肌側 シルク100% 外側 綿100% レディース 薄手 薄い 妊婦 冷え防止 秋冬 妊活 寝る時 あったか マタニティ コットン,"¥2,010〜¥3,460",15,https://affiliate.tiktok.com/api/v1/share/AKSowVPBMSbS,1734106841720391582
ファッション,SOWAN（ソワン）,【日本製】絹のぬくもり 腹巻パンツ 腹巻きパンツ 肌側 シルク100% 外側 綿100% レディース 薄手 薄い 妊婦 冷え防止 秋冬 妊活 寝る時 あったか マタニティ コットン,"¥2,370〜¥4,210",15,https://affiliate.tiktok.com/api/v1/share/AKSp95oUGD15,1734176947084429214
ファッション,SOWAN（ソワン）,【日本製】絹のぬくもり 5分丈腹巻パンツ 腹巻きパンツ 肌側 シルク100% 外側 綿100% レディース 薄手 薄い 妊婦 冷え防止 秋冬 妊活 寝る時 あったか マタニティ コットン,"¥2,610〜¥4,810",15,https://affiliate.tiktok.com/api/v1/share/AKSowVPBdXUk,1734279514936739742
ファッション,SOWAN（ソワン）,【日本製】絹のぬくもり おやすみマスク 肌側 シルク100% 外側 綿100% ネックウォーマー レディース 薄手 薄い 冷え防止 就寝用 秋冬 妊活 寝る時 睡眠 コットン,"¥2,130〜¥3,820",15,https://affiliate.tiktok.com/api/v1/share/AKSp95oV5ILc,1734280037443143582
ファッション,SOWAN（ソワン）,メンズ用 かかと付き レッグウォーマー,"¥1,400〜¥2,610",15,https://affiliate.tiktok.com/api/v1/share/AKSowVPBuXhY,1734417164173674398
ファッション,SOWAN（ソワン）,オーガニックコットン ストール 大判 薄手 春先 綿100 UVカット レディース 手洗い 春夏 涼しい おしゃれ 草木染め オールシーズン 手洗い 母の日 ギフト やわらか 紫外線 無地 冷房対策 日本製 コットン ガーゼ 日焼け防止,"¥2,370",15,https://affiliate.tiktok.com/api/v1/share/AKSp95pD57N4,1734669196443486110
ファッション,SOWAN（ソワン）,骨盤喜ぶ幸せパンツ ガードル 骨盤  骨盤ベルト ヒップアップ ソフトガードル 産後ガードル 産後リフォームインナー ショーツ 産褥ショーツ お腹引き締め 補正下着 ぽっこりお腹 苦しくない,"¥3,100",15,https://affiliate.tiktok.com/api/v1/share/AKSowVPcJBcy,1734833164151457694
ファッション,SOWAN（ソワン）,【1～2枚セット】SOWAN もっちりシルク腹巻き 日本製 はらまきレディース メンズ 妊婦 マタニティ ルームウェア 締め付けない ネックウォーマー 春夏用 リラックス 暖かい あったか 生理 敏感肌 肌に優しい 妊活 妊娠 中 薄手 薄い おしゃれ かわいい 綿 絹 コットン,"¥1,520〜¥2,180",15,https://affiliate.tiktok.com/api/v1/share/AKSp95pDMCQ7,1734835897588156318
ファッション,SOWAN（ソワン）,【1～2双セット】リネン アームカバー くすみカラー 夏用 メンズ レディース 日本製 ゆったり ロング 日焼け対策 uvカット 涼しい 日焼け運転 日焼け防止 おしゃれ 手の甲 手甲 二の腕 冷え対策 コットン100 リネン 指穴 なし 落ちない フリル,"¥1,400〜¥1,640",15,https://affiliate.tiktok.com/api/v1/share/AKSowVPcrJVl,1734930728196212638
ファッション,SOWAN（ソワン）,綿プレミアム腹巻 2枚組/ コットン腹巻き 腹巻 はらまき レディース メンズ 可愛い かわいい おしゃれ 秋冬用 100% 日本製 妊活 妊婦 生理 暖かい 冷え 温め あったか マタニティ 綿,"¥1,640",15,https://affiliate.tiktok.com/api/v1/share/AKSowVPf3nD0,1734946121260763038
ファッション,SOWAN（ソワン）,オーガニックコットン プレミアム 腹巻 2枚組/オーガニックコットン 腹巻 腹巻き レディース メンズ オーガニック 綿 薄手 可愛い かわいい おしゃれ 秋 春夏用 日本製 妊活 妊婦 生理 暖かい 冷え 温め あったか マタニティ,"¥1,770",15,https://affiliate.tiktok.com/api/v1/share/AKSowVPhG6if,1735009662570039198
ファッション,SOWAN（ソワン）,3足組 pocca レッグウォーマー ショート 足首ウォーマー 秋冬 冬用 レディース メンズ おしゃれ かわいい 締め付けない 妊婦 寝る時 睡眠 足 冷え ゆったり,"¥1,640",15,https://affiliate.tiktok.com/api/v1/share/AKSp95pGekWF,1735028039483492254
ファッション,SOWAN（ソワン）,【日本製】1～2足組 レッグウォーマー ショート 足首ウォーマー 秋冬 冬用 レディース メンズ 内側シルク100% おしゃれ かわいい 締め付けない 妊婦 寝る時 睡眠 足 冷え ゆったり,"¥1,520〜¥2,000",15,https://affiliate.tiktok.com/api/v1/share/AKSp95phbTey,1735046562278770590
ファッション,SOWAN（ソワン）,【選べる3足セット】nokotta レッグウォーマー 綿 ロング レディース メンズ 春夏 夏用 睡眠 薄手 締め付けない 温める レギンス風 日本製 ゆったり 冷え サポーター あったかい ふくらはぎ おしゃれ かわいい 妊婦 寝る用,"¥1,640",15,https://affiliate.tiktok.com/api/v1/share/AKSowVQ7vodZ,1735104437585807262
ファッション,TeddyShop-,【メール便】TeddyShop UVカット率99.7% UPF50+ ハイネックラッシュガード 接触冷感 濡らして更にひんやり 伸縮性 速乾性 水着素材 トップス／rashguard070,"¥4,378",12,https://affiliate.tiktok.com/api/v1/share/AKYAulY3Xe7i,1731811215796700392
ファッション,TeddyShop-,【メール便】TeddyShop ペプラム フリルラッシュガード UPF50+ UVカット率99.7% 接触冷感 濡らして更にひんやり ひんやり冷たく快適な着心地 日本の検査機関で検査済 伸縮性 速乾性のある水着素材 伸縮性 速乾性のある水着素材 伸縮性 速乾性のある水着素材／rashguard073,"¥3,828",12,https://affiliate.tiktok.com/api/v1/share/AKYAxmYNkV5z,1731820913567433960
ファッション,TeddyShop-,【宅配便】TeddyShop UVカット率 99%以上 タンキニ 水着 レディース 体型カバー 長袖シャツ ラッシュガード ハーフパンツ 4点セット ビキニ セパレート 洋服みたいな水着 UPF50+ 無地／hys2861,"¥5,736",12,https://affiliate.tiktok.com/api/v1/share/AKYAxmnE78N2,1731838334445913320
ファッション,TeddyShop-,【宅配便】TeddyShop UVカット率 99%以上 タンキニ 水着 レディース 体型カバー 長袖シャツ ラッシュガード ハーフパンツ 4点セット ビキニ セパレート 洋服みたいな水着 UPF50+ 無地／hys2861,"¥5,736",12,https://affiliate.tiktok.com/api/v1/share/AKYAultaa2Nw,1731838531338994920
ファッション,TeddyShop-,【宅配便】TeddyShop UVカット率 99%以上 タンキニ 水着 レディース 体型カバー 長袖シャツ ラッシュガード ハーフパンツ 4点セット ビキニ セパレート 洋服みたいな水着 UPF50+ 無地／hys2861,"¥5,736",12,https://affiliate.tiktok.com/api/v1/share/AKYAulY8le5m,1731838609025369320
ファッション,TeddyShop-,【宅配便】TeddyShop UVカット率 99%以上 タンキニ 水着 レディース 体型カバー 長袖シャツ ラッシュガード ハーフパンツ 4点セット ビキニ セパレート 洋服みたいな水着 UPF50+ 無地／hys2861,"¥5,736",12,https://affiliate.tiktok.com/api/v1/share/AKYAxmYSyHzK,1731838733394216168
ファッション,TeddyShop-,【宅配便】TeddyShop UVカット率 99%以上 タンキニ 水着 レディース 体型カバー 長袖シャツ ラッシュガード ハーフパンツ 4点セット ビキニ セパレート 洋服みたいな水着 UPF50+ 無地／hys2861,"¥5,736",12,https://affiliate.tiktok.com/api/v1/share/AKYAxmnLoeTQ,1731838788515300584
ファッション,TeddyShop-,【メール便】TeddyShop UVカット率 99%以上 ラッシュガード レディース 水着体型カバーラッシュパーカー ロング 薄手 伸縮性 UPF50+ 日焼け防止 フード付き フルオープンジップ ティアードフリル／rashguard060,"¥3,498",12,https://affiliate.tiktok.com/api/v1/share/AKYAultfo0Jy,1731844731564950760
ファッション,TeddyShop-,【宅配便】TeddyShop UVカット率 99%以上 体型カバー 水着 レディース 長袖ラッシュガードセット 5点上下セット UPF50+ フィットネス水着 セパレート かわいい 大きいサイズタンキニ ショートパンツ レギンス付き／hys2128,"¥5,376",12,https://affiliate.tiktok.com/api/v1/share/AKYAulYCtSsC,1731845482106422504
ファッション,TeddyShop-,【宅配便】TeddyShop UVカット率 99%以上 体型カバー 水着 レディース 長袖ラッシュガードセット 5点上下セット UPF50+ フィットネス水着 セパレート かわいい 大きいサイズタンキニ ショートパンツ レギンス付き／hys2128,"¥5,376",12,https://affiliate.tiktok.com/api/v1/share/AKYAxmYWp0QI,1731845674272326888
ファッション,TeddyShop-,【宅配便】TeddyShop UVカット率 99%以上 体型カバー 水着 レディース 長袖ラッシュガードセット 5点上下セット UPF50+ フィットネス水着 セパレート かわいい 大きいサイズタンキニ ショートパンツ レギンス付き／hys2128,"¥5,376",12,https://affiliate.tiktok.com/api/v1/share/AKYAxmnPwH42,1731845703471629544
ファッション,TeddyShop-,【宅配便】TeddyShop UVカット率 99%以上 体型カバー 水着 レディース 長袖ラッシュガードセット 5点上下セット UPF50+ フィットネス水着 セパレート かわいい 大きいサイズタンキニ ショートパンツ レギンス付き／hys2128,"¥5,376",12,https://affiliate.tiktok.com/api/v1/share/AKYAultkCkih,1731845817921471720
ファッション,TeddyShop-,【宅配便】TeddyShop UVカット率 99%以上 体型カバー 水着 レディース 長袖ラッシュガードセット 5点上下セット UPF50+ フィットネス水着 セパレート かわいい 大きいサイズタンキニ ショートパンツ レギンス付き／hys2128,"¥5,376",12,https://affiliate.tiktok.com/api/v1/share/AKYAulYIfMAa,1731845824231802088
ファッション,TeddyShop-,【メール便】TeddyShop UVカット率 99%以上 キャップ サンバイザー レディース UPF50+ UVカット 日焼け防止 紫外線対策 グッズ／hat209,"¥1,848",12,https://affiliate.tiktok.com/api/v1/share/AKYAxmYcs7XI,1735390196116522216
ファッション,TeddyShop-,【メール便】TeddyShop UVカット率 99%以上 360度日除けハット レディース メンズ ユニセックス キャップ ハット ネックガード フェイスガード 3way UPF50+／hat208,"¥1,298",12,https://affiliate.tiktok.com/api/v1/share/AKYAxmnVRJSE,1735530263442851048
ファッション,TeddyShop-,【メール便】TeddyShop キャップ 帽子 メンズ レディース ユニセックス 無地 シンプル 春 夏 秋 冬 野球帽 ウォッシュ ブラック／hat195,"¥1,078",12,https://affiliate.tiktok.com/api/v1/share/AKYAultqX3bH,1735530753866695912
ファッション,TeddyShop-,【メール便】TeddyShop UVカット率 100% UVカット 手袋 レディース ショート 指あり グローブ 接触冷感 UPF50+ UV対策 紫外線対策 日焼け防止／glove181,"¥1,078",12,https://affiliate.tiktok.com/api/v1/share/AKYAulYLxwmK,1735530903118251240
ファッション,TeddyShop-,【メール便】TeddyShop UVカット率 99%以上 アームカバー ロング 手袋 レディース グローブ 5本指 指あり UPF50+ 紫外線対策／glove188,"¥1,298",12,https://affiliate.tiktok.com/api/v1/share/AKYAxmYjkQuv,1735531084454986984
ファッション,TeddyShop-,【メール便】TeddyShop アームカバー レディース 春夏 長袖 腕カバー インナー ボレロ 肩まで 黒 白 ロング UVカット UV対策 手の甲／glove140,"¥1,078",12,https://affiliate.tiktok.com/api/v1/share/AKYAxmnaO2Qz,1735531195406845160
ファッション,TeddyShop-,【メール便】TeddyShop マリンシューズ 水陸両用 メンズ レディース 岩場 大人 アクアシューズ フィットネスシューズ 靴 保護 中敷き 軽量 快適 メッシュ／shoes032,"¥1,738",12,https://affiliate.tiktok.com/api/v1/share/AKYAultuNjUC,1735541102637516008
ファッション,TeddyShop-,【メール便】TeddyShop マリンシューズ メンズ レディース 水陸両用 海 岩場 アクアシューズ 靴 夏 大きいサイズ フィットネス シュノーケリング ダイビング／shoes166,"¥1,738",12,https://affiliate.tiktok.com/api/v1/share/AKYAula6rIwm,1735541754055525608
ファッション,TeddyShop-,【メール便】TeddyShop ビーチサンダル レディース 厚底 花柄 軽い トングサンダル 歩きやすい ヒール 海 痛くない レジャー用／sandal042,"¥1,848",12,https://affiliate.tiktok.com/api/v1/share/AKYAulvbhGGI,1735542037396948200
ファッション,TeddyShop-,【メール便】TeddyShop UVカット率 99%以上 ラッシュガード 水着素材 洋服見え デザイン S M L LL UPF50+ ストレッチ 水陸両用 紫外線対策 体型カバー／rashguard077,"¥2,948",12,https://affiliate.tiktok.com/api/v1/share/AKYAxmpKjHjB,1735542326669444328
ファッション,Toezy,ルームシューズ サンダル 厚底 スリッパ レディース メンズ 室内履き 静音 柔らかい 滑り止め 洗える ベランダ バスルーム,"¥1,140",13,https://affiliate.tiktok.com/api/v1/share/AKsLUI9r6oXL,1735245663752127582
食品,【公式】松屋オンラインショップ,【松屋どっちがうまい？人気TOP3詰め合わせ福袋！】福袋企画！松屋 公式 全部盛り30個(プレミアム仕様牛めし×10 豪州産牛めし×10 オリジナルカレー×10) 牛めし 牛丼の具 牛肉 肉 まつや 牛丼 食品 グルメ 冷凍 冷凍食品 送料無料 おかず 惣菜 業務用 お弁当 レンチン お試し レンジ 非常食,"¥6,980",10,https://affiliate.tiktok.com/api/v1/share/AKSph8rptyzZ,1732719746490795091
食品,Eddy's Homemade Kitchen,エディーズ  プレミアム ポップコーン シリーズ キャラメル カレー 抹茶 ココナッツ アールグレイ ゆず パイナップル,"¥2,322",12,https://affiliate.tiktok.com/api/v1/share/AKvDx66YTNXb,1733548725135311926
食品,GARNI,【公式】 プレミアム酵素茶漬け ダイエット お茶漬け 酵素 50g (1袋),"¥2,925",20,https://affiliate.tiktok.com/api/v1/share/AKSov82zVwUY,1735226964302202546
食品,NEO lifestyle 暮らしを便利に,【 2-3人前】麻辣湯 冷凍スープ 無添加 国産 マーラータン  東京名店 牛骨 火鍋 具材入れるだけ マーラータンの素 お取り寄せ 味坊 和牛使用 濃厚スープ 旨辛 麻辣湯の素 痺辛 シビ辛 本格 中華料理 家庭用 四川 花椒 唐辛子 時短 鍋料理,"¥1,980〜¥3,980",13,https://affiliate.tiktok.com/api/v1/share/AKQFevOKG3di,1734626140588836091
食品,NETSEA Farm｜産直市場,【札幌ザンギ】札幌で人気のハンバーグ店！│3袋／5袋,"¥2,802〜¥4,024",8,https://affiliate.tiktok.com/api/v1/share/AKvCQ4alUl0s,1734896185612273566
食品,NETSEA Farm｜産直市場,【すみれ監修│ホルモンセット】ホルモン2種×2／計4袋,"¥3,612",8,https://affiliate.tiktok.com/api/v1/share/AKvCPQGR0Pqi,1734633983090067358
食品,NETSEA Farm｜産直市場,【すみれ監修│ジンギスカンセット】ジンギスカン2種×2／計4袋,"¥4,581",8,https://affiliate.tiktok.com/api/v1/share/AKvCOtu1vaMs,1734633988132341662
食品,NETSEA Farm｜産直市場,【ファイヤーバーグ セット】ハンバーグ3種×2│焼くだけ簡単◎,"¥3,824",8,https://affiliate.tiktok.com/api/v1/share/AKvCQ4apchNU,1734633790039492510
食品,NETSEA Farm｜産直市場,【秋刀魚】北海道産！！送料無料│1.5kg/3kg/5kg,"¥3,996〜¥9,237",8,https://affiliate.tiktok.com/api/v1/share/AKvCPQGSNdtj,1735155628513396638
食品,NETSEA Farm｜産直市場,【花咲蟹】北海道産の幻の蟹？！送料無料│1尾あたり500g,"¥4,770",8,https://affiliate.tiktok.com/api/v1/share/AKvCOtu3a1kv,1735010011017938846
食品,NETSEA Farm｜産直市場,【真鱈の切り身】北海道産！！送料無料│たっぷり1kg,"¥4,567",8,https://affiliate.tiktok.com/api/v1/share/AKvCQ4avwmXq,1734533226645981086
食品,NETSEA Farm｜産直市場,【ボイル紅ズワイガニ姿 】北海道産！！│1杯～3杯,"¥6,880〜¥18,060",8,https://affiliate.tiktok.com/api/v1/share/AKvCPQGSenYn,1734518443413833630
食品,NETSEA Farm｜産直市場,【毛蟹 】北海道産！！送料無料│400g,"¥11,880",8,https://affiliate.tiktok.com/api/v1/share/AKvCOtu5E6vA,1734524846039795614
食品,NETSEA Farm｜産直市場,【タコ足 】北海道産！！│300g,"¥3,693",8,https://affiliate.tiktok.com/api/v1/share/AKvCQ4azWDlI,1734523710758750110
食品,toriko love chocolate,【男女でシェアする】トリコラブチョコレート/toriko love chocolate 1セット（3回分）マカ/トンカットアリ/亜鉛/ムクナ/ デート/カップル/パーティー/,"¥3,700",23,https://affiliate.tiktok.com/api/v1/share/AKSpzOTDmUbO,1732323650195457646
食品,toriko love chocolate,torikoラブグミ3回分・6粒入り(コーラ&グレープ)男女でシェアする新体験/マカ/亜鉛/すっぽん/マムシ/コラーゲン/鉄/ヒアルロン酸/31種ラブエナジー配合/カップル・デート・プレゼントに/,"¥1,480",15,https://affiliate.tiktok.com/api/v1/share/AKbHH1Brazf4,1735397659632174702
食品,ごちチョク,ご褒美うなぎ うなぎ 蒲焼 超特大 300g 400g 500g ギフト ご褒美 ファミリー 冷凍  ウナギ 鰻 蒲焼き ひつまぶし グルメ 内祝い お返し ギフト 誕生日 プレゼント 送料無料 ご馳走,"¥5,652〜¥12,500",13,https://affiliate.tiktok.com/api/v1/share/AKmoBNzwLwue,1734452111968470650
食品,ドッグフード工房,【公式】ドッグフード工房 お試し4種200g 馬肉/鶏肉/野菜畑/鹿肉 人工添加物不使用 完全無添加,¥500,9,https://affiliate.tiktok.com/api/v1/share/AKvE57LRyWJa,1734497729429734754
食品,とっぺん市場,すいか メロン 小玉 肥後グリーンメロン ２玉 セット 完熟 熊本 市場直送 送料無料 0400113,"¥5,980",7,https://affiliate.tiktok.com/api/v1/share/AKsHycBp8tiY,1735709941345978086
食品,とっぺん市場,メロン 小玉 肥後グリーンメロン ２玉 完熟 熊本 限定品種 市場直送 送料無料 0400092,"¥5,980",7,https://affiliate.tiktok.com/api/v1/share/AKsHydSTPBFx,1735975701388625638
食品,パルス食堂,極太麻婆春雨 2食セット｜冷凍・レンチン本格四川,"¥4,340",25,https://affiliate.tiktok.com/api/v1/share/AKbGyS7hDHIm,1734805340701623783
食品,フルッタフルッタ,【公式】TikTokShop限定セット アサイー3種食べ比べセット(お家でアサイーボウル＆アサイーピューレ2種),"¥4,423",8,https://affiliate.tiktok.com/api/v1/share/AKbHiMgilBAU,1735175657497199808
食品,リンガーハット公式ショップ,【衝撃の23%OFF！お店の味をご家庭で】リンガーハット 長崎ちゃんぽん 6食  ちゃんぽん チャンポン 冷凍 冷凍食品,"¥3,750",6,https://affiliate.tiktok.com/api/v1/share/AL2dyCoSceQX,1733903661910164679
食品,リンガーハット公式ショップ,【当店1番人気商品！】リンガーハット 長崎ちゃんぽん4食&長崎皿うどん2食セット 具付き 冷凍 ちゃんぽん チャンポン 皿うどん ラーメン 冷凍惣菜 お取り寄せ,"¥3,750",6,https://affiliate.tiktok.com/api/v1/share/AL2dyA7dR6AW,1733904974273414343
食品,リンガーハット公式ショップ,【特別クーポンで23％OFF！】リンガーハット 長崎ちゃんぽん4食&長崎皿うどん2食セット 具付き 冷凍 ちゃんぽん チャンポン 皿うどん ラーメン 冷凍惣菜 お取り寄せ,"¥4,900",6,https://affiliate.tiktok.com/api/v1/share/AL2du61cAOwv,1735567915148149959
食品,リンガーハット公式ショップ,【特別クーポンで23％OFF！】リンガーハット 長崎ちゃんぽん 6食  ちゃんぽん チャンポン 冷凍 冷凍食品  期間限定,"¥4,900",6,https://affiliate.tiktok.com/api/v1/share/AL2dyCoStg1W,1735567945127199943
食品,リンガーハット公式ショップ,【数量限定！鍋スープおまけ付き！】リンガーハット 長崎ちゃんぽん 7食 鍋スープおまけ付き ちゃんぽん チャンポン 冷凍 冷凍食品  期間限定,"¥6,200",6,https://affiliate.tiktok.com/api/v1/share/AL2dyA7diAda,1735578801420666055
食品,宮城・老舗さとう精肉店,2個増量中！「自家製」仙台牛・国産牛入り手ごねハンバーグステーキ 85g×8個 お取り寄せグルメ 肉 牛肉,"¥5,980",12,https://affiliate.tiktok.com/api/v1/share/AL2dzAOIb4Hh,1736137034813441227
食品,宮城・老舗さとう精肉店,TikTok限定おまけつき！【希少部位】幻の国産牛タン 焼き肉用 塩味 300ｇ 約2人前 お取り寄せグルメ 肉 牛肉,"¥3,300〜¥16,980",12,https://affiliate.tiktok.com/api/v1/share/AL2dzA8XJEGE,1736138057439675595
食品,宮城・老舗さとう精肉店,TikTok限定おまけつき！杜の都仙台名物 牛タン 焼き肉用 塩味 150ｇ×2パック お取り寄せグルメ 肉 牛肉,"¥3,300〜¥8,980",12,https://affiliate.tiktok.com/api/v1/share/AL2dzAOJyLQR,1736138467372664011
食品,宮城・老舗さとう精肉店,TikTok限定おまけつき！仙台牛 焼き肉3種 贅沢食べ比べセット 各100g お取り寄せグルメ 肉 牛肉,"¥6,980",12,https://affiliate.tiktok.com/api/v1/share/AL2dzA8fprCc,1736138538379085003
食品,激安果物屋,中国産 妃子笑 生ライチ 約2kg 　フレッシュライチ 冷蔵配送,"¥4,320〜¥13,520",7,https://affiliate.tiktok.com/api/v1/share/AKmo0exGA6M5,1735683149001098670
食品,激安果物屋,【熊本県産　ＪＡ鹿本　夢大地　西瓜】糖度１１度以上　光センサーを通った熊本県産のすいかをお届けいたします。,"¥3,980〜¥4,600",7,https://affiliate.tiktok.com/api/v1/share/AKmo5WHtHMtj,1735746074606405038
食品,激安果物屋,タイ産 フレッシュ　金枕ドリアン モントーン種 トロピカルフルーツ｜濃厚な甘みとクリーミー食感｜数量限定,"¥4,980〜¥19,980",7,https://affiliate.tiktok.com/api/v1/share/AKmo5VXv5apE,1735746090307847598
食品,若翔,【味の選択可能】チアシード蒟蒻ゼリー 30個セット（ぶどう・りんご・もも・レモン）｜美容＆健康習慣のおやつ 4セット以上のご購入で50%オフ,"¥1,760",9,https://affiliate.tiktok.com/api/v1/share/AKvCKygdAciX,1735770306275083514
食品,若翔,【味の選択可能】ORO（オーロ）凍らせて食べる米粉ジェラート 30個入り（3袋×10個）　うめ&ピーチ・ゆず＆レモン｜4セットまとめ買いで34%オフ,"¥2,050",9,https://affiliate.tiktok.com/api/v1/share/AKvCLaGroM9L,1736192112226305274
食品,水産・港海鮮,【国産】宮古トラウトサーモン・刺身　岩手県宮古市の清らかな海で丁寧に育てられた。200g500g1kg1.5kg,"¥4,975〜¥18,725",10,https://affiliate.tiktok.com/api/v1/share/AKQGZ0VvJkI6,1734331559879214727
食品,水産・港海鮮,【国産牡蠣 】高品質「殻付き牡蠣」宮城県の海が育てた 2kg 10kg  大容量 加熱用,"¥3,980〜¥12,980",10,https://affiliate.tiktok.com/api/v1/share/AKQGZ0L7BVhd,1734578985869477511
食品,川島豆腐店,創業200余年 \| 発祥のざる豆腐 2丁 出汁付き \| 著名ガイドブック2019年掲載の豆腐店,"¥2,650〜¥3,250",13,https://affiliate.tiktok.com/api/v1/share/AKSwTWTE9dun,1734089185465369843
食品,大分慶珉,にんにく辛子高菜 　150g　ラーメン屋自家製の味　九州産高菜,¥450,10,https://affiliate.tiktok.com/api/v1/share/AKmo5HvOaikp,1733410527292524445
食品,大分慶珉,極辛にんにく　辛子高菜 150g 　ラーメン屋自家製の味　九州産高菜,¥550,10,https://affiliate.tiktok.com/api/v1/share/AKmo5HIKGsSR,1734524101614208925
食品,宅麺ドットコム,お得な《らくうまっ宅麺４食セット》（麺処 晴 2食、拉麺大公 2食）宅麺.com【公式】味噌ラーメン 煮干し醤油ラーメン 簡単 ラーメン らーめん 冷凍 スープ 4個,"¥3,415",9,https://affiliate.tiktok.com/api/v1/share/AKSpoUHCi6vk,1735157285603280566
食品,宅麺ドットコム,お得な《濃厚３食セット》宅麺.com【公式】俺の生きる道 /  超ごってり麺 ごっつ / 中華蕎麦 とみ田 つけめん / ラーメン らーめん 二郎系 背脂 豚骨 魚介 冷凍 スープ 3個,"¥4,980",9,https://affiliate.tiktok.com/api/v1/share/AKSpoTAoCm9B,1735011021321569974
食品,宅麺ドットコム,お得な《激辛３食セット》宅麺.com【公式】ビンギリ 勝浦タンタン麺 /  味噌麺処 花道庵 番長ラーメン / 麺処 井の庄 辛辛魚つけめん / ラーメン らーめん 辛味噌 冷凍 スープ 3個,"¥4,980",9,https://affiliate.tiktok.com/api/v1/share/AKSpj1UzAPNo,1735012408846812854
食品,宅麺ドットコム,お得な《バラエティー３食セット》宅麺.com【公式】頑者 つけめん /  味噌麺処 花道庵 味噌ラーメン / つじ田 濃厚つけ麺 / ラーメン らーめん みそ 味噌ラーメン  豚骨 魚介 冷凍 スープ 3個,"¥4,980",9,https://affiliate.tiktok.com/api/v1/share/AKSpoUHDGBgb,1735013054488020662
食品,博多一風堂【公式】,【公式】博多一風堂 ラーメン セット 選べる 人気 4～6食 とんこつ ポスト投函 メール便 お試し 食べ比べ スープ らーめん セット 細麺 白丸 赤丸 替玉 乾麺 中華 味噌 なま 焼き 生麺 博多 豚骨 マラソン 買い回り 訳あり ポッキリ 送料無料,"¥1,250",8,https://affiliate.tiktok.com/api/v1/share/AKa6SMAUxYlf,1734519288141481494
食品,北海道のごちそう便 ノースプラス,【沼る悪魔の隠し味】万能調味料 北海道スパイス 昆布 or カレー 北海道 スパイス 国産 無農薬 天然素材 スパイス キャンプ 調味料 アウトドアBBQ 肉 魚 料理,"¥1,479〜¥1,979",9,https://affiliate.tiktok.com/api/v1/share/AKvCHWlJRctN,1734411356254471468
食品,北海道のごちそう便 ノースプラス,【TikTokshop1周年記念セール！！クーポンで20%OFF！】 溢れる肉汁！ 本場北海道スープカレーDUKEハンバーグ 220g×3個 計660g  国産ジャージー牛と国産豚使用 メデイアで多数掲載 冷凍 高級 冷凍食品 ギフト 贈り物 個包装 ノースプラス,"¥4,980",9,https://affiliate.tiktok.com/api/v1/share/AKvCIGRsaiAR,1735647607572563244
食品,林泉堂ネットショップ,【TikTok1周年記念セール 6/30まで】＼お一人様3点まで／ つるっともちもち！稲庭本生うどん 茹で時間3分 送料無料 生麺タイプ 稲庭本生うどん 4食 比内地鶏濃縮めんつゆ付き 本生うどん 冷やしうどん うどん 秋田 名産 アレンジ料理 簡単料理 本場の味 長期保存可能 常温保存可能 林泉堂,"¥1,000",8,https://affiliate.tiktok.com/api/v1/share/AKvCK47o6PAw,1735009929715090761
スポーツ,atRise（アットライズ）,2WAY 筋膜リリース 筋膜ローラー 取り外し可能 ふくらはぎ 太もも 足 二の腕 全身 むくみ 解消 足痩せ フォームローラー ストレッチ 筋膜 ローラー 挟む式,"¥2,880〜¥2,980",12,https://affiliate.tiktok.com/api/v1/share/AKSrFiyxYFET,1732148189502473713
スポーツ,atRise（アットライズ）,【解説書付き】フォームローラー 筋膜リリース 筋膜ローラー ローラー ヨガポール ローラー 筋膜 リリース ストレッチローラー ほぐしローラー 初心者 小型 ミニ ストレッチ ポール ピラティス トレーニング,"¥1,980",12,https://affiliate.tiktok.com/api/v1/share/AKSrCAyh4mrB,1732770994196350449
スポーツ,atRise（アットライズ）,フラフープ ソフトフラフープ ベリー フィットネス ベリートレーニング用 PVC ソフトスプリングフラフープ 折りたたみ式 ポータブル フラサークル ウエスト エクササイズ 有酸素運動 筋トレ シェイプアップ フィットネス 機器 室内,"¥2,980",12,https://affiliate.tiktok.com/api/v1/share/AKSrFj1EtYpL,1733279843484206577
スポーツ,atRise（アットライズ）,ヨガポール ロング ショート ハーフ 筋膜 ストレッチ ポール ストレッチ用ポール ポール エクササイズポール フォームローラー 体幹 ダイエット ヨガ トレーニング,"¥3,980",12,https://affiliate.tiktok.com/api/v1/share/AKSrGtUFwJ5j,1734140180608419313
スポーツ,atRise（アットライズ）,ヨガマット 折りたたみ 滑り止め ヨガマット ケース 折り畳み たためる ストレッチ トレーニングマット ストレッチ ホットヨガ ピラティス エクササイズ creer 6mm 厚手 大判,"¥2,580〜¥2,780",12,https://affiliate.tiktok.com/api/v1/share/AKSrFj1vEykH,1734177252754228721
スポーツ,Merach.Japan,MERACH ステアステッパー ハンドルバー付き、LCDディスプレイ、150KG容量、運動用クライマーエクササイズマシン、男女兼用ホームフィットネス器具,"¥8,999",11,https://affiliate.tiktok.com/api/v1/share/AKvCMs49vYv3,1731583864194041789
スポーツ,Merach.Japan,Merachインナー太もも、脚、腕、腕トリマーのための、太ももトレーナーホームフィットネス機器オプションバージョン:ストラップ、スマートカウンター,"¥1,999〜¥2,699",11,https://affiliate.tiktok.com/api/v1/share/AKvCMrH7AkUp,1731688198291818429
スポーツ,Merach.Japan,Merach ホーム腹部運動コアトレーニング男女兼用肘サポート付きスマホスタンド＆滑り止めマット付き自動リバウンドAbホイール フィットネス機器,"¥2,699〜¥3,999",11,https://affiliate.tiktok.com/api/v1/share/AKvCMskmmegj,1731688230317295549
スポーツ,Merach.Japan,MERACH 家庭用静音ステッパー、フルボディワークアウトのための大きな範囲、上下およびツイストモーションを備えた油圧ステッパー、家庭用抵抗バンド付き150 kg容量ツイスト階段ステッパー,"¥8,999",11,https://affiliate.tiktok.com/api/v1/share/AKvCMs4ACj0g,1731766705697884093
スポーツ,Merach.Japan,MERACH腹筋トレーナー液晶モニター付き腹筋エクササイズマシン腹筋コアトレーナーマシン腹筋運動で腕脚臀部シェイパー腹筋調整可能,"¥6,999",11,https://affiliate.tiktok.com/api/v1/share/AKvCMrH7RuXN,1732002070828386237
スポーツ,Merach.Japan,MERACH 多機能トレーニングボード 折りたたみピラティス器具 ピラティスマシン 膝マット・タイマー・バンド付き｜家庭用ピラティス器具 全身トレーニング 体幹エクササイズ,"¥6,299〜¥8,199",11,https://affiliate.tiktok.com/api/v1/share/AKvCMskn3lID,1732002254942537661
スポーツ,Merach.Japan,MERACH 多機能ペダル付きエクササイズバンド 通販 送料無料  トレーニングバンド ダイエット フィットネス ペダル付き 多機能 通販,"¥2,499〜¥2,699",11,https://affiliate.tiktok.com/api/v1/share/AKvCMs4ATjGY,1732002848479479741
スポーツ,Merach.Japan,MERACH進化版 四輪腹筋ローラー 4輪LCDディスプレイ 自動スプリングバック スマートブレーキ Type-C充電 スマホスタンド付き 膝マット付き 耐荷重200kg 組み立て簡単 静音 プロ仕様,"¥2,699〜¥4,199",11,https://affiliate.tiktok.com/api/v1/share/AKvCMrH7iwTo,1732006000371468221
スポーツ,Merach.Japan,MERACH ツイストボード ダンスマシン 体幹 トレーニング器具 女性 筋トレ 筋トレ器具 ダイエット器具 ダイエット 有酸素運動 抵抗バンド付き エクササイズ ポータブル ウエストシェイパー 自宅用,"¥4,599〜¥5,999",11,https://affiliate.tiktok.com/api/v1/share/AKvCMsknKnB6,1732263493688919997
スポーツ,Merach.Japan,MERACH 調整可能なパワーツイスターバー – 上半身トレーニング用 家庭用ポータブルフィットネス機器,"¥2,499",11,https://affiliate.tiktok.com/api/v1/share/AKvCMs4AknCz,1732411044478158781
スポーツ,Merach.Japan,MERACH ミニ筋膜リリース機 228g超軽量 5段階振動モード 最大3200回/分 Type-C充電式 4種類シリコンヘッド付き 携帯便利 フィットネス用,"¥3,499",11,https://affiliate.tiktok.com/api/v1/share/AKvCMrH7zwUK,1732479525913069501
スポーツ,Merach.Japan,MERACH 調整可能なダンベルセット 4 in 1 フリーウェイト ダンベル 1〜4KG 女性用 ハンドウェイト ソフトラバーグリップ ホームジム トレーニング用,"¥2,899〜¥6,298",11,https://affiliate.tiktok.com/api/v1/share/AKvCMsknbuJj,1732552730601228221
スポーツ,Merach.Japan,"MERACH 振動マシン , 全身ワークアウト リンパドレナージュ 脚 腹筋 体幹 自宅フィットネス 省スペース収納 多段階調整","¥11,339〜¥12,199",11,https://affiliate.tiktok.com/api/v1/share/AKvCMs4B1m4i,1732833927896663997
スポーツ,YURAKU｜フラフープ人気NO.1,【YURAKU】フラフープ ダイエット 1.5kg 大人用 初心者 くびれ作り 2026年モデル ソフトフラフープ 痛くない 静音 落ちない ウエスト引き締め 収納袋付き 日本語説明書,"¥2,480",13,https://affiliate.tiktok.com/api/v1/share/AKSp0hRTTdzn,1733346518595765787
雑貨,atRise（アットライズ）,湯上りガーゼワンピース 湯上り 着 タオル ガーゼ ワンピース ルームウェア レディース湯上がり 湯上りワンピ タオルワンピ パジャマ ルームワンピース 綿100% ウェア コットン 吸水 軽い お風呂上り 夏,"¥2,980",12,https://affiliate.tiktok.com/api/v1/share/AKSrCAvx8Uqg,1731589474753349105
雑貨,atRise（アットライズ）,【超軽量！Sサイズ新発売】キッチンバサミ  分解 ステンレス キッチンばさみ 食洗機 持ち運び  まな板いらず キッチンばさみ 食洗機対応 キッチンハサミ 料理はさみ 食洗器 料理ばさみ オールステンレス,"¥2,580〜¥2,980",12,https://affiliate.tiktok.com/api/v1/share/AKSrFiyNo5cb,1731592884748453361
雑貨,atRise（アットライズ）,水切りスタンド 水切りラック 水切りかご 伸縮 スリム 水切り 水筒  ボトル 折りたたみ シンク上 スタンド ステンレス 水切りカゴ 大容量 籠 シンク内 乾かす 箸立て 小物トレー ディッシュスタンド タテ ヨコ,"¥4,680",12,https://affiliate.tiktok.com/api/v1/share/AKSrCAvxPU4h,1731593198855947761
雑貨,atRise（アットライズ）,kamitari-box カミタリーボックス 使い捨て サニタリーボックス おしゃれ トイレ かわいい ポット そのまま 捨てられる ゴミ箱 ナプキン 生理用品 衛生 折り畳み コンパクト,¥620,12,https://affiliate.tiktok.com/api/v1/share/AKSrFiyO58GF,1731605743105902065
雑貨,atRise（アットライズ）,【すべらない】半月盆 食洗機対応 お盆 トレー 滑らない 36cm かわいい おしゃれ 業務用 カフェ 半月 グレージュ ホワイト エクリュ プラスチック おぼん お膳 はんげつ プラスチック 北欧,"¥2,980〜¥3,480",12,https://affiliate.tiktok.com/api/v1/share/AKSrCAvxgj3B,1731773198366836209
雑貨,atRise（アットライズ）,化粧ポーチ メイクポーチ 自立 洗える トラベルポーチ 化粧品 ポーチ 小物入れ メンズポーチ ミニポーチ 防災ポーチ 大容量 可愛い 小さい ポーチ 大きめ 機能的 縦型 コンパクト,"¥1,780〜¥2,580",12,https://affiliate.tiktok.com/api/v1/share/AKSrFiyOMAuz,1731776321329858033
雑貨,atRise（アットライズ）,レジカゴ丸ごと保冷バッグ レジカゴ バッグ 保冷 大容量 エコバッグ おしゃれ 自立 レジかご 丸ごと 入る 保冷バッグ マチ広 レジかご保冷バッグ 折りたたみ 保温 レジカゴ対応 レジかご バック 買い物,"¥3,980",12,https://affiliate.tiktok.com/api/v1/share/AKSrCAvxxdeU,1731781045983348209
雑貨,atRise（アットライズ）,マザーズバッグ トート 洗える バッグ 軽量 軽い 大容量 たくさん入る トートバッグ レディース ファスナー付き マザーズバック 肩掛け 出産祝い 通勤 a4 ヌビバッグ 韓国 tecopeco,"¥4,480〜¥6,980",12,https://affiliate.tiktok.com/api/v1/share/AKSrFiyOd7zZ,1731781236317390321
雑貨,atRise（アットライズ）,圧縮 トラベルポーチ 吊り下げ おしゃれ トラベル ポーチ バッグ 着替え 収納 かわいい 大きい 旅行 出張 トラベルバッグ インナーバッグ 整理 圧縮バッグ 圧縮袋 仕分け トラベルグッズ,"¥2,980〜¥3,980",12,https://affiliate.tiktok.com/api/v1/share/AKSrCAw25Tly,1731790901156873713
雑貨,atRise（アットライズ）,バニティポーチ 化粧ポーチ ポーチ 大きめ 大容量 メイクポーチ バニティ 小物入れ 可愛い 小さい トラベルポーチ 化粧品 かわいい おしゃれ コンパクト 縦型 収納 自立 機能的 持ち歩き,"¥2,980〜¥3,680",12,https://affiliate.tiktok.com/api/v1/share/AKSrFiyPSMtw,1731792667754989041
雑貨,atRise（アットライズ）,トラベルポーチ 吊り下げ 洗面用具 旅行 ポーチ吊り下げ ポーチ コスメポーチ セット おしゃれ メイク 化粧品 便利グッズ 取り外し 仕切り トラベルグッズ 旅行グッズ お風呂 温泉 メッシュ コンパクト 大容量 スキンケア,"¥2,980",12,https://affiliate.tiktok.com/api/v1/share/AKSrCAw2MYfs,1731792840907851249
雑貨,atRise（アットライズ）,天ぷら鍋 角形 ホーロー 揚げ鍋 スクエア 琺瑯 揚げ物 鍋 IH IH対応 ガス対応 温度計付き バット付き 食洗機対応 角型 ワイド 四角 角型天ぷら鍋 角型鍋 すのこ網,"¥4,950〜¥6,980",12,https://affiliate.tiktok.com/api/v1/share/AKSrCAw4HrIy,1731793252755736049
雑貨,atRise（アットライズ）,バケツ型巾着バッグ 巾着 バッグ 巾着バッグ ショルダー レディース ショルダーバッグ レディース フェイクレザー 2way レザー 斜め掛け カジュアル プレゼント フォーマル ブラック ハンドバッグ ペットボトル,"¥5,980",12,https://affiliate.tiktok.com/api/v1/share/AKSrFiyQ0OvZ,1731952889158206961
雑貨,atRise（アットライズ）,ストロー付きタンブラー 蓋付き 持ち運び おしゃれ かわいい 保冷 ホルダー 結露しない 600ml ステンレス アットライズ,"¥2,980",12,https://affiliate.tiktok.com/api/v1/share/AKSrCAw4YpZk,1731964932755981809
雑貨,atRise（アットライズ）,ライト LEDライト ブラケットライト 間接照明 LED 工事不要 簡単設置 壁掛けライト 充電 磁石 マグネット 照明 寝室 机 スポットライト 壁掛け 壁かけ タッチ 調光 調色 コードレス,"¥2,980",12,https://affiliate.tiktok.com/api/v1/share/AKSrFiyQHHRz,1731983147653301745
雑貨,atRise（アットライズ）,お薬手帳 ケース 本革 お薬手帳ケース カード入れ お薬手帳ケース オシャレ バイカラー お薬手帳 コンパクト お薬手帳 ケース レザー 保険証 母子手帳 A6サイズ おしゃれ プレゼント カバー,"¥4,980〜¥5,580",12,https://affiliate.tiktok.com/api/v1/share/AKSrCAw4pqHx,1732017550386300401
雑貨,atRise（アットライズ）,バランスケアスリッパ おしゃれ 洗える スリッパ 体幹 はくだけ ルームシューズ 健康スリッパ かわいい 室内 美脚 姿勢 むくみ つま先 かかと レディース 軽量 フリーサイズ 足指広げる 女性 メンズ 室内 自宅,"¥2,480",12,https://affiliate.tiktok.com/api/v1/share/AKSrCAwAKk6W,1732025242447545841
雑貨,atRise（アットライズ）,仕切り収納BOX アイボリー8マス 16マス 収納ボックス 小物収納 収納ケース シンプル色,"¥1,140〜¥1,440",12,https://affiliate.tiktok.com/api/v1/share/AKSrFiyTr7vb,1732025440837273073
雑貨,atRise（アットライズ）,サーモジャグ 保温ポット 保冷ポット 保温 保冷 1L キャンプ 北欧 卓上ポット 麦茶ポット お茶ポット ブラック ホワイト ポット おしゃれ 可愛い 魔法瓶,"¥5,780",12,https://affiliate.tiktok.com/api/v1/share/AKSrCAwpaFlq,1732025509381244401
雑貨,atRise（アットライズ）,トラベルポーチ 圧縮 おしゃれ 圧縮袋 衣類 旅行 圧縮ポーチ 収納ポーチ 圧縮 コンパクト 収納 水洗い可 仕切り ファスナー 国内旅行 海外旅行 メンズ レディース 軽量 トラベルグッズ 圧縮バッグ atRise,"¥1,680〜¥2,380",12,https://affiliate.tiktok.com/api/v1/share/AKSrFiyv4nEu,1732085209077417457
雑貨,atRise（アットライズ）,本革 ショルダーバッグ レディース 斜めがけ 大人 バッグ ソフト コンパクト 本革バッグ 上品 小さい ミニ ミニバッグ 斜め掛け 大人 小さめ ミニショルダーバッグ アットライズ プレゼント,"¥4,980",12,https://affiliate.tiktok.com/api/v1/share/AKSrFiyvLqYE,1732086453709866481
雑貨,atRise（アットライズ）,浴室 ラック マグネット シャンプーラック 棚 収納 バスルーム バスケット お風呂 浴室収納 磁石 壁面収納 浮かせる 小物 おもちゃ入れ  シャンプーボトル おしゃれ  タオルハンガー 強力 マグネットラック 壁面,"¥3,980〜¥4,380",12,https://affiliate.tiktok.com/api/v1/share/AKSrCAwzU6Qj,1732140353172375025
雑貨,atRise（アットライズ）,フライパンスタンド 伸縮 コンロ下 シンク下 フライパン収納 キッチン収納 鍋 なべ 蓋 立てる収納 調理器具 フライパン置き キッチン 台所 シンク下収納 トレー 持ち手置き 整理 収納上手 整う おしゃれ,"¥3,890",12,https://affiliate.tiktok.com/api/v1/share/AKSrCAwzl0qk,1732148697637946865
雑貨,atRise（アットライズ）,壁掛け時計 電波 おしゃれ 時計 壁掛け 掛け時計 電波時計 オシャレ リビング かわいい 北欧 クロック 静音 レトロ 軽量 オフィス 電波式 壁掛け 時計 見やすい 静か 電池式 シンプル 寝室 薄型 アナログ 新生活,"¥2,480〜¥2,980",12,https://affiliate.tiktok.com/api/v1/share/AKSrFiyxpPpf,1732149011267945969
雑貨,atRise（アットライズ）,調理台保護マット 耐熱 シリコンマット キッチン 調理台 保護 マット シート 60 × 80 cm 調理台保護シート 調理台マット  キッチンシート シンク カット 大判 拭ける シリコン コンパクト キッチンマット シンクマット,"¥3,880〜¥4,280",12,https://affiliate.tiktok.com/api/v1/share/AKSrCAx0202T,1732149333900494321
雑貨,atRise（アットライズ）,＼カラー豊富／ヘアアイロンケース 耐熱 カバー かわいい 旅行 持ち運び ヘアアイロン ケース 熱いまま ヘアアイロン収納 ポーチ 収納 アイロン収納 ヘアアイロンポーチ 吊り下げ トラベル ヘアアイロンホルダー トラベルポーチ,"¥1,980〜¥2,380",12,https://affiliate.tiktok.com/api/v1/share/AKSrFiz1g23x,1732237452054791665
雑貨,atRise（アットライズ）,エプロン おしゃれ ワンピース 保育士 かぶるだけ 北欧 かわいい ナチュラル カフェ 無地 シンプル 美容師 レディース キャミソール 送料無料 Sサイズ 小さいサイズ 大きいサイズ ギフト プレゼント,"¥2,180",12,https://affiliate.tiktok.com/api/v1/share/AKSrCAx49rZk,1732237467499726321
雑貨,atRise（アットライズ）,レンジガード コンロ 油はね ガード 油ハネガード ガスコンロ IH 折りたたみ 食洗機対応 コンパクト 油よけ 4面 キッチン用品 キッチングッズ 排気口カバー 壁 コンロカバー レンジパネル おしゃれ ステンレス製,"¥2,980〜¥3,480",12,https://affiliate.tiktok.com/api/v1/share/AKSrFiz1x40P,1732237872288859633
雑貨,atRise（アットライズ）,＼超軽量\!\!／日傘 折りたたみ 軽量 完全遮光 晴雨兼用 折りたたみ傘 超軽量 レディース 日傘 折り畳み傘 遮光 コンパクト 傘 UV日傘 女性 丈夫 おしゃれ かわいい 折りたたみ日傘 雨 遮熱 小さい アットライズ,"¥1,980",12,https://affiliate.tiktok.com/api/v1/share/AKSrCAx4Qr7B,1732238030115341809
雑貨,atRise（アットライズ）,【合わせ買い、複数購入不可】割れない鏡 全身鏡 ミラー 軽量 フィルムミラー 高さ 160 180 幅 50 60 80 全身 壁掛け 立て掛け スタンドミラー おしゃれ 玄関 ダンス 姿見 賃貸 安全,"¥12,990〜¥16,990",12,https://affiliate.tiktok.com/api/v1/share/AKSrFizmQI0q,1732245116398896625
雑貨,atRise（アットライズ）,＼電子レンジで２品同時調理／レンジ専用セイロ せいろ レンジ用 蒸し器 レンジ 調理器具 蒸し料理 セイロ レンジ対応 日本製 電子レンジ 蒸し料理 温野菜 蒸篭 蒸籠,"¥1,980〜¥2,480",12,https://affiliate.tiktok.com/api/v1/share/AKSrCAxvmPr8,1732303153516021233
雑貨,atRise（アットライズ）,【立てられる】布団収納袋  取っ手付き 不織布 立てる布団収納袋 布団収納 掛け布団 布団 布団収納ケース 自立 クローゼット 収納袋 引越し 袋 ダブルジッパー ふとん  大きいサイズ コンパクト 収納できる 縦置き 持ち手,"¥2,980",12,https://affiliate.tiktok.com/api/v1/share/AKSrFizmhR4P,1732303265143883249
雑貨,atRise（アットライズ）,まな板シート 70枚入り 厚手 丈夫 耐冷耐熱 抗菌 滑らない 使い捨て カットシート 衛生的 汚れ防止 色移り防止 雑菌対策 食中毒対策 キッチン用品 ロールじゃない,"¥1,750",12,https://affiliate.tiktok.com/api/v1/share/AKSrFizmyV1r,1732330609996432881
雑貨,atRise（アットライズ）,ソープディスペンサー 自動 泡 陶器 or ガラス ハンドソープ ボトル オート 大容量 液体 詰め替えボトル ポンプ式 手動 かわいい 北欧風 キッチン シンプル 高級感 プッシュ 洗面所 キッチン 洗剤ボトル ステンレス 新生活,"¥2,480〜¥5,380",12,https://affiliate.tiktok.com/api/v1/share/AKSrCAxwsSOf,1732331032929928689
雑貨,atRise（アットライズ）,グレーター チーズ グレーター おろし器 おろし金 掃除ブラシ付き 保護カバー付き チーズおろし器 チーズおろし チーズ削り しょうが にんにく レモン チョコレート,"¥1,780",12,https://affiliate.tiktok.com/api/v1/share/AKSrFizotmOu,1732331274656056817
雑貨,atRise（アットライズ）,水切りラック  (小物トレー付あり) 折りたたみ シンク上 くるくる巻ける 水切りかご 水切りマット スリム コンパクト シリコン キッチン 水切 水きり 抗菌 錆びない 52×42cm 収納 洗い物  台所用品 滑り止め 伸縮,"¥2,480〜¥2,980",12,https://affiliate.tiktok.com/api/v1/share/AKSrFizpRqUy,1732526841256707569
雑貨,atRise（アットライズ）,エプロン かぶるだけ キーネック サイドリボン 楽 黒 おしゃれ リボン ワンピース かわいい ブラック 無地 北欧風 洗える ポケット 保育士 h型 レディース 大人 ノーアイロン ギフト プレゼント,"¥2,580〜¥2,680",12,https://affiliate.tiktok.com/api/v1/share/AKSrCAxzM2zO,1732540664167499249
雑貨,atRise（アットライズ）,縦型 軽い 大きめ 仕切り 自立 整理 整頓 深型 バッグインバッグ リュック トート インナーバッグ マザーズバッグ ポーチ トラベルポーチ バックインバック,"¥2,180",12,https://affiliate.tiktok.com/api/v1/share/AKSrFizpisty,1732578998092793329
雑貨,atRise（アットライズ）,お皿になるまな板 食洗機対応 抗菌  日本製 おしゃれ  小さい サイズ カッティングボード  カットプレート カットボード ピザ パン  丸 長皿 お皿 皿 長方形 四角 円形 丸型  黒,"¥780〜¥1,280",12,https://affiliate.tiktok.com/api/v1/share/AKSrCAy1HCU0,1732581745558980081
雑貨,atRise（アットライズ）,【本革】二つ折り財布 財布 レディース 二つ折 本革 レディース コンパクト 財布 バイカラー 二つ折り財布メンズ 本革 ミニ財布 本革 レザー 小銭入れポケット おしゃれ アットライズ プレゼント,"¥4,980",12,https://affiliate.tiktok.com/api/v1/share/AKSrFizpzuFj,1732614509284328945
雑貨,atRise（アットライズ）,ブランチツリー 卓上 枝ツリー ライト ホワイト 玄関 リビング クリスマス クリスマスツリー ハロウィン おしゃれ かわいい インテリア,"¥4,950",12,https://affiliate.tiktok.com/api/v1/share/AKSrCAy1YGbi,1732614845972645361
雑貨,atRise（アットライズ）,ティッシュケース 吊り下げ 車 おしゃれ ティッシュカバー ティッシュボックス ソフトパック かわいい 北欧 壁掛け ペーパータオル 車用ティッシュケース,"¥1,100",12,https://affiliate.tiktok.com/api/v1/share/AKSrFizrvNPx,1732649423002371569
雑貨,atRise（アットライズ）,油汚れクロス 油汚れふきん キッチンクロス レンジクロス 布巾 油汚れ 専用 ふきん 台拭き マイクロファイバー クロス タオル キッチンタオル コンロ レンジ ガス IH 排気口 掃除 キッチン kit9,"¥1,280",12,https://affiliate.tiktok.com/api/v1/share/AKSrCAyebE8D,1732769630395991537
雑貨,atRise（アットライズ）,【2本セット】 毛玉取り ブラシ ペット 毛 取り クリーナー ホコリ ブラシ 抜け毛 カーペット ソファ こたつ 毛玉取りブラシ 毛玉とり 猫の毛 犬の毛 カーペットクリーナー ペット 用品,"¥1,000",12,https://affiliate.tiktok.com/api/v1/share/AKSrFj0erx9U,1732770399044011505
雑貨,atRise（アットライズ）,巾着バッグ ナイロン風 ショルダーバッグ レディース ナイロンバッグ 軽い 斜め掛け 4way 巾着  リュック ブラック 巾着ショルダー レディースバッグ バッグ ペットボトル 巾着 おしゃれ グレージュ アイボリー ドロスト ドロストバッグ,"¥6,980",12,https://affiliate.tiktok.com/api/v1/share/AKSrFj0fQ9TO,1732841542407390705
雑貨,atRise（アットライズ）,セキュリティポーチ スキミング 防止 旅行 海外旅行 防犯 財布 パスポートケース 貴重品 マネーベルト トラベル 盗難防止 薄い 隠せる 薄型 ウエストポーチ メンズ レディース 撥水 磁気防止 ジム アウトドア 防災,"¥1,980",12,https://affiliate.tiktok.com/api/v1/share/AKSrCAykeUNG,1732841676963874289
雑貨,atRise（アットライズ）,【2026年最新モデル】パネルヒーター 足元 折りたたみ デスク下 リモコン付き こたつ ワイド オフィス 遠赤外線 デスク 足元ヒーター デスクヒーター PSE認証 暖房器具 省エネ 節電 自動電源オフ 筒型 ラウンド型 AT01,"¥7,980",12,https://affiliate.tiktok.com/api/v1/share/AKSrFj0fh8lH,1732841707283645937
雑貨,atRise（アットライズ）,ショルダーバッグ レディース 財布 お財布 ショルダー お財布ポシェット お財布ショルダー ポシェット フェイクレザー ペットボトルが入る 長財布 バッグ お財布バッグ 大人 小さめ 大きめ 大容量 レザー お財布機能付 斜め掛け 斜めがけ 軽量 軽い,"¥5,980",12,https://affiliate.tiktok.com/api/v1/share/AKSrFj0gFGpR,1733007608536532465
雑貨,atRise（アットライズ）,スラックスハンガー 20本掛け 大容量 ラック キャスター付き 収納 コンパクト ズボンハンガー パンツハンガー おしゃれ 押入れ収納 衣類収納 ウォークインクローゼット ハンガー 物干し スリム スラックスハンガーラック,"¥5,990",12,https://affiliate.tiktok.com/api/v1/share/AKSrFj0gWSEF,1733042726062228977
雑貨,atRise（アットライズ）,《新仕様登場\!》センサーライト ライト コンセント 人感センサーライト 室内 フットライト 足元灯 屋内 人感 センサー 調光 省エネ 明るさ 調整 調節 タイマー 自動点灯 消灯 LED 室内 玄関 廊下 トイレ 階段 明るい,"¥1,580",12,https://affiliate.tiktok.com/api/v1/share/AKSrCAyqhRNx,1733042781373302257
雑貨,atRise（アットライズ）,仕切りフライパン フライパン 仕切り 3つ IH ガス 対応 20cm 24cm IH対応 蓋 セット も 蓋付き 卵焼き 長持ち 小さい サイズも 深型 深い 深め 20センチ 24センチ お弁当 朝食 朝ごはん,"¥3,850〜¥4,950",12,https://affiliate.tiktok.com/api/v1/share/AKSrFj0gnJ0P,1733076659517621745
雑貨,atRise（アットライズ）,人感センサー ライト センサーライト 充電式 フットライト 足元灯 バーライト 人感センサーライト室内 充電 マグネット LED usb充電 防災 屋内 玄関 LEDライト 自動点灯 超薄型 白色 電球色 自動消灯 停電,"¥1,480",12,https://affiliate.tiktok.com/api/v1/share/AKSrCAyqyZgr,1733078360103421425
雑貨,atRise（アットライズ）,電気毛布 ブランケット USB給電 3段階温度調節 毛布 ファスナー付き,"¥3,480",12,https://affiliate.tiktok.com/api/v1/share/AKSrFj13cNwN,1733102177492370929
雑貨,atRise（アットライズ）,毛玉取り器 毛玉取り USB 充電 式 3段階 調整 毛玉取り機 毛玉クリーナー けだまとり 電動 充電 リントクリーナー 軽い 軽量 綺麗 ハンディ タイプ 毛羽立ち 替刃付き セーター コート 布団 衣替え,"¥2,780",12,https://affiliate.tiktok.com/api/v1/share/AKSrCAzHeBuh,1733120832671811057
雑貨,atRise（アットライズ）,グリルプレート 魚焼きグリル トースター グリル 電子レンジ 直火 ガス 陶器 ハーフ グレージュ ブラック プレート 食洗機対応 グリルパン 目玉焼き パン,"¥2,480",12,https://affiliate.tiktok.com/api/v1/share/AKSrFj18qL2U,1733121217918830065
雑貨,atRise（アットライズ）,A4 バッグ レディース トート 通勤 ショルダー ハンドバッグ 2way トートバッグ 軽量 通勤用 自立 巾着バッグ 巾着 バッグ ダブルポケット 大容量 通勤バッグ 軽い 仕事用 通学 通学バッグ おしゃれ 肩掛け 縦型 A4サイズ,"¥6,980",12,https://affiliate.tiktok.com/api/v1/share/AKSrCAzLUrRG,1733121407460673009
雑貨,atRise（アットライズ）,旅行バッグ 折り畳み ボストンバッグ レディース 軽量 大容量 旅行カバン 折りたたみ キャリー トラベルバッグ パッカブルボストンバッグ キャリー 旅行 3way バッグ キャリーオンバッグ 軽い おしゃれ 旅行バック,"¥3,080",12,https://affiliate.tiktok.com/api/v1/share/AKSrFj1BJpnH,1733216097504232945
雑貨,atRise（アットライズ）,持ち運び メイク直し ミラー付き ポケットティッシュ収納 化粧ポーチ メイクポーチ コスメポーチ 自立 洗える 小物入れ トラベル ミニポーチ 便利 収納 防災ポーチ 大容量 可愛い 小さめ 大きめ 多機能 旅行 撥水 軽量 鏡付き,"¥2,480",12,https://affiliate.tiktok.com/api/v1/share/AKSrFj1FAUkr,1733432098298693105
雑貨,atRise（アットライズ）,バッグインバッグ 軽量メッシュ 吊り下げ 吊り下げバッグインバッグ 小さめ 軽量 薄型 ポケット付き インナーバッグ 整理整頓 仕切り 旅行 便利グッズ 後付けポケット 小物ポケット 軽い バッグ ポケット インナーポーチ,"¥1,980〜¥2,180",12,https://affiliate.tiktok.com/api/v1/share/AKSrCAzMK1NI,1733432484847781361
雑貨,atRise（アットライズ）,atRise 洗濯槽クリーナー 縦型ドラム式 500g 酸素系 粉末 除菌 防カビ 消臭 無添加 洗濯機 風呂釜 排水溝 トイレタンク 洗浄剤 年末大掃除,"¥1,980",12,https://affiliate.tiktok.com/api/v1/share/AKSrFj1FRWeG,1733470038776645105
雑貨,atRise（アットライズ）,バッククロス エプロン おしゃれ かわいい ナチュラル 北欧 カフェ 韓国 無地 シンプル 保育士 レストラン 美容師 エステ レディース ワークエプロン 送料無料 ギフト プレゼント キッチン kit,"¥1,780",12,https://affiliate.tiktok.com/api/v1/share/AKSrCAzMb8nJ,1733473470286628337
雑貨,atRise（アットライズ）,がま口 ポーチ 小物入れ レース レースポーチ がまぐち ガマ口 小さめ おしゃれ 可愛い 化粧ポーチ コスメポーチ メイクポーチ スクエア 財布 がま口財布 ミニ財布 小銭入れ プレゼント アットライズ,"¥1,780",12,https://affiliate.tiktok.com/api/v1/share/AKSrFj1FifFG,1733478241672398321
雑貨,atRise（アットライズ）,浴室ラック マグネット 収納 マグネットバスルームラック 浴室棚 バスラック お風呂 浴室 バスルーム 磁石 ボトル ディスペンサー 公式 ホワイト ブラック シンプル ワイド 大きい 後付け 増設 折りたたみ,"¥2,480",12,https://affiliate.tiktok.com/api/v1/share/AKSrGtTWZFom,1733590440143980017
雑貨,atRise（アットライズ）,ホーロー 両手鍋 鍋 ホーロー鍋 卓上鍋 一人鍋 1人用 ひとり鍋 蓋付き ホーロー両手鍋 ほうろう鍋 ガラス IH対応 20cm 料理 琺瑯鍋 かわいい ガス 耐熱 保温 煮込み 揚げ 蒸し ラーメン鍋 浅型 深型 キッチン kit,"¥3,480",12,https://affiliate.tiktok.com/api/v1/share/AKSrFj1GGgXW,1733707580958213617
雑貨,atRise（アットライズ）,ソフトパックティッシュ 24パック 320枚 160組 箱なし 大容量 ローリングストック コンパクト 持ち運び 便利 生活用品 日用品 常備品 備蓄 防災グッズ まとめ買い ティッシュペーパー,"¥2,980〜¥8,720",12,https://affiliate.tiktok.com/api/v1/share/AKSrGtTah6Ug,1733707766747334129
雑貨,atRise（アットライズ）,【フチ付き！まな板】抗菌 まな板 かまぼこ型 食洗機 対応 おしゃれ 滑り止め 曲がる D型 丸 半円 軽量 両面 カッティングボード 黒 エクリュ グレージュ  耐熱,"¥2,480",12,https://affiliate.tiktok.com/api/v1/share/AKSrGtTayC2c,1733930956150900209
雑貨,atRise（アットライズ）,本革 ショルダーバッグ レディース 小さめ 斜め掛け レザー お財布 ショルダー 巾着 バッグ 大人 ミニバッグ ファスナー 小さい 2way 長財布が入る 軽量 財布 大人,"¥6,980",12,https://affiliate.tiktok.com/api/v1/share/AKSrFj1uPjSQ,1733967374785611249
雑貨,atRise（アットライズ）,ミニ財布 レディース 財布 コンパクト かわいい 可愛い 小さい 小さめ 三つ折り財布 三つ折り 小さい財布 ミニウォレット カードケース おしゃれ 小銭入れ 定期入れ アットライズ プレゼント,"¥1,680",12,https://affiliate.tiktok.com/api/v1/share/AKSrFj1uxyhl,1734140539637564913
雑貨,atRise（アットライズ）,《小さめサイズ》オーブンミトン 耐熱ミトン シリコンミトン 鍋つかみ 耐熱300度 防水 耐熱 オーブンミトン かわいい 両手用 ミトン 耐熱グローブ オーブン手袋 キッチン 滑り止め おしゃれ 洗える 兼用,"¥1,580",12,https://affiliate.tiktok.com/api/v1/share/AKSrGtUGDY0F,1734176846900266481
雑貨,atRise（アットライズ）,マザーズバッグ 撥水 トートバッグ 洗える バッグ 軽量 軽い 大容量 レディース ショルダー 肩掛け ヌビトートバッグ 出産祝い 通勤 A4 入院 一泊二日 小旅行,"¥4,980",12,https://affiliate.tiktok.com/api/v1/share/AKSrFj1vmxxU,1734208349281682929
雑貨,atRise（アットライズ）,ボディバッグ レディース 巾着 フリルショルダー 大人ガーリー きれいめ ママバッグ卒業 カジュアルガーリー バッグ 軽量 撥水 A4収納 ペットボトル 斜めがけ おでかけ 旅行 送料無料,"¥6,980",12,https://affiliate.tiktok.com/api/v1/share/AKSrGtUKLBaA,1734230537467102705
雑貨,atRise（アットライズ）,【新商品】冷凍お茶わん 冷凍ごはん容器  お米保存容器 冷凍ごはん お米 ごはん 冷凍 容器 冷凍保存 炊き立てごはん ふっくら レンジ 冷凍ごはん 炊き立て ご飯 保存容器 電子レンジ 食洗器 食洗機,"¥1,430",12,https://affiliate.tiktok.com/api/v1/share/AKSrFj1w4Cv3,1734304893496952305
雑貨,atRise（アットライズ）,掛け布団収納 ケース カバー クッション 布団収納 背もたれ 座布団 布団収納袋 掛け布団 収納 かけ布団 クッションカバー トライアングル スクエア 布団 見せる収納 背もたれ ふとん,"¥3,480",12,https://affiliate.tiktok.com/api/v1/share/AKSrGtUKcGsx,1734340417478821361
雑貨,atRise（アットライズ）,高圧洗浄機 コードレス バッテリー式 連続稼働 35分 コンパクト収納 バケツ 取り外し可能 洗車ノズル バブルフォーム 軽量,"¥29,800",12,https://affiliate.tiktok.com/api/v1/share/AKSrGtUKtL2P,1734417312979977713
雑貨,atRise（アットライズ）,新商品 サニタリーハンカチ ポーチ タオル サニタリーポーチ ポケットハンカチ ハンドタオル 綿100％ コットン 小学生 中学生 高校生 サニタリー ナプキン 生理用品 かわいい シンプル おしゃれ,"¥1,280",12,https://affiliate.tiktok.com/api/v1/share/AKSrFj1wcEiL,1734438130143299057
雑貨,atRise（アットライズ）,【精米モード８種類】精米機 1〜5合  家庭用 無洗米 みがき米機能 白米 玄米 備蓄米 古米 精米器 コンパクト おしゃれ シンプル スリム 胚芽米 軽量 分つき キッチン家電 5合 2合 精米機家庭用 ライスクリーナー アットライズ,"¥16,800",12,https://affiliate.tiktok.com/api/v1/share/AKSrGtULAKx0,1734443994871203313
雑貨,atRise（アットライズ）,クラッチバッグ メンズ 結婚式 小さめ 黒 冠婚葬祭 セカンドバッグ 葬式 卒業式 入学式 フォーマル クラッチ バッグ パーティー ビジネス カジュアル かばん 鞄 軽量 コンパクト 人気 ギフト プレゼント,"¥2,980",12,https://affiliate.tiktok.com/api/v1/share/AKSrFj1xRHfl,1734505664996017649
雑貨,atRise（アットライズ）,がばっと開く 書類収納ケース A4 自立 13ポケット 書類ケース ドキュメントファイル おしゃれ ジャバラ ファイルボックス 収納ボックス 書類 整理 収納 ケース ファイル 収納ケース 取説 保証書 プリント 通知表 確定申告,"¥2,680",12,https://affiliate.tiktok.com/api/v1/share/AKSrGtUPZCaG,1734535244710577649
雑貨,atRise（アットライズ）,ポーチ 小物入れ 可愛い 柄 花柄 スクエア 化粧ポーチ メイクポーチ コスメポーチ かわいい トラベルポーチ 化粧品 ポーチ 大きめ ポーチ 小さめ 大容量 機能的 かわいい 縦型 収納 整理 自立 メイク プレゼント,"¥1,980〜¥3,280",12,https://affiliate.tiktok.com/api/v1/share/AKSrFj2Mjttf,1734565277401056753
雑貨,atRise（アットライズ）,バッグインバッグ 仕切り 大きめ 小さめ リュック 縦型 自立 縦 大 a4 インナーバッグ トート バックインバック 軽量 軽い ファスナー ポケット バッグ トートバッグ ポーチ,"¥1,780〜¥2,380",12,https://affiliate.tiktok.com/api/v1/share/AKSrGtUjuoID,1734565454553384433
雑貨,atRise（アットライズ）,バニティポーチ 化粧ポーチ ポーチ 大きめ 大容量 メイクポーチ 小物入れ 可愛い 小さい トラベルポーチ かわいい おしゃれ コンパクト 縦型 収納 自立 機能的 持ち歩き バッグインバッグ,"¥2,980",12,https://affiliate.tiktok.com/api/v1/share/AKSrFj2N0trb,1734571386337330673
雑貨,atRise（アットライズ）,【選べる2タイプ】レジカゴ保冷バッグ レジカゴ丸ごと保冷バッグ MEAL BAG 保温 レジカゴ バッグ 自立 保冷 大容量 買い物バッグ エコバッグ おしゃれ レジかご 丸ごと 入る 折りたたみ 買い物 マイカゴ マグネット,"¥3,980〜¥4,680",12,https://affiliate.tiktok.com/api/v1/share/AKSrGtUkjnW2,1734912518983484913
雑貨,atRise（アットライズ）,日めくりカレンダー 知育 カレンダー 日めくり 子ども 卓上 万年カレンダー 万年 かわいい おしゃれ マンスリーカード レターバナー イベント 月齢フォト 月齢カード 北欧 1年 英語 漢字,"¥3,480",12,https://affiliate.tiktok.com/api/v1/share/AKSrFj2NHuue,1734967585914652145
雑貨,BeeliciousOfficial,\[1周年 黒白購入でギフト\] Beelicious ノンフライヤー 4.5L 大容量、静音マットブラック / 木目調（指紋が目立ちにくい）・見える窓付き、エアフライヤー、油カット、省エネ、最高温度・マット200°C / 木目220°C、1-5人用、家庭用、テーブルトップ、電動フライヤー,"¥6,375〜¥7,499",13,https://affiliate.tiktok.com/api/v1/share/AKvFDPi5faue,1731949276221769405
雑貨,BeeliciousOfficial,\[1周年\] Beelicious スープメーカー 1000ml ｜全自動 濃厚スープ・豆乳・お粥｜乾燥豆からそのままOK・こし不要｜強靭8枚刃｜高温自動洗浄・除菌｜12時間予約｜離乳食・ジュース・ナッツ対応,"¥6,500",13,https://affiliate.tiktok.com/api/v1/share/AKvFE0O7jYZP,1734216108967495357
雑貨,FULNG SHOP,期間限定クーポン 15日～25日！10％オフ【FULNG公式店】お風呂 排水溝 掃除 ユニットバス 排水口ネット 排水溝ネット はいすいこう ネット ごみ受け  極排水,"¥2,580",9,https://affiliate.tiktok.com/api/v1/share/AKa6WKdaXhYc,1733106620972172422
雑貨,FULNG SHOP,期間限定クーポン 15日～25日！10％オフ【FULNG公式店】お風呂ヘアキャッチャー TOTO向け お風呂 排水溝 掃除 ユニットバス 排水口ネット 排水溝ネット はいすいこう ネット ごみ受け 極排水,"¥2,580",9,https://affiliate.tiktok.com/api/v1/share/AKa6Npk6C9vG,1733106803859096710
雑貨,FULNG SHOP,期間限定クーポン 15日～25日！10％オフ【FULNG公式店】洗面台用ヘアキャッチャー 洗面台 排水口 排水溝 ゴミ受け 髪の毛 毛髪 ホコリ掃除 排水口ネット 排水溝ネット はいすいこう ネット ごみ受け 極排水,"¥2,180",9,https://affiliate.tiktok.com/api/v1/share/AKa6Nr74rCC0,1733107078646629510
雑貨,FULNG SHOP,期間限定クーポン 15日～25日！10％オフ【FULNG公式店】キッチン排水口用 シンク 排水口 ゴミ受け ステンレス キッチン 排水口 排水溝 水切りネットホルダー ?口径14.5cm対応 お手入れ簡単 流し用 水回り 台所 隠し式ゴミ,"¥2,380",9,https://affiliate.tiktok.com/api/v1/share/AKa6WKdaoq2U,1733107211423679622
雑貨,Mycelium Market,youdijia 多機能電気鍋｜炊飯・調理・蒸し・揚げ・焼き・煮込み、これ1台でOK！※ご注文時は蒸籠の有無をご確認ください（蒸籠付き／なしが選べます）,"¥2,000〜¥4,500",15,https://affiliate.tiktok.com/api/v1/share/AKVs28U2d7K4,1734015998044440207
雑貨,NEO lifestyle 暮らしを便利に,【安心の国内発送】まるで魔法！ 吸水2.5倍 プレミアムバスマット Mirx ミラクス 珪藻土バスマット  珪藻土マット ソフト 速乾 冷たくない 割れない ノンアスベスト  ソフトタイプ 大判 バスマット 足拭き 柔らか5mm厚 お風呂 手入れ簡単  60\*40cm  70\*50cm,"¥2,682〜¥3,582",13,https://affiliate.tiktok.com/api/v1/share/AKQFhCcq0xzf,1731817266826282235
雑貨,NEO lifestyle 暮らしを便利に,【めざましTVで紹介】麦茶ポット お茶ポット 冷水筒 ピッチャー 横置き 冷水ボトル 耐熱 3.5リットル Mirx ミラクス  3.5l 洗いやすい  ロック付き お茶ボトル プラスチック ドリンクサーバー 冷蔵庫 ハンドル付き,"¥2,985",13,https://affiliate.tiktok.com/api/v1/share/AKQFevOJhneG,1731819260101559547
雑貨,NEO lifestyle 暮らしを便利に,【2個以上で10％OFF】Prestoor 弁当箱 密閉 漏れない 保存容器 密閉容器 タッパー 電子レンジ対応 食洗機対応 冷凍OK ランチボックス プラスチック おしゃれ 大人 弁当 作り置き キッチン 保存 容器 キャニスター フードコンテナ 754ml,"¥2,784",13,https://affiliate.tiktok.com/api/v1/share/AKQFhCcqYzq1,1734505672100447483
雑貨,SWAG_STORE,Tooth paste｜歯磨き粉　トゥースペースト,"¥1,430",14,https://affiliate.tiktok.com/api/v1/share/AKSwdLkdvxvF,1732945019083850781
雑貨,SWAG_STORE,Tongue cleaner｜タンクリーナー　舌クリーナー,¥990,14,https://affiliate.tiktok.com/api/v1/share/AKSwfIB0L4aM,1732926159594488861
雑貨,UGREEN Japan 公式,UGREEN Uno 100W USB Cケーブル【1M】 iPhone 充電ケーブル PD3.0 100W/5A iPhone 17 16 急速充電 LED 笑顔可視化 面白い Type-C USB C to C コード 高耐久性 iPhoneシリーズ、MacBook Pro、Matebook、iPad、Xperia、Galaxy等タイプC機種対応,"¥1,180",12,https://affiliate.tiktok.com/api/v1/share/AKUVkSXgqshg,1733267003706607177
雑貨,UGREEN Japan 公式,UGREEN Uno 100W USB Cケーブル【2M】 iPhone 充電ケーブル PD3.0 100W/5A iPhone 17 16 急速充電 LED 笑顔可視化 面白い Type-C USB C to C コード 高耐久性 iPhoneシリーズ、MacBook Pro、Matebook、iPad、Xperia、Galaxy等タイプC機種対応,"¥1,280",12,https://affiliate.tiktok.com/api/v1/share/AKUVilazkipM,1733267059310233161
雑貨,UGREEN Japan 公式,UGREEN Uno マグネットモバイルバッテリー (5000-10000mAh Qi・7.5W USB-Cｘ1) 折畳式スタンド付き モバイルバッテリー Qi ワイヤレス充電対応 TFTスクリーン・表情表示 タイプC PD 20W 急速充電対応 コンパクト パススルー機能 低電流モード搭載 PSE技術基準適合 【iphone17-12シリーズ マグネット対応機種に適用 その他】 PB572 メタリック,"¥5,598〜¥7,980",12,https://affiliate.tiktok.com/api/v1/share/AKUVim6KmRLS,1733267157210859081
雑貨,UGREEN Japan 公式,UGREEN 充電器 Uno 65W 急速充電器 USB-C\*2とUSB-A\*1 PD/PPS/QC4+/SCP規格対応 MacBook Air/iPad Pro/iphone17/15/14/13/12/GalaxyS23-S10シリーズ/Xperiaシリーズ/Pixelシリーズ対応 PSE認証済,"¥3,766",12,https://affiliate.tiktok.com/api/v1/share/AKUVimC5yy8Q,1733267937521403465
雑貨,UGREEN Japan 公式,UGREEN FineTrack Mini Smart Finder Apple認証済み iOS対応 18ヶ月バッテリー 80dBビープ音 Bluetoothトラッカー 紛失防止タグ カバン 鍵 スーツケース パスポート用,"¥1,498",12,https://affiliate.tiktok.com/api/v1/share/AKUVkSXnisv4,1733268048283534921
雑貨,UGREEN Japan 公式,UGREEN 当社最小の巻き取り式充電器 45W 急速充電器 3ポート USB-Cケーブル付き（69cm 8段調節）【PSE技術基準適合】PD充電器 タイプc GaN III技術PD3.0/PPS/QC3.0/FCP対応 iphone17/16/15/14/13/12/iPad/Galaxy/Switch/MacBook対応,"¥3,980",12,https://affiliate.tiktok.com/api/v1/share/AKUVilb01ut2,1734689756960228937
雑貨,UGREEN Japan 公式,UGREEN FineTrack Smart Finder  スマートトラッカー Appleの「探す」に対応 (iOS端末のみ) スマートタグ SmartTrack 紛失防止タグ/探し物 鍵/バッグ/財布/荷物/ペットの首輪など用 置き忘れ防止 スマホ鳴らす/防水/軽量,"¥1,680〜¥2,980",12,https://affiliate.tiktok.com/api/v1/share/AKUVim6ReXYp,1734790849545864777
雑貨,WHIP SPICE,WHIPSPICE　車載ディフューザー＆選べる香りセット 10ml ネブライザー システム ・ マットブラックデザイン,"¥13,500",12,https://affiliate.tiktok.com/api/v1/share/AKauuUeWXnsi,1733273309060827054
雑貨,WHIP SPICE,WHIP SPICE アロマオイル　10ml　　　１本,"¥4,400",12,https://affiliate.tiktok.com/api/v1/share/AKauuV3zUSLu,1733298105948407726
雑貨,WHIP SPICE,WHIP SPICE アロマディフューザー　10ml　ボトル　お部屋車　２IN１エンジン連動タイマー機能搭載,"¥9,900",12,https://affiliate.tiktok.com/api/v1/share/AKauuWCaw7Bs,1733298536325023662
雑貨,WHIP SPICE,WHIP SPICE 季節限定の香り アライブドアンバー　10ml,"¥3,800",12,https://affiliate.tiktok.com/api/v1/share/AKauuUeWompA,1734863209541699502
雑貨,ジョンソン公式ショップ,流せるトイレブラシ 本体＋替え12p×4（香りお試しセット）,"¥3,865",12,https://affiliate.tiktok.com/api/v1/share/AKvCPAsRfm4T,1735689701216847561
雑貨,ジョンソン公式ショップ,スクラビングバブル トイレお掃除セット（流せるトイレブラシ、トイレスタンプ、超強力トイレクリーナーのセット）,"¥6,262",12,https://affiliate.tiktok.com/api/v1/share/AKvCPBG5sOby,1735689701216913097
雑貨,ダニ捕りロボ,【ダニ増殖抑制率99.9%以上】ダニ捕りロボ 本体 ( レギュラー 1個 ) 日本製 乾燥 ( ダニ取りシート / 3か月有効 / 殺虫剤成分ゼロ ) 赤ちゃん ペットにも安心 日革研究所,"¥1,729〜¥8,250",15,https://affiliate.tiktok.com/api/v1/share/AL2dvm7ykNa9,1736221831096862509
雑貨,ビジョンショップ（ＶＩＳＩＯＮ）,【LIVE限定】3D 首振りサーキュレーター扇風機 上下左右自動首振り 1 台 4 役 空気循環 / 涼風 / 換気 / 衣類乾燥 3 段階風量調整 4 種類運転モード リモコン付き LED タッチパネル 12 時間タイマー 高さ 2 段階調節 省エネ 33W 最大 45dB 静音設計 軽量 2.9kg お手入れ簡単 25 畳対応 ホワイト / グレー 熱中症対策 夏の快適ライフに,"¥5,480〜¥9,280",10,https://affiliate.tiktok.com/api/v1/share/AKmoDeQhMHRI,1734934115269510150
雑貨,ビジョンショップ（ＶＩＳＩＯＮ）,【2026 夏最新】ペルチェ冷却搭載 首掛け扇風機 体感 - 15℃瞬間冷却 360° 全方位送風 6 段階風量調整 4000mAh 大容量 最大 15 時間連続使用 羽根なし安全設計 15dB 超静音 約 360g 軽量 角度調節可能 LED デジタル表示 ハンズフリー 熱中症対策 通勤・アウトドア・オフィス・在宅ワーク対応 ホワイト / ネイビー 2 色 夏の必需品 首掛けクーラー ネックファン,"¥3,380〜¥6,380",10,https://affiliate.tiktok.com/api/v1/share/AKmo8kQWFYSK,1734943572661273606
雑貨,ヤスカ,即納 収納ボックス 折りたたみ ふた付き 収納ケース 収納 キャスター付き 5面開き 前開き 組み立て式 屋外 おしゃれ プラスチック コンテナ ボックス 衣類 布団,"¥1,999〜¥8,089",12,https://affiliate.tiktok.com/api/v1/share/AL2dyroUUrRc,1733722431569298636
雑貨,ヤスカ,日傘 折りたたみ 完全遮光 自動開閉 形状記憶 晴雨兼用 UVカット100％ 紫外線対策 軽量 撥水 コンパクト メンズ レディース 紫外線カット 男女兼用 6本骨 ギフト,"¥3,555",12,https://affiliate.tiktok.com/api/v1/share/AL2e5QW9pcff,1736007983100888268
雑貨,防災グッズのchama-cha,選べる 熱中症対策キット cr-331 10点セット 15点セット クーラーバッグ 応急処置 熱中症対策 グッズ 瞬間冷却剤 水分補給 ゼリー ドリンク 塩分チャージ タブレット 冷却タオル 経口補水液 予防カード 工事現場,"¥3,588〜¥4,548",7,https://affiliate.tiktok.com/api/v1/share/AKauuICNU3ap,1735465314159200087
雑貨,防災グッズのchama-cha,カイロ 30個 日本製 集中豪雨 防災 7年保証 常備用カイロ 中身だけ まとめ買い 単品 非常用 家族用 備蓄用 防災グッズ 災害対策 防災用品 避難グッズ,"¥4,500",7,https://affiliate.tiktok.com/api/v1/share/AKSqBYye9ggT,1734107845486872407
雑貨,防災グッズのchama-cha,CoCo壱番屋監修 尾西 の カレーライス 5食セット 災害食 行動食 レトルト 備蓄 日常食 ５年保存 長期保存 尾西食品,"¥5,180",7,https://affiliate.tiktok.com/api/v1/share/AKSqBYxaA0rW,1734091889959012183
雑貨,防災グッズのchama-cha,防災 携帯 おにぎり 24個セット 中身だけ 5年保存 詰め替え用  備蓄用 防災グッズ 保存食 非常食 災害対策 地震対策 防災用品,"¥7,980",7,https://affiliate.tiktok.com/api/v1/share/AKSqBYxaRBx7,1733636862390011735
雑貨,防災グッズのchama-cha,防災セット 万能 30点セット 寝袋 付き 1人用 327リュック ウエストポーチ ランタン 集中豪雨 防災グッズ 非常用持出袋 防災リュック 災害対策 防災用品 トイレ地震 保存水 防災 レインコート cr-327 cr-330,"¥24,800",7,https://affiliate.tiktok.com/api/v1/share/AKSqBYyQ8JPx,1734319953206871895
