campaign,campaign_id,shop,category,cat_src,name,price,rate,aff,product_id,image,start,end,live
PHOEBE BEAUTY UP様,7657644188943533842,PHOEBE BEAUTY UP,美容・コスメ,id,【公式】アイラッシュセラムN2（まつ毛美容液）フィービー ビューティーアップ,"4,664円",35.0,https://affiliate.tiktok.com/api/v1/share/ALL5LmXMCLUX,1734387011059942799,product-images/1734387011059942799.jpeg,2026-07-02,2027-06-30,
バッカス様 x EnterCommerce,7661931626558244626,株式会社バッカス,ファッション・アパレル,shop,【公式】特別カラー Pitsole (ピットソール) - 200万足突破! 体重最大-5.3kg 体脂肪最大-3.8kg XS/S/M/L 単品,"6,578円",35.0,https://affiliate.tiktok.com/api/v1/share/ALJh4uGgRsHf,1733956691836044688,product-images/1733956691836044688.jpeg,2026-07-13,2027-07-01,
バッカス様 x EnterCommerce,7661931626558244626,株式会社バッカス,ファッション・アパレル,shop,【公式】Room shoes by Pitsole (ルームシューズバイピットソール) - 累計200万足突破! 体重最大-5.3kg 体脂肪最大-3.8kg 22~28cm 単品,"6,578円",35.0,https://affiliate.tiktok.com/api/v1/share/ALJh4uPbR7yE,1733992902167397776,product-images/1733992902167397776.jpeg,2026-07-13,2027-07-01,
バッカス様 x EnterCommerce,7661931626558244626,株式会社バッカス,ファッション・アパレル,shop,【公式】 Pitsole for kids(ピットソールキッズ) - 200万足突破! お子様用特殊設計インソール,"6,578円",35.0,https://affiliate.tiktok.com/api/v1/share/ALJgz1XbbLt9,1734088660182926736,product-images/1734088660182926736.jpeg,2026-07-13,2027-07-01,
バッカス様 x EnterCommerce,7661931626558244626,株式会社バッカス,食品,kw>shop,Oigurt-オイグルト- 機能性表示食品 健康食品 ヨーグルトパウダー 健康サプリ 便通 改善 乳酸菌 30袋入り,"6,980円",35.0,https://affiliate.tiktok.com/api/v1/share/ALJh4uGgiuLE,1735688905418835344,product-images/1735688905418835344.jpeg,2026-07-13,2027-07-01,
TIRTIR様×EnterCommerce,7612865217580959495,tirtir.jp,美容・コスメ,id,TIRTIR  マスクフィットレッドクッション SPF40 PA++  72時間持続 密着カバー ツヤ肌 長時間キープ ファンデーション クッションファンデ 韓国コスメ,"2,673円",30.0,https://affiliate.tiktok.com/api/v1/share/ALL8bPimxHnL,1732263809155041215,product-images/1732263809155041215.jpeg,2026-03-03,2026-12-31,
TIRTIR様×EnterCommerce,7612865217580959495,tirtir.jp,美容・コスメ,id,TIRTIR マスクフィットクリスタルメッシュクッション  SPF50+ PA++++ 72時間持続 濃密カバー力 グロウカバー ツヤ 高光沢フォーミュラ スキンケア成分 透明感 長時間キープ ファンデーション クッションファンデ 韓国コスメ,"2,673円",30.0,https://affiliate.tiktok.com/api/v1/share/ALL8e0d3XbWE,1732296316203927487,product-images/1732296316203927487.jpeg,2026-03-03,2026-12-31,
TIRTIR様×EnterCommerce,7612865217580959495,tirtir.jp,美容・コスメ,id,TIRTIR マスクフィットAIフィルタークッション SPF30 PA++ AIフィルター セミマット カバー力 長時間キープ ファンデーション クッションファンデ 韓国コスメ,"2,673円",30.0,https://affiliate.tiktok.com/api/v1/share/ALL8e0dwoVwJ,1732296701896853439,product-images/1732296701896853439.jpeg,2026-03-03,2026-12-31,
TIRTIR様×EnterCommerce,7612865217580959495,tirtir.jp,美容・コスメ,id,TIRTIR　マスクフィットデュアルコンシーラー　スティック リキッド  デュアルタイプ コンシーラー 密着力 カバー力  韓国コスメ,"1,634円",30.0,https://affiliate.tiktok.com/api/v1/share/ALL8bPinENaj,1732410196709836735,product-images/1732410196709836735.jpeg,2026-03-03,2026-12-31,
TIRTIR様×EnterCommerce,7612865217580959495,tirtir.jp,美容・コスメ,id,TIRTIR　マスクフィットメイクアップフィクサー　1日中メイクキープ エアーフィットフィニッシュ　パウダー成分含有 マスク汚れ防止  密着力 メイクキープフィクサー 韓国コスメ,"1,485円",30.0,https://affiliate.tiktok.com/api/v1/share/ALL8e0d3oei1,1732410330061047743,product-images/1732410330061047743.jpeg,2026-03-03,2026-12-31,
TIRTIR様×EnterCommerce,7612865217580959495,tirtir.jp,美容・コスメ,id,TIRTIR  マスクフィットトーンアップエッセンス   韓国コスメ  化粧下地  UV下地  ベースメイク  くすみ  ノンケミカル  下地エッセンス  下地クリーム,"2,673円",30.0,https://affiliate.tiktok.com/api/v1/share/ALL8e0dx5Tb4,1733630597695309759,product-images/1733630597695309759.jpeg,2026-03-03,2026-12-31,
TIRTIR様×EnterCommerce,7612865217580959495,tirtir.jp,美容・コスメ,id,TIRTIR マスクフィットトーンアップシリーズ 韓国コスメ  化粧下地  UV下地  ベースメイク  くすみ  ノンケミカル  下地エッセンス  下地クリーム,"2,178円",30.0,https://affiliate.tiktok.com/api/v1/share/ALL8bPinVSyc,1733630836877920191,product-images/1733630836877920191.jpeg,2026-03-03,2026-12-31,
TIRTIR様×EnterCommerce,7612865217580959495,tirtir.jp,美容・コスメ,id,TIRTIR マスクフィットメイクアップクールフィクサー メイクキープスプレー  ミスト  メイクキープ  メイクキープミスト  崩れ防止  韓国コスメ,"1,485円",30.0,https://affiliate.tiktok.com/api/v1/share/ALL8e0d45oQb,1733630989659113407,product-images/1733630989659113407.jpeg,2026-03-03,2026-12-31,
TIRTIR様×EnterCommerce,7612865217580959495,tirtir.jp,美容・コスメ,id,TIRTIR マスクフィットメイクアップオールデイフィクサー メイクキープスプレー  ミスト  メイクキープ  メイクキープミスト  崩れ防止  韓国コスメ,"1,188円",30.0,https://affiliate.tiktok.com/api/v1/share/ALL8e0dxMXBY,1733631146928277439,product-images/1733631146928277439.jpeg,2026-03-03,2026-12-31,
TIRTIR様×EnterCommerce,7612865217580959495,tirtir.jp,美容・コスメ,id,TIRTIR ウォーターリズムグロウティント プランパー  韓国コスメ  落ちない口紅  潤う  ツヤ  保湿,"1,485円",30.0,https://affiliate.tiktok.com/api/v1/share/ALL8bPinmR95,1733631528312670143,product-images/1733631528312670143.jpeg,2026-03-03,2026-12-31,
TIRTIR様×EnterCommerce,7612865217580959495,tirtir.jp,美容・コスメ,id,TIRTIR ウォーターリズムグロウティント ティント 15色 韓国コスメ  落ちない口紅  潤う  ツヤ  保湿,"1,485円",30.0,https://affiliate.tiktok.com/api/v1/share/ALL8e0d4Mn9D,1733632101476108223,product-images/1733632101476108223.jpeg,2026-03-03,2026-12-31,
TIRTIR様×EnterCommerce,7612865217580959495,tirtir.jp,美容・コスメ,id,TIRTIR ウォーターリズムグロウメルティングバーム　バーム 9色 口紅  韓国コスメ  落ちない口紅  潤う  ツヤ  保湿,"1,485円",30.0,https://affiliate.tiktok.com/api/v1/share/ALL8e0dxdkZR,1733632292176955327,product-images/1733632292176955327.jpeg,2026-03-03,2026-12-31,
TIRTIR様×EnterCommerce,7612865217580959495,tirtir.jp,美容・コスメ,id,TIRTIR ウォーターメロウリップバーム　リップバーム 4色 韓国コスメ  落ちない口紅  潤う ツヤ  保湿,"1,485円",30.0,https://affiliate.tiktok.com/api/v1/share/ALL8bPio3YVW,1733632651294050239,product-images/1733632651294050239.jpeg,2026-03-03,2026-12-31,
TIRTIR様×EnterCommerce,7612865217580959495,tirtir.jp,美容・コスメ,id,TIRTIR マスクフィットルビーメッシュクッション　ツヤ 高カバー グロウ PDRNクッション ルビークッション クッションファンデ 韓国コスメ,"2,673円",30.0,https://affiliate.tiktok.com/api/v1/share/ALL8e0d4dvFv,1733633086565746623,product-images/1733633086565746623.jpeg,2026-03-03,2026-12-31,
TIRTIR様×EnterCommerce,7612865217580959495,tirtir.jp,美容・コスメ,id,TIRTIR グライド&ハイドブラーリングコンシーラー　2in1 3色 スティック4g  リキッド4g 高カバー 毛穴カバー コンシーラー 韓国コスメ,"1,634円",30.0,https://affiliate.tiktok.com/api/v1/share/ALL8e0dxuajC,1733633342112237503,product-images/1733633342112237503.jpeg,2026-03-03,2026-12-31,
TIRTIR様×EnterCommerce,7612865217580959495,tirtir.jp,美容・コスメ,id,TIRTIR マスクフィットレッドファンデーション SPF40 PA++　ファンデーション  ハイカバー  密着  リキッドファンデーション  韓国コスメ,"2,970円",30.0,https://affiliate.tiktok.com/api/v1/share/ALL8bPioKZXY,1733633454186858431,product-images/1733633454186858431.jpeg,2026-03-03,2026-12-31,
TIRTIR様×EnterCommerce,7612865217580959495,tirtir.jp,美容・コスメ,id,TIRTIR  マスクフィットオールカバーデュアルカラーコンシーラー STICK 4g / TIP 4.5g リキッドコンシーラー  コンシーラースティック  ベースメイク  韓国コスメ,"1,634円",30.0,https://affiliate.tiktok.com/api/v1/share/ALL8e0d4unr8,1734317809190275007,product-images/1734317809190275007.jpeg,2026-03-03,2026-12-31,
TIRTIR様×EnterCommerce,7612865217580959495,tirtir.jp,美容・コスメ,id,TIRTIR  ムードグライダーリップ&ブラッシュスティック 5色 リップ チーク ティルティル 韓国コスメ,"1,980円",30.0,https://affiliate.tiktok.com/api/v1/share/ALL8e0dyBi7q,1734318085570201535,product-images/1734318085570201535.jpeg,2026-03-03,2026-12-31,
TIRTIR様×EnterCommerce,7612865217580959495,tirtir.jp,美容・コスメ,id,TIRTIR プリズムハイライターデュオ  サテン メタリック ツヤ 3Dパール ハイライター アイシャドウ 韓国コスメ,"2,376円",30.0,https://affiliate.tiktok.com/api/v1/share/ALL8bPiobfwY,1734319260036335551,product-images/1734319260036335551.jpeg,2026-03-03,2026-12-31,
LIVE用特別料率キャンペーン,7604793940868908807,Nature In【公式】,美容・コスメ,shopmajor,Nature In 【5:1の黄金バランス】1粒ルテイン 30mg +ゼアキサンチン 6mg 90日分（90粒入）リポソームルテイン アスタキサンチン ビルベリーエキス配合 小粒ハードカプセル サプリメント フリー体ルテイン,"1,890円-5,225円",27.0,https://affiliate.tiktok.com/api/v1/share/ALL8qq3Vt73q,1732382886518556485,product-images/1732382886518556485.jpeg,2026-02-09,2027-05-31,
LIVE用特別料率キャンペーン,7604793940868908807,Nature In【公式】,美容・コスメ,id,【100日分のNMN】Nature In(ネイチャーイン) NMN30000mg配合（1粒に300mg） 日本製 高純度99%以上 大容量（100粒） 国内GMP認定工場 日本製,"3,790円-9,490円",27.0,https://affiliate.tiktok.com/api/v1/share/ALL8oBwfW4L0,1731714321527572293,product-images/1731714321527572293.jpeg,2026-02-09,2027-05-31,⚪︎
LIVE用特別料率キャンペーン,7604793940868908807,Nature In【公式】,美容・コスメ,id,【高濃度アスタキサンチン 1粒10mg】Nature In(ネイチャーイン) 60日分(60粒) 600mg配合 DHA EPA オメガ3 ビタミンE カプセル サプリメント 国内製造 日本製,"2,366円-5,690円",27.0,https://affiliate.tiktok.com/api/v1/share/ALL99XtmHjcA,1731844485835032389,product-images/1731844485835032389.jpeg,2026-02-09,2027-05-31,⚪︎
LIVE用特別料率キャンペーン,7604793940868908807,Nature In【公式】,美容・コスメ,id,【Nature In】マグネシウムバーム  高濃度  経皮吸収  塩化マグネシウム,"1,890円-6,830円",27.0,https://affiliate.tiktok.com/api/v1/share/ALL9Iq4fRYGg,1733438307636315973,product-images/1733438307636315973.jpeg,2026-02-09,2027-05-31,⚪︎
LIVE用特別料率キャンペーン,7604793940868908807,Nature In【公式】,美容・コスメ,id,【Nature In】ビオリレー BIO RELAY 1日1粒 オールインワン腸活サプリ （60粒入/60日分）6兆個 25種類 ヒト由来 乳酸菌 ビフィズス菌 酢酸菌 酪酸菌 トリプトファン ラフマ ネムノキ イヌリン オリゴ糖 プロバイオティクス プレバイオティクス,"2,840円-6,640円",27.0,https://affiliate.tiktok.com/api/v1/share/ALL99XtmYjUR,1734296590848198469,product-images/1734296590848198469.jpeg,2026-02-09,2027-05-31,⚪︎
チホサポ × EnterCommerce,7646244736915195666,COOPYJAPAN,美容・コスメ,shop,COOPY公式 PDRN サーモンアンプル 30ml,"3,300円",25.0,https://affiliate.tiktok.com/api/v1/share/ALL5cqt4TTtf,1734378142694344273,product-images/1734378142694344273.jpeg,2026-06-01,2027-04-30,
MBX様(im meme) x Entercommerce,7625493089433011976,I'm meme アイムミミ,美容・コスメ,id,[i'm meme／アイムミミ] アイムスティックシャドウシマー涙袋コスメ スティックアイシャドウ （全5色）,"1,035円-1,950円",25.0,https://affiliate.tiktok.com/api/v1/share/ALL8Vrcwj4og,1731710698644604536,product-images/1731710698644604536.jpeg,2026-04-06,2027-02-28,
MBX様(im meme) x Entercommerce,7625493089433011976,I'm meme アイムミミ,美容・コスメ,id,[I'm meme / アイムミミ] アイムマルチスティックデュアル シェーディング ノーズシャドウ ハイライトスティック 整形スティック,"1,500円-2,240円",25.0,https://affiliate.tiktok.com/api/v1/share/ALL8XHSeoIVK,1731654789675320952,product-images/1731654789675320952.jpeg,2026-04-06,2027-02-28,
PHOEBE BEAUTY UP様,7657644188943533842,PHOEBE BEAUTY UP,美容・コスメ,id,【公式】セラムショットN（毛穴美容液）フィービー ビューティーアップ,"4,312円",25.0,https://affiliate.tiktok.com/api/v1/share/ALL5OTjS5OIP,1734375475631981967,product-images/1734375475631981967.jpeg,2026-07-02,2027-06-30,
Colorkey様,7610363706031965960,colorkey_jp,美容・コスメ,id,【ティントなし】Colorkeyリキッドリップウォーターミストリキッドリップ｜落ちにくいリップ｜保湿｜自然な血感リップ｜低彩度｜リップグロス｜マット仕上がりリップ,"1,548円",25.0,https://affiliate.tiktok.com/api/v1/share/ALL8ml6cYSG9,1732836131725149670,product-images/1732836131725149670.jpeg,2026-02-24,2027-04-30,
Colorkey様,7610363706031965960,colorkey_jp,美容・コスメ,id,【ティント】Colorkeyティントウォーターミストリップ｜8時間落ちないリップ｜pytリップ｜リップティント｜トリデン リップ｜リップグロス｜チェリーピンク｜plumping lip gloss｜デューティント,"1,548円",25.0,https://affiliate.tiktok.com/api/v1/share/ALL8l33dYHxu,1732836188471723494,product-images/1732836188471723494.jpeg,2026-02-24,2027-04-30,
Colorkey様,7610363706031965960,colorkey_jp,美容・コスメ,id,【ティントなし】2点セットリキッドリップColorkeyマットウォーターミスト｜落ちにくいリップ｜保湿｜自然な血感リップ｜低彩度｜リップグロス｜マット仕上がり,"3,096円",25.0,https://affiliate.tiktok.com/api/v1/share/ALL8lowfd8k0,1732884261507335654,product-images/1732884261507335654.jpeg,2026-02-24,2027-04-30,
Colorkey様,7610363706031965960,colorkey_jp,美容・コスメ,id,【New】Colorkeyちゅるん水光リップラスティングシャインラッカー色持ち艶感保湿ベージュ リップエクストラシャイン リップラッカー,"1,548円",25.0,https://affiliate.tiktok.com/api/v1/share/ALL8ml6cpTpJ,1733629973524088294,product-images/1733629973524088294.jpeg,2026-02-24,2027-04-30,
Colorkey様,7610363706031965960,colorkey_jp,美容・コスメ,id,【New】【2点セット送料無料】Colorkeyちゅるん水光リップリップラスティングシャインラッカー水光ちゅるんリップ色持ち艶感＆保湿バズるリップ｜カップにつかない色持ち｜水光感たっぷりリップ｜エクストラシャイン リップラッカー,"3,096円",25.0,https://affiliate.tiktok.com/api/v1/share/ALL8l33h7uSR,1733630029267961318,product-images/1733630029267961318.jpeg,2026-02-24,2027-04-30,
Colorkey様,7610363706031965960,colorkey_jp,美容・コスメ,id,【New】【送料無料】2点セットColorkeyリップチーク｜シルキーマットリップチーク｜自然な血感色｜リップグロス｜マッド仕上がり｜マットリップ,"3,360円",25.0,https://affiliate.tiktok.com/api/v1/share/ALL8lowfu5fQ,1733630377167848934,product-images/1733630377167848934.jpeg,2026-02-24,2027-04-30,
Colorkey様,7610363706031965960,colorkey_jp,美容・コスメ,id,【New】Colorkeyリップチーク｜シルキーマットリップチーク｜チューイング グロウポット｜リップグロス｜マッド仕上がり｜マットリップ,"1,680円",25.0,https://affiliate.tiktok.com/api/v1/share/ALL8ml6d6Y6L,1733630386976556518,product-images/1733630386976556518.jpeg,2026-02-24,2027-04-30,
MBX様(nooni) x Entercommerce,7625468962940487442,nooni ヌニ,美容・コスメ,id,【TikTok Shop限定】 [nooni / ヌニ]アップルリップオイル セット/ オイルティント / リップティント,"2,930円-3,876円",25.0,https://affiliate.tiktok.com/api/v1/share/ALL8c9glxWxX,1733283195355235673,product-images/1733283195355235673.jpeg,2026-04-06,2027-03-31,
NINGJP様 × EnterCommerce,7638416173198493448,NING JP,美容・コスメ,shopmajor,14 日でうるおいあふれる透明感 なめらか肌に！EXP フルーツ酸 明るみボディクリーム ニコチンアミド配合 長時間保湿 秋冬潤い 8 時間フレグランス持続,"1,782円",23.0,https://affiliate.tiktok.com/api/v1/share/ALL8Irw0l5Ck,1732216696408868251,product-images/1732216696408868251.jpeg,2026-05-11,2027-05-01,
NINGJP様 × EnterCommerce,7638416173198493448,NING JP,美容・コスメ,shopmajor,15日間で効果を発揮するセルライト対策・シェイプ＆引き締め「バーン ゴールド マッサージクリーム」｜ Cryo Thermo（クリオ・サーモ）の引き締めのゴールドジェル：腹部・太もも・ヒップ・腕用｜ウェルネス、爽やかな処方｜男女兼用のボディコンツアーメント｜200g,"1,781円",23.0,https://affiliate.tiktok.com/api/v1/share/ALL8MBZO4gpX,1732216535406773659,product-images/1732216535406773659.jpeg,2026-05-11,2027-05-01,
NINGJP様 × EnterCommerce,7638416173198493448,NING JP,美容・コスメ,id,NING Dermologie  ニング 399 コリアン オーバーナイトマスク ガラス肌効果 保湿・浸透性が良く、美白・シミ改善、引き締め・栄養補給、徹夜によるくすみ改善 寝ている間に保湿フェイスパック |100g,"1,781円-3,279円",23.0,https://affiliate.tiktok.com/api/v1/share/ALL8KvhQ5F40,1732208179310265755,product-images/1732208179310265755.jpeg,2026-05-11,2027-05-01,⚪︎
NINGJP様 × EnterCommerce,7638416173198493448,NING JP,美容・コスメ,id,10秒で全身を明るくエクスプレッションズ SPF30PA+++ BBボディクリーム、防水・防汗、保湿、12時間持続メイクアップ,"1,781円-3,279円",23.0,https://affiliate.tiktok.com/api/v1/share/ALL8Irw123V1,1733800265760015771,product-images/1733800265760015771.jpeg,2026-05-11,2027-05-01,⚪︎
NINGJP様 × EnterCommerce,7638416173198493448,NING JP,美容・コスメ,id,10 秒でクリア・フレームレスの完璧ベースメイク|Expressions SPF50 PA+++ BB スキンケアクリームは、透明感、保湿力、カバー力を持ち、ウォータープルーフ＆スウェットプルーフ対応,"1,679円-3,580円",23.0,https://affiliate.tiktok.com/api/v1/share/ALL8MBZOLZGs,1734276498199446939,product-images/1734276498199446939.jpeg,2026-05-11,2027-05-01,⚪︎
LIVE用特別料率キャンペーン,7604793940868908807,MYTREX OFFICIAL STORE,美容・コスメ,id,【公式】MYTREX RAKUNO FIT ふくらはぎケア マイトレックス マッサージ ふくらはぎ お癒し マッサージ機 足 フットマッサージャー マイトレックス RAKUNO FIT 足 むくみ マッサージ器 マッサージ 足 ふくらはぎ むくみ 疲れ 空気圧 温熱 コードレス 【正規1年間保証】温熱ふくらはぎケア 3種のもみコース 5段階レベル調整 10分オートOFF ラクーノ フィット 足 ふくらはぎ 健康 むくみ 疲れ 温熱 空気圧 コードレス ギフト,"7,550円",22.0,https://affiliate.tiktok.com/api/v1/share/ALL8qq3XGNjI,1732256500078511247,product-images/1732256500078511247.jpeg,2026-02-09,2027-05-31,⚪︎
LIVE用特別料率キャンペーン,7604793940868908807,MYTREX OFFICIAL STORE,美容・コスメ,id,【公式】MYTREX RAKUNO LUMBAR 腰ベルト調節可能  5段レベル ストレッチ スタイルアップ マイトレックス 姿勢矯正ベルト 超軽量腰ベルト ラクーノ ランバー 腰用 コルセット 骨盤矯正 腰痛対策 腰サポーター 骨盤ベルト 骨盤補正 姿勢改善 腰 骨盤 ウエスト スタイルアップ 骨盤サポート 薄型 軽量 姿勢サポート【正規1年間保証】腰ケア ラクーノ ランバー 長時間の座り仕事 立ち仕事 日常使用に最適 旅行先 オフィス 家庭用 MYTREX 男女兼用 プレゼント ギフト 通気性抜群,"5,590円",22.0,https://affiliate.tiktok.com/api/v1/share/ALL8oBwg4DHX,1732922124279579791,product-images/1732922124279579791.jpeg,2026-02-09,2027-05-31,⚪︎
LIVE用特別料率キャンペーン,7604793940868908807,MYTREX OFFICIAL STORE,美容・コスメ,id,【公式】MYTREX RAKUNO LITE  ふくらはぎケア 足ケア コードレス 超軽量  5段階レベル調整 マイトレックス ポータブルふくらはぎケア ラクーノ ライト 軽量モデル 足 ふくらはぎ むくみ 疲れ 空気圧 パワフル Type-C充電式 コードレス ハイパワー 旅行先 オフィス 運動後 座り仕事 ギフト 【正規1年間保証】ポータブルふくらはぎケア 軽量モデル 足 ふくらはぎ 健康 むくみ 疲れ  5段階レベル調整 10分オートOFFタイマー ハイパワー パワフル 空気圧 コードレス,"6,490円",22.0,https://affiliate.tiktok.com/api/v1/share/ALL8qpGAz5Sc,1732923302041519247,product-images/1732923302041519247.jpeg,2026-02-09,2027-05-31,⚪︎
LIVE用特別料率キャンペーン,7604793940868908807,MYTREX OFFICIAL STORE,美容・コスメ,id,【公式】MYTREX RAKUNO FIT PLUS ふくらはぎケア お癒し 足裏ケア 3種もみコース 5段階レベル調整 マイトレックス ラクーノ フィット プラス 足 足裏 足先 つま先 足首 ふくらはぎ むくみ 疲れ 空気圧 温熱 Type-C充電式 コードレス ギフト 【正規1年間保証】温熱ふくらはぎケア 3段階温熱 9つのポンプ 3種のもみコース 5段階レベル調整 10分オートOFFタイマー 足裏 足先 つま先 足首 健康 むくみ 疲れ 温熱 空気圧 コードレス ギフト プレゼント,"9,650円",22.0,https://affiliate.tiktok.com/api/v1/share/ALL8qq3XXNy2,1732936954938164367,product-images/1732936954938164367.jpeg,2026-02-09,2027-05-31,⚪︎
26/7月以降 Nature In様,7659194072054630152,Nature In【公式】,美容・コスメ,id,Nature In リポソームビタミンC 1000mg サプリ 1粒250mg 【1袋360粒入/90日分】 国内 GMP 製造 ネイチャーイン,"3,316円-8,540円",22.0,https://affiliate.tiktok.com/api/v1/share/ALL5CL92JISC,1736241273931204421,product-images/1736241273931204421.jpeg,2026-07-06,2027-06-30,⚪︎
PHOEBE BEAUTY UP様,7657644188943533842,PHOEBE BEAUTY UP,美容・コスメ,id,【公式】スキンケアセット（化粧水＆クリーム）フィービー ビューティーアップ,"5,984円",22.0,https://affiliate.tiktok.com/api/v1/share/ALL5OJhRjbyi,1734386706294146447,product-images/1734386706294146447.jpeg,2026-07-02,2027-06-30,
SaiKuCo様 x EnterCommerce株式会社,7675983715751872274,SaiKuCoストア,美容・コスメ,kw,眉毛 シェーバー レディース フェイスシェーバー 女性 フェイス用ムダ毛 女性用 電動カミソリ 顔剃り USB充電 コードレス マユコーム付き お肌に優しい 眉毛カッター 痛くない 眉 顔用 うぶ毛 産毛 コンパクト,"3,750円",22.0,https://affiliate.tiktok.com/api/v1/share/ALJgz1WJr0Ge,1735065298916050349,product-images/1735065298916050349.jpeg,2026-08-20,2027-08-01,
SaiKuCo様 x EnterCommerce株式会社,7675983715751872274,SaiKuCoストア,ファッション・アパレル,kw,「80％割引！」0D 超透感 パンスト まるで素肌 美脚効果 伝線しにくい 自由カット 接触冷感 レディースストッキング 磨皮ヌード効果 極薄パンスト,799円,22.0,https://affiliate.tiktok.com/api/v1/share/ALJgz1Buvyjf,1736965446867584429,product-images/1736965446867584429.jpeg,2026-08-20,2027-08-01,
SaiKuCo様 x EnterCommerce株式会社,7675983715751872274,SaiKuCo公式睡眠研究所,生活・雑貨,shop,SaiKuCo【高級×5つ星ホテル仕様】枕 深い眠り 首元のカーブにフィットする設計 温度調整/低反発 仰向け・横向き・うつ伏せ対応 より快適な睡眠体験 寝心地アップ プレゼントにも最適 通気性ひんやりカバー付き 63×43cm,"4,880円-5,180円",22.0,https://affiliate.tiktok.com/api/v1/share/ALJgz1OnlAsW,1731596939007985543,product-images/1731596939007985543.jpeg,2026-08-20,2027-08-01,
SaiKuCo様 x EnterCommerce株式会社,7675983715751872274,SaiKuCo公式睡眠研究所,生活・雑貨,shop,SaiKuCo ストレートネック 枕 首 枕 ストレートネック ネックストレッチャー ネックピロー ストレッチ モデル セルフ整体 首枕 矯正 肩甲骨 肩 リラックス,"2,980円",22.0,https://affiliate.tiktok.com/api/v1/share/ALJgz1WK82iI,1731603224521508743,product-images/1731603224521508743.jpeg,2026-08-20,2027-08-01,
SaiKuCo様 x EnterCommerce株式会社,7675983715751872274,SaiKuCo公式睡眠研究所,生活・雑貨,shop,SaiKuCo 【最高級ｘ深い眠りサポート】 夏用 キルトケット 接触冷感 リバーシブル 洗える 薄手 軽量 Q-max0.46/0.55 吸湿通気 ひんやり 春夏秋用 （グレー(深眠冷感タイプ),"5,899円-6,899円",22.0,https://affiliate.tiktok.com/api/v1/share/ALJgz1BvDAOK,1732779568309766023,product-images/1732779568309766023.jpeg,2026-08-20,2027-08-01,
SaiKuCo様 x EnterCommerce株式会社,7675983715751872274,SaiKuCo公式睡眠研究所,生活・雑貨,shop,SaiKuCo【高級ｘ5つ星ホテル仕様】 枕 深い眠り枕 温度調節/低反発 仰向け・横向き・うつ伏せ 安眠枕 快眠枕 寝心地アップ ラクラク プレゼント 通気性冷感カバー付き 63x43cm,"5,080円-5,180円",22.0,https://affiliate.tiktok.com/api/v1/share/ALJgz1Oo2FDr,1732780542237968263,product-images/1732780542237968263.jpeg,2026-08-20,2027-08-01,
SaiKuCo様 x EnterCommerce株式会社,7675983715751872274,SaiKuCo公式睡眠研究所,生活・雑貨,shop,【今だけ大特価】【Qmax生地】SaiKuCo 冷感深い眠りボックスシーツ 敷きパッド Q-MAX0.55 夏用敷きパッド 強冷感 接触冷感 冷感シーツ 冷感敷パッド 冷感ベッドシーツ ボックスシーツ 夏 ひんやり シングル セミシングル セミダブル ダブル クイーン 涼しい 吸水速乾,"3,288円-4,988円",22.0,https://affiliate.tiktok.com/api/v1/share/ALJgz1WKP3kK,1734897785584256903,product-images/1734897785584256903.jpeg,2026-08-20,2027-08-01,
LANEIGE × EnterCommerce,7616580403298502408,LANEIGE Japan,美容・コスメ,id,【LANEIGE公式】《国内発送》リップスリーピングマスク  BerryFruitComplex配合 ココナッツオイル入り 保湿効果で滑らかでふっくらとした唇へ導く,"1,892円-2,365円",20.0,https://affiliate.tiktok.com/api/v1/share/ALL8XR8o3DMV,1732996532938573235,product-images/1732996532938573235.jpeg,2026-03-13,2026-12-31,
マクロジ様 x EnterCommerce,7649652564456785672,MOGO,生活・雑貨,shop,足の臭いごと捨てる　使い捨てインソール【２days インソール】,"1,980円-8,250円",20.0,https://affiliate.tiktok.com/api/v1/share/ALJgz1XcQUSD,1735011511520298868,product-images/1735011511520298868.jpeg,2026-06-10,2027-04-30,
26/7月以降 Nature In様,7659194072054630152,Nature In【公式】,美容・コスメ,id,高濃度ビタミンD3+K2 90日分（90粒×4000IU+180μg） DHA・EPA配合 オメガ3 日本製 国内GMP認定工場 vitamin d k2 Nature In(ネイチャーイン),"2,366円-6,166円",20.0,https://affiliate.tiktok.com/api/v1/share/ALL5BueoaUu1,1733679137767262021,product-images/1733679137767262021.jpeg,2026-07-06,2027-06-30,⚪︎
26/7月以降 Nature In様,7659194072054630152,Nature In【公式】,美容・コスメ,id,Nature In （ネイチャーイン） アスタキサンチン Premium30 900mg サプリ 1日30mg フィトレチノール 35mg【30日分】DHA EPA オメガ3 スーパービタミンE 亜鉛 セラミド 配合 60粒 国内製造,"3,790円-9,490円",20.0,https://affiliate.tiktok.com/api/v1/share/ALL5BueorVoQ,1735282595256174405,product-images/1735282595256174405.jpeg,2026-07-06,2027-06-30,⚪︎
toriko love chocolate,7616089228853888786,toriko love chocolate,食品,id,torikoトリコラブチョコレート 1セット（3粒入り）チョコ、お菓子,"3,999円",20.0,https://affiliate.tiktok.com/api/v1/share/ALL8XR8pye08,1732323650195457646,product-images/1732323650195457646.jpeg,2026-03-12,2027-02-28,
PHOEBE BEAUTY UP様,7657644188943533842,PHOEBE BEAUTY UP,美容・コスメ,id,【公式】モイスチャーバランスローションN１（化粧水）フィービー ビューティーアップ,"2,904円",18.0,https://affiliate.tiktok.com/api/v1/share/ALL5K4O4zzK8,1734375306364880271,product-images/1734375306364880271.jpeg,2026-07-02,2027-06-30,
PHOEBE BEAUTY UP様,7657644188943533842,PHOEBE BEAUTY UP,美容・コスメ,id,【公式】メルティパウダー（フェイスパウダー）フィービー ビューティーアップ,"2,816円",18.0,https://affiliate.tiktok.com/api/v1/share/ALL5K41sRLE8,1734375453288990095,product-images/1734375453288990095.jpeg,2026-07-02,2027-06-30,
PHOEBE BEAUTY UP様,7657644188943533842,PHOEBE BEAUTY UP,美容・コスメ,id,【公式】フェムケア モイスチャーオイル（ボディオイル）,"2,640円",18.0,https://affiliate.tiktok.com/api/v1/share/ALL5K4O5GzBS,1734389369325979023,product-images/1734389369325979023.jpeg,2026-07-02,2027-06-30,
LIVE用特別料率キャンペーン,7604793940868908807,COOPYJAPAN,美容・コスメ,shop,COOPY公式 PDRN サーモンクリーム 50ml,"3,100円",17.0,https://affiliate.tiktok.com/api/v1/share/ALL9BAj9kTrE,1734378279830783569,product-images/1734378279830783569.jpeg,2026-02-09,2027-05-31,
LIVE用特別料率キャンペーン,7604793940868908807,COOPYJAPAN,美容・コスメ,shop,COOPY公式 PDRN サーモン ダーマ マスク 5枚入,910円,17.0,https://affiliate.tiktok.com/api/v1/share/ALL9FanjSIG3,1734378371510601297,product-images/1734378371510601297.jpeg,2026-02-09,2027-05-31,
LIVE用特別料率キャンペーン,7604793940868908807,MYTREX OFFICIAL STORE,美容・コスメ,id,【公式】MYTREX REBIVE MINI XS2 手圧変動ハンディガン マッサージガン マイトレックス マッサージアウト 売れ筋 relax 筋膜リリースガン 腰痛 マッサージ機 小型 ポスポス 肩凝り解消 血流ケア 疲労回復 肩 首 足 ふくらはぎ 足裏 肩甲骨 腰 フェイス 振動マシン 体のどこでも使える 健康 筋肉 家電 グッズ 静音設計 マッサージャー おすすめ プレゼント ギフト セール,"13,390円-16,990円",17.0,https://affiliate.tiktok.com/api/v1/share/ALL9FanjBEHZ,1731711688259699855,product-images/1731711688259699855.jpeg,2026-02-09,2027-05-31,⚪︎
SaiKuCo様 x EnterCommerce株式会社,7675983715751872274,Simple Dwell,生活・雑貨,shop,髪キャッチドレンフィルターネット 50枚入り 使い捨てシンクストレーナー 髪やゴミをキャッチするためのフィルター,"1,799円",17.0,https://affiliate.tiktok.com/api/v1/share/ALKcm8oPikVa,1731967420390605907,product-images/1731967420390605907.jpeg,2026-08-20,2027-08-01,
SaiKuCo様 x EnterCommerce株式会社,7675983715751872274,Simple Dwell,生活・雑貨,shop,Aomiss シャワーヘッド マイクロナノバブル 節水 うるおい ミスト 約12億9800万個ナノバブル 最大90％節水 シャワー洗浄力抜群 取り付け簡単 5つモード 増圧 高洗浄力 毛穴 汚れ 除去 美髪 美肌 美顔 美容 保湿 ナノバブルシャワー ヘッド シャワー フェース 手元止水 取付簡単 アダプター付き 国際汎用5種類の接続口に対応 新生活 おすすめ 日本語説明書 送料無料,"3,190円",17.0,https://affiliate.tiktok.com/api/v1/share/ALKcnE9J6eeG,1732159856629875795,product-images/1732159856629875795.jpeg,2026-08-20,2027-08-01,
NOVARCA様 × EnterCommerce,7662202298835994375,and Habit公式店,食品,shop,【公式】ティーフレックスTeaflex ルイボス ティー Teaflex SLEEP NIGHT PEACH スリープナイトピーチルイボスティー 安眠 ハーブティー 機能性表示食品 睡眠の質向上 ぐっすり ルイボス カフェインレス,"2,376円-4,104円",17.0,https://affiliate.tiktok.com/api/v1/share/ALKnfNfyM8Xs,1736118791207945802,product-images/1736118791207945802.jpeg,2026-07-14,2027-06-30,
NOVARCA様 × EnterCommerce,7662202298835994375,and Habit公式店,食品,shop,【公式】ティーフレックス Teaflex グリーンティー お茶  stoked store,"2,376円-4,104円",17.0,https://affiliate.tiktok.com/api/v1/share/ALKnfNfl9odi,1736306738341643850,product-images/1736306738341643850.jpeg,2026-07-14,2027-06-30,
LIVE用特別料率キャンペーン,7604793940868908807,カラコン通販 リリーアンナ,美容・コスメ,id,【公式】【当日発送※平日13時までの注文】ProWink(プロウィンク) 1DAY 10枚入り 夢月(むつき)プロデュースカラコン　松本ももなイメージモデル　カラーコンタクト　春のデビュー割開催中　2箱以上まとめて購入で1箱あたり1000円に（通常1350円）　うるみ裸眼風レンズ,"1,336円",17.0,https://affiliate.tiktok.com/api/v1/share/ALL9IuIQd59i,1732549539298379680,product-images/1732549539298379680.jpeg,2026-02-09,2027-05-31,
LIVE用特別料率キャンペーン,7604793940868908807,カラコン通販 リリーアンナ,美容・コスメ,shopmajor,【公式】【2+1】【回らない水光カラコン】【当日発送※平日13時までの注文】Chapun(シャプン) 1DAY 10枚入り 齊藤なぎさイメージモデル　カラコン　甘さ仕込みの盛れ感レンズ　#盛れフィルターコン,"1,452円",17.0,https://affiliate.tiktok.com/api/v1/share/ALL9Irz3YG86,1732549540393420704,product-images/1732549540393420704.jpeg,2026-02-09,2027-05-31,
LIVE用特別料率キャンペーン,7604793940868908807,カラコン通販 リリーアンナ,美容・コスメ,shopmajor,①【公式】【当日発送※平日13時までの注文】feliamo(フェリアモ) 1DAY 10枚入り〔前半/人気7色〕白石麻衣（まいやん）イメージモデル　カラコン,"1,584円",17.0,https://affiliate.tiktok.com/api/v1/share/ALL9IuIQu6LW,1732551913895004064,product-images/1732551913895004064.jpeg,2026-02-09,2027-05-31,
LIVE用特別料率キャンペーン,7604793940868908807,カラコン通販 リリーアンナ,美容・コスメ,shopmajor,【公式】【当日発送※平日13時までの注文】TOPARDS(トパーズ) 1DAY 10枚入り〔前半/人気9色〕指原莉乃（さっしー）プロデュースカラコン,"1,584円",17.0,https://affiliate.tiktok.com/api/v1/share/ALL9Irz3p87a,1732551913987409824,product-images/1732551913987409824.jpeg,2026-02-09,2027-05-31,
LIVE用特別料率キャンペーン,7604793940868908807,カラコン通販 リリーアンナ,美容・コスメ,shopmajor,②【メーカー公式】【当日発送※平日13時までの注文】feliamo(フェリアモ) 1DAY 10枚入り〔後半/9色〕白石麻衣（まいやん）イメージモデル,"1,584円",17.0,https://affiliate.tiktok.com/api/v1/share/ALL9IuITNejf,1732553025493764000,product-images/1732553025493764000.jpeg,2026-02-09,2027-05-31,
LIVE用特別料率キャンペーン,7604793940868908807,カラコン通販 リリーアンナ,美容・コスメ,shopmajor,【メーカー公式】【当日発送※平日13時までの注文】TOPARDS(トパーズ) 1DAY 10枚入り〔後半/9色〕指原莉乃（さっしー）プロデュースカラコン,"1,584円",17.0,https://affiliate.tiktok.com/api/v1/share/ALL9Irz5CKbq,1732553043242223520,product-images/1732553043242223520.jpeg,2026-02-09,2027-05-31,
LIVE用特別料率キャンペーン,7604793940868908807,カラコン通販 リリーアンナ,美容・コスメ,id,【メーカー公式】【当日発送※平日13時までの注文】HARNE (ハルネ) 1day 10枚入り てんちむ（橋本甜歌）プロデュースカラコン　AI級爆ビジュ,"1,534円",17.0,https://affiliate.tiktok.com/api/v1/share/ALL9IuITefEZ,1732644066580531104,product-images/1732644066580531104.jpeg,2026-02-09,2027-05-31,
LIVE用特別料率キャンペーン,7604793940868908807,カラコン通販 リリーアンナ,美容・コスメ,shopmajor,【メーカー公式アウトレット】【当日発送※平日13時までの注文】Clainel(クレイネル) 1day 10枚入り カラコン　カラーコンタクト,900円,17.0,https://affiliate.tiktok.com/api/v1/share/ALL9Irz5TTBp,1732644067197093792,product-images/1732644067197093792.jpeg,2026-02-09,2027-05-31,
LIVE用特別料率キャンペーン,7604793940868908807,カラコン通販 リリーアンナ,美容・コスメ,id,【メーカー公式】【当日発送※平日13時までの注文】perse (パース) 1day 10枚入り 『よしミチ』(「ミチ」「よしあき」)プロデュース カラコン,"1,534円",17.0,https://affiliate.tiktok.com/api/v1/share/ALL9IuITviXN,1732644116459390880,product-images/1732644116459390880.jpeg,2026-02-09,2027-05-31,
LIVE用特別料率キャンペーン,7604793940868908807,カラコン通販 リリーアンナ,美容・コスメ,shopmajor,【メーカー公式】【当日発送※平日13時までの注文】mimi charme(ミミシャルム) 1day 10枚入り nanako(ななこ) プロデュース  カラコン,"1,188円",17.0,https://affiliate.tiktok.com/api/v1/share/ALL9Irz5kW13,1732644212991297440,product-images/1732644212991297440.jpeg,2026-02-09,2027-05-31,
LIVE用特別料率キャンペーン,7604793940868908807,カラコン通販 リリーアンナ,美容・コスメ,shopmajor,【メーカー公式】【当日発送※平日13時までの注文】episode EYEFFECT (エピソード アイフェクト) 1day 10枚入り 須田アンナ/YURINO (アンエンユリ) プロデュース カラコン,"1,584円",17.0,https://affiliate.tiktok.com/api/v1/share/ALL9IuIUChoD,1732644304197420960,product-images/1732644304197420960.jpeg,2026-02-09,2027-05-31,
LIVE用特別料率キャンペーン,7604793940868908807,カラコン通販 リリーアンナ,美容・コスメ,shopmajor,【メーカー公式】【当日発送※平日13時までの注文】mimuco(ミムコ) 1day 10枚入り〔前半/人気6色〕1日使い捨て　かわにしみき（みきぽん）プロデュースカラコン,"1,534円",17.0,https://affiliate.tiktok.com/api/v1/share/ALL9Irz8E6Rc,1732644484295133088,product-images/1732644484295133088.jpeg,2026-02-09,2027-05-31,
LIVE用特別料率キャンペーン,7604793940868908807,カラコン通販 リリーアンナ,美容・コスメ,shopmajor,【メーカー公式】【当日発送※平日13時までの注文】LILMOON(リルムーン) 1day 10枚入り　南部桃伽（なんぶももか）イメージモデルカラコン,"1,782円",17.0,https://affiliate.tiktok.com/api/v1/share/ALL9IuIWg6Ur,1732644484686710688,product-images/1732644484686710688.jpeg,2026-02-09,2027-05-31,
LIVE用特別料率キャンペーン,7604793940868908807,カラコン通販 リリーアンナ,美容・コスメ,shopmajor,【メーカー公式】【当日発送※平日13時までの注文】LILMOON 0.03(リルムーン0.03 ゼロシリーズ) 1day 10枚入り　南部桃伽（なんぶももか）イメージモデルカラコン,"1,584円",17.0,https://affiliate.tiktok.com/api/v1/share/ALL9Irz8V5xj,1732644496482666400,product-images/1732644496482666400.jpeg,2026-02-09,2027-05-31,
LIVE用特別料率キャンペーン,7604793940868908807,カラコン通販 リリーアンナ,美容・コスメ,shopmajor,【公式】【当日発送※平日13時までの注文】N's COLLECTION(エヌズコレクション) 1day 10枚入り〔前半/人気9色〕渡辺直美プロデュース カラコン,"1,584円",17.0,https://affiliate.tiktok.com/api/v1/share/ALL9IuIWxL0l,1732644562766301088,product-images/1732644562766301088.jpeg,2026-02-09,2027-05-31,
LIVE用特別料率キャンペーン,7604793940868908807,カラコン通販 リリーアンナ,美容・コスメ,shopmajor,【メーカー公式】【当日発送※平日13時までの注文】mimuco(ミムコ) 1day 10枚入り〔後半/5色〕かわにしみき（みきぽん）プロデュース カラコン,"1,534円",17.0,https://affiliate.tiktok.com/api/v1/share/ALL9Irz8mAct,1732644563894175648,product-images/1732644563894175648.jpeg,2026-02-09,2027-05-31,
LIVE用特別料率キャンペーン,7604793940868908807,カラコン通販 リリーアンナ,美容・コスメ,shopmajor,【メーカー公式】【当日発送※平日13時までの注文】RESAY(リセイ) 1day 10枚入り せいせい（田向 星華）プロデュース＆イメージモデル　カラコン　カラーコンタクト,"1,408円",17.0,https://affiliate.tiktok.com/api/v1/share/ALL9IuIXED3P,1732644666451920800,product-images/1732644666451920800.jpeg,2026-02-09,2027-05-31,
LIVE用特別料率キャンペーン,7604793940868908807,カラコン通販 リリーアンナ,美容・コスメ,id,【公式アウトレットカラコン】【当日発送※平日13時までの注文】FALOOM(ファルーム) 1day 10枚入り　期間限定大特価1箱1000円,900円,17.0,https://affiliate.tiktok.com/api/v1/share/ALL9Irz934Vm,1732644670830118816,product-images/1732644670830118816.jpeg,2026-02-09,2027-05-31,
LIVE用特別料率キャンペーン,7604793940868908807,カラコン通販 リリーアンナ,美容・コスメ,shopmajor,【メーカー公式】【当日発送※平日13時までの注文】melloew(メロール) 1day 10枚入り 「めるる」こと生見愛瑠（ぬくみめる）プロデュース＆イメージモデルカラコン,"1,336円",17.0,https://affiliate.tiktok.com/api/v1/share/ALL9IuIXVSmq,1732644670974429088,product-images/1732644670974429088.jpeg,2026-02-09,2027-05-31,
LIVE用特別料率キャンペーン,7604793940868908807,カラコン通販 リリーアンナ,美容・コスメ,shopmajor,【メーカー公式】【1month】【DIA:14.5】【当日発送※平日13時までの注文】Mirage14.5(ミラージュ) 1month 2枚入り　みみれむ イメージモデル カラコン,"1,650円",17.0,https://affiliate.tiktok.com/api/v1/share/ALL9Irz9K7Ri,1732644834504574880,product-images/1732644834504574880.jpeg,2026-02-09,2027-05-31,
LIVE用特別料率キャンペーン,7604793940868908807,カラコン通販 リリーアンナ,美容・コスメ,id,【メーカー公式】【1month】【DIA:14.8】【当日発送※平日13時までの注文】Mirage14.8(ミラージュ) 1month 2枚入り　みみれむ イメージモデル カラコン,"1,485円",17.0,https://affiliate.tiktok.com/api/v1/share/ALL9IuJEfw3E,1732644834574501792,product-images/1732644834574501792.jpeg,2026-02-09,2027-05-31,
LIVE用特別料率キャンペーン,7604793940868908807,カラコン通販 リリーアンナ,美容・コスメ,id,【メーカー公式アウトレット】【当日発送※平日13時までの注文】michou(ミシュー) 1day 10枚入り カラコン　カラーコンタクト,800円,17.0,https://affiliate.tiktok.com/api/v1/share/ALL9Irzs9DMV,1732644936097892256,product-images/1732644936097892256.jpeg,2026-02-09,2027-05-31,
LIVE用特別料率キャンペーン,7604793940868908807,カラコン通販 リリーアンナ,美容・コスメ,shopmajor,【メーカー公式】【当日発送※平日13時までの注文】eyestar(アイスター) 1day 10枚入り カラコン,"1,584円",17.0,https://affiliate.tiktok.com/api/v1/share/ALL9IuJEwyTG,1732645002571122592,product-images/1732645002571122592.jpeg,2026-02-09,2027-05-31,
LIVE用特別料率キャンペーン,7604793940868908807,カラコン通販 リリーアンナ,美容・コスメ,shopmajor,【メーカー公式】【乱視】【当日発送※平日13時までの注文】乱視用 mimuco (ミムコ)TORIC 1day 10枚入り　かわにしみき（みきぽん）プロデュース カラコン,"1,534円",17.0,https://affiliate.tiktok.com/api/v1/share/ALL9IrzsQAyD,1732653088765347744,product-images/1732653088765347744.jpeg,2026-02-09,2027-05-31,
LIVE用特別料率キャンペーン,7604793940868908807,カラコン通販 リリーアンナ,美容・コスメ,shopmajor,【乱視】【公式】【当日発送※平日13時までの注文】乱視用 TOPARDS (トパーズ)TORIC 1day 10枚入り　指原莉乃（さっしー）プロデュースカラコン,"1,584円",17.0,https://affiliate.tiktok.com/api/v1/share/ALL9IuJFE7ba,1732653173209532320,product-images/1732653173209532320.jpeg,2026-02-09,2027-05-31,
LIVE用特別料率キャンペーン,7604793940868908807,カラコン通販 リリーアンナ,美容・コスメ,shopmajor,【メーカー公式】【1month】【当日発送※平日13時までの注文】TOPARDS(トパーズ) 1month 2枚入り　指原莉乃（さっしー）プロデュースカラコン　1.5重フチレンズ,"1,346円",17.0,https://affiliate.tiktok.com/api/v1/share/ALL9IrzshNLz,1732653638713706400,product-images/1732653638713706400.jpeg,2026-02-09,2027-05-31,
LIVE用特別料率キャンペーン,7604793940868908807,カラコン通販 リリーアンナ,美容・コスメ,shopmajor,【メーカー公式】【1month/度なし】【当日発送※平日13時までの注文】度なし LILMOON(リルムーン) 1month 2枚入り　南部桃伽（なんぶももか）イメージモデルカラコン,"1,760円",17.0,https://affiliate.tiktok.com/api/v1/share/ALL9IuJHhRuS,1732653638817515424,product-images/1732653638817515424.jpeg,2026-02-09,2027-05-31,
LIVE用特別料率キャンペーン,7604793940868908807,カラコン通販 リリーアンナ,美容・コスメ,shopmajor,①【公式】【1month】【当日発送※平日13時までの注文】feliamo(フェリアモ) 1month 2枚入り　白石麻衣（まいやん）イメージモデル　カラコン,"1,485円",17.0,https://affiliate.tiktok.com/api/v1/share/ALL9IrzsyHDM,1732653680710289312,product-images/1732653680710289312.jpeg,2026-02-09,2027-05-31,
LIVE用特別料率キャンペーン,7604793940868908807,カラコン通販 リリーアンナ,美容・コスメ,shopmajor,【メーカー公式】【1month/度あり】【当日発送※平日13時までの注文】度あり LILMOON(リルムーン) 1month 1枚入り　南部桃伽（なんぶももか）イメージモデルカラコン,"1,584円",17.0,https://affiliate.tiktok.com/api/v1/share/ALL9IuJHyVSP,1732653684174522272,product-images/1732653684174522272.jpeg,2026-02-09,2027-05-31,
LIVE用特別料率キャンペーン,7604793940868908807,カラコン通販 リリーアンナ,美容・コスメ,shopmajor,【メーカー公式】【当日発送※平日13時までの注文】※新色のみ　TOPARDS(トパーズ) 1DAY 10枚入り〔新色/ゼリークウォーツのみ〕指原莉乃（さっしー）プロデュースカラコン　1.5重フチレンズ,"1,584円",17.0,https://affiliate.tiktok.com/api/v1/share/ALL9IrzvRnZF,1733250472448395168,product-images/1733250472448395168.jpeg,2026-02-09,2027-05-31,
LIVE用特別料率キャンペーン,7604793940868908807,カラコン通販 リリーアンナ,美容・コスメ,shopmajor,【メーカー公式】【1month】【当日発送※平日13時までの注文】RESAY(リセイ) 1month 2枚入り せいせい（田向 星華）プロデュース＆イメージモデル　カラコン,"1,485円",17.0,https://affiliate.tiktok.com/api/v1/share/ALL9IuJIFaYy,1734208314520930208,product-images/1734208314520930208.jpeg,2026-02-09,2027-05-31,
26/08以降 Beelicious様 × EnterCommerce,7675207249816684306,BeeliciousOfficial,生活・雑貨,id,Beelicious ノンフライヤー 4.5L 大容量、静音マットブラック / 木目調（指紋が目立ちにくい）・見える窓付き、エアフライヤー、油カット、省エネ、最高温度・220°C、1-5人用、家庭用、テーブルトップ、電動フライヤー,"7,500円",15.0,https://affiliate.tiktok.com/api/v1/share/ALKcmkwnRuc8,1731949276221769405,product-images/1731949276221769405.jpeg,2026-08-18,2027-08-01,
26/08以降 Beelicious様 × EnterCommerce,7675207249816684306,BeeliciousOfficial,生活・雑貨,id,Beelicious スープメーカー 1000ml ｜全自動 濃厚スープ・豆乳・お粥｜乾燥豆からそのままOK・こし不要｜強靭8枚刃｜高温自動洗浄・除菌｜12時間予約｜離乳食・ジュース・ナッツ対応,"6,900円",15.0,https://affiliate.tiktok.com/api/v1/share/ALKcigfawtDm,1734216108967495357,product-images/1734216108967495357.jpeg,2026-08-18,2027-08-01,
26/08以降 Beelicious様 × EnterCommerce,7675207249816684306,BeeliciousOfficial,生活・雑貨,kw,Beeliciousノンフライヤー 2.5L 小型 一～二人暮らし 【マット仕様】エアフライヤー 1～2人用 省エネルギー 40℃〜200℃の温度設定 発酵機能搭載 冷めた惣菜を温める デスク型 コンパクト ミニ電気フライヤー,"5,500円",15.0,https://affiliate.tiktok.com/api/v1/share/ALKcmkwoHA2R,1735926713561482941,product-images/1735926713561482941.jpeg,2026-08-18,2027-08-01,
26/08以降 Beelicious様 × EnterCommerce,7675207249816684306,BeeliciousOfficial,生活・雑貨,kw,Beelicious 真空パック機 小型家庭用 コードレス充電式 60kPa強力吸引  乾湿両用/手動脱気 分解して丸洗い 市販袋対応(幅28cm) カッター内蔵 マグネット収納 2年保証,"7,500円",15.0,https://affiliate.tiktok.com/api/v1/share/ALKcigfcsKXA,1736681622019147453,product-images/1736681622019147453.jpeg,2026-08-18,2027-08-01,
チホサポ × EnterCommerce,7646244736915195666,FunnyElves Japan,美容・コスメ,shop,【FUNNY ELVES公式】UVソフトマットプレストパウダー+ソフトマットプレストパウダーセット 7g+8g（おまけ付き： あぶらとり紙*1）,"5,699円",15.0,https://affiliate.tiktok.com/api/v1/share/ALL5eDd9wkgB,1732063668464944131,product-images/1732063668464944131.jpeg,2026-06-01,2027-04-30,
チホサポ × EnterCommerce,7646244736915195666,FunnyElves Japan,美容・コスメ,shop,【FUNNY ELVES公式】ソフトマットプレストパウダー+ノートレース シースルー セッティングパウダー セット 7g+7g（おまけ付き： あぶらとり紙*1）,"5,729円",15.0,https://affiliate.tiktok.com/api/v1/share/ALL5g9LAXD03,1732064198227428355,product-images/1732064198227428355.jpeg,2026-06-01,2027-04-30,
チホサポ × EnterCommerce,7646244736915195666,FunnyElves Japan,美容・コスメ,shop,【FUNNY ELVES公式】UV ソフトマットプレストパウダー+ノートレース シースルー セッティングパウダー　セット,"5,399円",15.0,https://affiliate.tiktok.com/api/v1/share/ALL5eDP4bfaU,1732330070646686723,product-images/1732330070646686723.jpeg,2026-06-01,2027-04-30,
チホサポ × EnterCommerce,7646244736915195666,FunnyElves Japan,美容・コスメ,shop,【FUNNY ELVES公式】UVソフト マットプレストパウダー+ロングウェアエア クッション ファンデーション2.0 セット（おまけ付き：あぶらとり紙*1）,"6,469円",15.0,https://affiliate.tiktok.com/api/v1/share/ALL5eDdDWPO5,1733347481480037379,product-images/1733347481480037379.jpeg,2026-06-01,2027-04-30,
チホサポ × EnterCommerce,7646244736915195666,FunnyElves Japan,美容・コスメ,shop,【クリエイター限定】（funny elves公式）ロングウェア ファンデーション リキッドファンデーション25ml （おまけ付き：多機能メイクスポンジ*１+ロングウェア ファンデーション リキッドファンデーション7ml*4 ）,"9,679円",15.0,https://affiliate.tiktok.com/api/v1/share/ALL5g9LAoAEt,1735658851731801091,product-images/1735658851731801091.jpeg,2026-06-01,2027-04-30,
チホサポ × EnterCommerce,7646244736915195666,FunnyElves Japan,美容・コスメ,shop,【FUNNY ELVES公式】スキンフィックス プライマー30ml*2（2点購入で＋1点プレゼント）,"3,680円",15.0,https://affiliate.tiktok.com/api/v1/share/ALL5eDP4scNg,1735753864520041475,product-images/1735753864520041475.jpeg,2026-06-01,2027-04-30,
NEO Lifestyle様 × EnterCommerce,7634476363039262484,NEO lifestyle 暮らしを便利に,生活・雑貨,id,【満足度90％超え！リピート多数】まるで魔法！ 吸水2.5倍 国内発送 プレミアムバスマット Mirx ミラクス 珪藻土バスマット  珪藻土マット ソフト 速乾 冷たくない 割れない ノンアスベスト  ソフトタイプ 大判 バスマット 足拭き 柔らか5mm厚 お風呂 手入れ簡単  60*40cm  70*50cm,"2,681円-3,582円",15.0,https://affiliate.tiktok.com/api/v1/share/ALL8T8numzk3,1731817266826282235,product-images/1731817266826282235.jpeg,2026-04-30,2027-03-31,⚪︎
NEO Lifestyle様 × EnterCommerce,7634476363039262484,NEO lifestyle 暮らしを便利に,生活・雑貨,id,【めざましTVで紹介】麦茶ポット お茶ポット 冷水筒 ピッチャー 横置き 冷水ボトル 耐熱 3.5リットル Mirx ミラクス  3.5l 洗いやすい  ロック付き お茶ボトル プラスチック ドリンクサーバー 冷蔵庫 ハンドル付き,"2,380円",15.0,https://affiliate.tiktok.com/api/v1/share/ALL8T8ja8K85,1731819260101559547,product-images/1731819260101559547.jpeg,2026-04-30,2027-03-31,⚪︎
NEO Lifestyle様 × EnterCommerce,7634476363039262484,NEO lifestyle 暮らしを便利に,ファッション・アパレル,id,【即納】２点以上割引 SNS話題 サファリハット 男女兼用 ユニセックス 撥水 つば広 UV 折りたたみ バケットハット 帽子 アドベンチャーハット キャンプハット メンズ 男女兼用 釣り 登山 キャンプ 紫外線 紐付き アウトドア スポーツ 防水 春夏,"1,392円",15.0,https://affiliate.tiktok.com/api/v1/share/ALL8T8nv41Eu,1731891559434781947,product-images/1731891559434781947.jpeg,2026-04-30,2027-03-31,⚪︎
NEO Lifestyle様 × EnterCommerce,7634476363039262484,NEO lifestyle 暮らしを便利に,生活・雑貨,id,【2個以上で10％OFF】Prestoor 弁当箱 密閉 漏れない 保存容器 密閉容器 タッパー 電子レンジ対応 食洗機対応 冷凍OK ランチボックス プラスチック おしゃれ 大人 弁当 作り置き キッチン 保存 容器 キャニスター フードコンテナ 754ml,"2,088円",15.0,https://affiliate.tiktok.com/api/v1/share/ALL8T8jaPAbl,1734505672100447483,product-images/1734505672100447483.jpeg,2026-04-30,2027-03-31,⚪︎
NEO Lifestyle様 × EnterCommerce,7634476363039262484,NEO lifestyle 暮らしを便利に,食品,id,【 2-3人前】麻辣湯 冷凍スープ 無添加 国産 マーラータン  東京名店 牛骨 火鍋 具材入れるだけ マーラータンの素 お取り寄せ 味坊 和牛使用 濃厚スープ 旨辛 麻辣湯の素 痺辛 シビ辛 本格 中華料理 家庭用 四川 花椒 唐辛子 時短 鍋料理,"1,880円-3,480円",15.0,https://affiliate.tiktok.com/api/v1/share/ALL8T8nvLAeQ,1734626140588836091,product-images/1734626140588836091.jpeg,2026-04-30,2027-03-31,
PETHROOM様,7675982549403256583,PETHROOM Japan,ペット,shop,【公式】イージーフェイシャルコーム｜犬用・猫用 コーム 涙やけ 目元ケア グルーミング ペットコーム グルーミング,"1,141円",15.0,https://affiliate.tiktok.com/api/v1/share/ALL577GeDuj9,1733278262453568553,product-images/1733278262453568553.jpeg,2026-08-20,2027-08-12,
PETHROOM様,7675982549403256583,PETHROOM Japan,ペット,shop,【公式】スマートネイルクリッパー｜猫用爪切り ペット爪切り ネイルケア 爪ケア,"3,050円",15.0,https://affiliate.tiktok.com/api/v1/share/ALL5BHGVgpWv,1733280186654164009,product-images/1733280186654164009.jpeg,2026-08-20,2027-08-12,
PETHROOM様,7675982549403256583,PETHROOM Japan,ペット,shop,【公式】セーフシールドネイルクリッパー｜犬用爪切り ペット爪切り ネイルケア 爪ケア,"3,050円",15.0,https://affiliate.tiktok.com/api/v1/share/ALL577GeV3nD,1733282148893230121,product-images/1733282148893230121.jpeg,2026-08-20,2027-08-12,
PETHROOM様,7675982549403256583,PETHROOM Japan,ペット,shop,【公式】スポンジタオル (M)｜犬用・猫用 ペットタオル 超吸水 時短 速乾 ドライヤー短縮,"3,152円",15.0,https://affiliate.tiktok.com/api/v1/share/ALL5BHGVxtWQ,1733289624571577385,product-images/1733289624571577385.jpeg,2026-08-20,2027-08-12,
PETHROOM様,7675982549403256583,PETHROOM Japan,ペット,shop,【公式】スポンジタオル (L)｜犬用・猫用 ペットタオル 超吸水 時短 速乾 ドライヤー短縮,"4,192円",15.0,https://affiliate.tiktok.com/api/v1/share/ALL577Gem6SH,1733292211624838185,product-images/1733292211624838185.jpeg,2026-08-20,2027-08-12,
PETHROOM様,7675982549403256583,PETHROOM Japan,ペット,shop,【公式】ゼロウォーターレスシャンプー｜犬用・猫用 シャンプー ドライシャンプー 洗い流し不要 時短ケア 水なし,"1,672円",15.0,https://affiliate.tiktok.com/api/v1/share/ALL5BHGWF1us,1734004294957171753,product-images/1734004294957171753.jpeg,2026-08-20,2027-08-12,
PETHROOM様,7675982549403256583,PETHROOM Japan,ペット,shop,【公式】デンタルクリーン歯ブラシ (XS)｜犬用・猫用 歯ブラシ 超極細毛 口臭ケア 歯垢ケア デンタルケア,"1,010円",15.0,https://affiliate.tiktok.com/api/v1/share/ALL577Gfb5Ww,1734110855159317545,product-images/1734110855159317545.jpeg,2026-08-20,2027-08-12,
PETHROOM様,7675982549403256583,PETHROOM Japan,ペット,shop,【公式】肉球ケアエッセンス｜犬用・猫用 肉球ケア 肉球保湿  乾燥対策,"2,870円",15.0,https://affiliate.tiktok.com/api/v1/share/ALL5BHGX43EC,1734495589599249449,product-images/1734495589599249449.jpeg,2026-08-20,2027-08-12,
PETHROOM様,7675982549403256583,PETHROOM Japan,ペット,shop,【公式】ヒーリングスリッカーブラシ｜犬用・猫用 もつれ毛ケア 抜け毛 長毛種 毛並みブラシ グルーミング,"2,596円",15.0,https://affiliate.tiktok.com/api/v1/share/ALL577GfsDz0,1734496128258507817,product-images/1734496128258507817.jpeg,2026-08-20,2027-08-12,
PETHROOM様,7675982549403256583,PETHROOM Japan,ペット,shop,【LIVE限定】トータルケアセット【イージーフェイシャルコーム & ヒーリングブラシ & ゼロウォーターレスシャンプー & 肉球ケアエッセンス】｜犬用・猫用 グルーミング お手入れセット 被毛ケア 涙やけケア 肉球ケア,"7,694円",15.0,https://affiliate.tiktok.com/api/v1/share/ALL5BHGXLFjn,1734629545811084329,product-images/1734629545811084329.jpeg,2026-08-20,2027-08-12,
PETHROOM様,7675982549403256583,PETHROOM Japan,ペット,shop,【LIVE限定】お散歩ケアセット【ゼロウォーターレスシャンプー & 肉球ケアエッセンス】｜犬用・猫用 シャンプー 時短ケア 肉球ケア 足裏ケア 乾燥対策 お出かけ お散歩グッズ,"4,183円",15.0,https://affiliate.tiktok.com/api/v1/share/ALL577Gg9Jpo,1734629812858881065,product-images/1734629812858881065.jpeg,2026-08-20,2027-08-12,
PETHROOM様,7675982549403256583,PETHROOM Japan,ペット,shop,【LIVE限定】グルーミングケアセット【イージーフェイシャルコーム & ヒーリングブラシ】｜犬用・猫用 グルーミング お手入れセット 被毛ケア ブラッシング 涙やけケア,"3,762円",15.0,https://affiliate.tiktok.com/api/v1/share/ALL5BHGYARfC,1734629929153758249,product-images/1734629929153758249.jpeg,2026-08-20,2027-08-12,
PETHROOM様,7675982549403256583,PETHROOM Japan,ペット,shop,【公式】デンタルソリューション歯磨き粉 (メロン)｜犬用・猫用 歯磨き粉 口臭ケア 歯垢ケア デンタルケア,"2,132円",15.0,https://affiliate.tiktok.com/api/v1/share/ALL577GgyJnm,1736025040340288553,product-images/1736025040340288553.jpeg,2026-08-20,2027-08-12,
PETHROOM様,7675982549403256583,PETHROOM Japan,ペット,shop,【公式】デンタルソリューション歯磨き粉 (サツマイモ)｜犬用・猫用 歯磨き粉 口臭ケア 歯垢ケア デンタルケア,"2,132円",15.0,https://affiliate.tiktok.com/api/v1/share/ALL5BHGYRLjl,1736025595276592169,product-images/1736025595276592169.jpeg,2026-08-20,2027-08-12,
PETHROOM様,7675982549403256583,PETHROOM Japan,ペット,shop,【公式】虫よけライトクリップ｜犬用・猫用 アロマ 虫よけ 散歩 夜道 安全,"2,112円",15.0,https://affiliate.tiktok.com/api/v1/share/ALL577GhFNLp,1736029347664725033,product-images/1736029347664725033.jpeg,2026-08-20,2027-08-12,
PETHROOM様,7675982549403256583,PETHROOM Japan,ペット,shop,【LIVE限定】デンタルケアセット【デンタルソリューション歯磨き粉（サツマイモ）& デンタルクリーン歯ブラシ（XS）】｜犬用・猫用 歯磨きセット 歯磨き粉 歯ブラシ 口臭ケア 歯垢ケア,"2,957円",15.0,https://affiliate.tiktok.com/api/v1/share/ALL5BHGYiRjG,1736322968731092009,product-images/1736322968731092009.jpeg,2026-08-20,2027-08-12,
PETHROOM様,7675982549403256583,PETHROOM Japan,ペット,shop,【公式】ピンクスージングシャンプー｜[獣医師と共同開発] 犬用・猫用 無添加 無香料 ペット用シャンプー,"2,743円",15.0,https://affiliate.tiktok.com/api/v1/share/ALL577GhWaYX,1736871239539983401,product-images/1736871239539983401.jpeg,2026-08-20,2027-08-12,
LIVE用特別料率キャンペーン,7604793940868908807,Premina（プレミーナ）,ファッション・アパレル,id,24時間ラクするナイトブラ 【 ラクブラ24 / しっかりフィット シリーズ 】 ナイトブラ ノンワイヤー ブラ ワイヤーレス ブラジャー 24時間使える 1日中使える 昼夜兼用 大きいサイズ 育乳 補正 下着 小胸 脇肉 バストケア美乳 谷間 ヨガ スポブラ,"2,999円",15.0,https://affiliate.tiktok.com/api/v1/share/ALL9IrbX2mnj,1731586434829158170,product-images/1731586434829158170.jpeg,2026-02-09,2027-05-31,⚪︎
LIVE用特別料率キャンペーン,7604793940868908807,Premina（プレミーナ）,ファッション・アパレル,id,24時間ラクするナイトブラ 【 ラクブラ24 / ベーシック シリーズ 】 ナイトブラ ノンワイヤー ブラ ワイヤーレス ブラジャー 24時間使える 1日中使える 昼夜兼用 大きいサイズ 育乳 補正 下着 小胸 脇肉 バストケア美乳 谷間 ヨガ スポブラ,"2,999円",15.0,https://affiliate.tiktok.com/api/v1/share/ALL9ItvT2x9c,1731794051874260762,product-images/1731794051874260762.jpeg,2026-02-09,2027-05-31,⚪︎
LIVE用特別料率キャンペーン,7604793940868908807,SOWAN（ソワン）,ファッション・アパレル,id,kaihou(カイホウ) オーガニックコットン ショーツ/ 締め付けない 綿 下着 パンツ 100% レディース 女性 日本製 深履き アトピー 敏感肌 妊活 大きいサイズ かわいい,"1,476円",15.0,https://affiliate.tiktok.com/api/v1/share/ALL8hgulLuzR,1732061668347119518,product-images/1732061668347119518.jpeg,2026-02-09,2027-05-31,⚪︎
LIVE用特別料率キャンペーン,7604793940868908807,SOWAN（ソワン）,ファッション・アパレル,id,【日本製】SOWAN もっちりシルク5分丈 腹巻パンツ 腹巻きパンツ はらまきパンツ レディース メンズ 妊婦 マタニティ ルームウェア 締め付けない リラックス 暖かい あったか 温活 生理 敏感肌 肌に優しい 妊活 妊娠 中 薄手 薄い おしゃれ かわいい 綿 絹 コットン 夏用,"2,133円",15.0,https://affiliate.tiktok.com/api/v1/share/ALL8lZm67Gn8,1732081279783831454,product-images/1732081279783831454.jpeg,2026-02-09,2027-05-31,⚪︎
LIVE用特別料率キャンペーン,7604793940868908807,SOWAN（ソワン）,ファッション・アパレル,id,【日本製】ネックウォーマー レディース メンズ スラビィ リブ編み 冬 温かい スヌード マフラー 柔らかい ゆったり 洗える おしゃれ 女の子 男の子 かわいい 苦しくない 伸びる 男女兼用 防寒,"2,010円",15.0,https://affiliate.tiktok.com/api/v1/share/ALL8jbQHKmIF,1733517913653544862,product-images/1733517913653544862.jpeg,2026-02-09,2027-05-31,⚪︎
LIVE用特別料率キャンペーン,7604793940868908807,SOWAN（ソワン）,キッズ・ベビー,id,遠赤外線 リブ編み ネックウォーマー レディース メンズ キッズ 冬 温かい スヌード マフラー 柔らかい ゆったり 洗える アイボリー おしゃれ 女の子 男の子 かわいい 苦しくない 日本製 伸びる 男女兼用 防寒,"2,178円",15.0,https://affiliate.tiktok.com/api/v1/share/ALL8hguld1Nj,1733554565273520030,product-images/1733554565273520030.jpeg,2026-02-09,2027-05-31,⚪︎
LIVE用特別料率キャンペーン,7604793940868908807,SOWAN（ソワン）,ファッション・アパレル,id,1～2足組 かかとあき レッグウォーマー トレンカ 日本製 足首ウォーマー 秋冬 冬用 レディース メンズ おしゃれ かわいい 締め付けない 妊婦 寝る時 睡眠 足 冷え ピラティス ヨガ,"1,368円-1,809円",15.0,https://affiliate.tiktok.com/api/v1/share/ALL8lZm6OSf0,1733554805802239902,product-images/1733554805802239902.jpeg,2026-02-09,2027-05-31,⚪︎
LIVE用特別料率キャンペーン,7604793940868908807,SOWAN（ソワン）,ファッション・アパレル,id,【選べる2双セット】やみつき アームウォーマー レディース シルク 春夏 夏用 ハンドウォーマー アームカバー 手首 ハンドケア 手袋 手荒れ 保湿 保温 指なし おやすみ 薄手 暖かい 日本製 手首ウォーマー,"1,476円",15.0,https://affiliate.tiktok.com/api/v1/share/ALL8jbQHbo2N,1733558137038931870,product-images/1733558137038931870.jpeg,2026-02-09,2027-05-31,⚪︎
LIVE用特別料率キャンペーン,7604793940868908807,SOWAN（ソワン）,ファッション・アパレル,id,遠赤外線起毛 アームウォーマー アームカバー ハンドウォーマー 冬 足首ウォーマー レッグウォーマー おしゃれ かわいい 日本製 冷えとり 睡眠 温活 手首 オフィス テレワーク 冬 あったか 暖かい 温かい 冷え対策 レディース 手首ウォーマー,"1,800円",15.0,https://affiliate.tiktok.com/api/v1/share/ALL8hguluByv,1733587170277689246,product-images/1733587170277689246.jpeg,2026-02-09,2027-05-31,⚪︎
LIVE用特別料率キャンペーン,7604793940868908807,SOWAN（ソワン）,ファッション・アパレル,id,2双組 遠赤外線 アームウォーマー (指穴タイプ) アームカバー ハンドウォーマー 冬 足首ウォーマー レッグウォーマー おしゃれ かわいい 日本製 睡眠 温活 手首 オフィス テレワーク 冬 あったか 暖かい 温かい 手首ウォーマ,"1,640円",15.0,https://affiliate.tiktok.com/api/v1/share/ALL8lZm6fUpf,1733739839142987678,product-images/1733739839142987678.jpeg,2026-02-09,2027-05-31,⚪︎
LIVE用特別料率キャンペーン,7604793940868908807,SOWAN（ソワン）,ファッション・アパレル,id,もっちりシルクロング腹巻き 日本製 はらまきレディース メンズ 妊婦 マタニティ ルームウェア 締め付けない ネックウォーマー リラックス 暖かい あったか 温活 生理 敏感肌 肌に優しい 妊活 妊娠 中 薄手 薄い おしゃれ かわいい 綿 絹 コットン,"1,593円",15.0,https://affiliate.tiktok.com/api/v1/share/ALL8jbQHspqt,1734018019580086174,product-images/1734018019580086174.jpeg,2026-02-09,2027-05-31,⚪︎
LIVE用特別料率キャンペーン,7604793940868908807,SOWAN（ソワン）,ファッション・アパレル,id,メンズ用 かかと付き レッグウォーマー,"1,400円-2,610円",15.0,https://affiliate.tiktok.com/api/v1/share/ALL8hgumB6fD,1734417164173674398,product-images/1734417164173674398.jpeg,2026-02-09,2027-05-31,⚪︎
LIVE用特別料率キャンペーン,7604793940868908807,SOWAN（ソワン）,キッズ・ベビー,id,【1～2枚セット】 日本製 もっちり シルク ネックウォーマー レディース メンズ 薄手 薄い 睡眠 おしゃれ かわいい 暖かい おやすみ 就寝 寝るとき 喉 首 フィット ルームウェア 敏感 肌 綿 肌 女の子 キッズ 男の子 コットン 秋冬 冬用 オールシーズン,"1,368円-1,962円",15.0,https://affiliate.tiktok.com/api/v1/share/ALL8lZm6wWYn,1734417297366681502,product-images/1734417297366681502.jpeg,2026-02-09,2027-05-31,⚪︎
LIVE用特別料率キャンペーン,7604793940868908807,SOWAN（ソワン）,キッズ・ベビー,id,【1～2枚セット】 日本製 もっちり オーガニックコットン ネックウォーマー レディース メンズ 薄手 薄い 睡眠 おしゃれ かわいい 暖かい おやすみ 就寝 寝るとき 喉 首 フィット ルームウェア 敏感 肌 綿 肌 女の子 キッズ 男の子 コットン 秋冬 冬用 オールシーズン,"1,260円-1,701円",15.0,https://affiliate.tiktok.com/api/v1/share/ALL8mZfWN7mc,1734417497743198110,product-images/1734417497743198110.jpeg,2026-02-09,2027-05-31,⚪︎
LIVE用特別料率キャンペーン,7604793940868908807,SOWAN（ソワン）,ファッション・アパレル,id,オーガニックコットン ストール 大判 薄手 春先 綿100 UVカット レディース 手洗い 春夏 涼しい おしゃれ 草木染め オールシーズン 手洗い 母の日 ギフト やわらか 紫外線 無地 冷房対策 日本製 コットン ガーゼ 日焼け防止,"2,133円",15.0,https://affiliate.tiktok.com/api/v1/share/ALL8hgumS73t,1734669196443486110,product-images/1734669196443486110.jpeg,2026-02-09,2027-05-31,⚪︎
LIVE用特別料率キャンペーン,7604793940868908807,SOWAN（ソワン）,ファッション・アパレル,id,骨盤喜ぶ幸せパンツ ガードル 骨盤  骨盤ベルト ヒップアップ ソフトガードル 産後ガードル 産後リフォームインナー ショーツ 産褥ショーツ お腹引き締め 補正下着 ぽっこりお腹 苦しくない,"2,790円",15.0,https://affiliate.tiktok.com/api/v1/share/ALL8lZm7DRnb,1734833164151457694,product-images/1734833164151457694.jpeg,2026-02-09,2027-05-31,⚪︎
LIVE用特別料率キャンペーン,7604793940868908807,SOWAN（ソワン）,ファッション・アパレル,id,【1～2枚セット】SOWAN もっちりシルク腹巻き 日本製 はらまきレディース メンズ 妊婦 マタニティ ルームウェア 締め付けない ネックウォーマー 春夏用 リラックス 暖かい あったか 生理 敏感肌 肌に優しい 妊活 妊娠 中 薄手 薄い おしゃれ かわいい 綿 絹 コットン,"1,368円-1,962円",15.0,https://affiliate.tiktok.com/api/v1/share/ALL8mZfWeAFU,1734835897588156318,product-images/1734835897588156318.jpeg,2026-02-09,2027-05-31,⚪︎
LIVE用特別料率キャンペーン,7604793940868908807,SOWAN（ソワン）,キッズ・ベビー,id,【日本製】モクティ ベビー キッズ パジャマ 半袖 薄手 春夏 80 90 100 110 120 130 綿 男の子 女の子 おしゃれ かわいい 可愛い 部屋着 子供 子ども こども コットン 保育園 1歳 2歳 3歳 4歳,"2,565円",15.0,https://affiliate.tiktok.com/api/v1/share/ALL8hgumjGjH,1732030361985320862,product-images/1732030361985320862.jpeg,2026-02-09,2027-05-31,⚪︎
LIVE用特別料率キャンペーン,7604793940868908807,SOWAN（ソワン）,キッズ・ベビー,id,柔らかいから動きやすい しっとり天竺パンツ 涼しい 綿100 夏用 保育園 幼稚園 入園 ズボン 子供服 男の子 女の子 キッズ 赤ちゃん 日本製 履きやすい ストレッチパンツ ゆったり ベビー服 通園 レギンス,"1,593円",15.0,https://affiliate.tiktok.com/api/v1/share/ALL8lZm7UUvE,1732030914440300446,product-images/1732030914440300446.jpeg,2026-02-09,2027-05-31,⚪︎
LIVE用特別料率キャンペーン,7604793940868908807,SOWAN（ソワン）,キッズ・ベビー,id,【SNSで大バズり】 フリルカラー スタイ エイトロック 女の子 男の子 日本製 コットン つけ襟 360度 360°フリル 赤ちゃん よだれかけ よだれカバー ブランド おしゃれ かわいい お宮参り ベビー 新生児 出産準備 出産祝い ビブ ギフト くるくる よだれが多い 子 リブ ベビー服,"1,305円",15.0,https://affiliate.tiktok.com/api/v1/share/ALL8mZfWv6eU,1734425016188372894,product-images/1734425016188372894.jpeg,2026-02-09,2027-05-31,⚪︎
LIVE用特別料率キャンペーン,7604793940868908807,SOWAN（ソワン）,キッズ・ベビー,id,【日本製】tubutubu おくるみ ブランケット 赤ちゃん 新生児 ベビー 退院 冬用 涼しい コットン かわいい おしゃれ ガーゼケット 秋冬 生まれ お宮参り 男の子 女の子 大判 伸縮性 出産祝い 正方形 ニューボーン フォト 寝かしつけ ギフト ひざ掛け 保育園 薄手 韓国風,"2,295円",15.0,https://affiliate.tiktok.com/api/v1/share/ALL8hgun0KIi,1734425119440275358,product-images/1734425119440275358.jpeg,2026-02-09,2027-05-31,⚪︎
LIVE用特別料率キャンペーン,7604793940868908807,SOWAN（ソワン）,キッズ・ベビー,id,【日本製】サスペンダー レギンス マシュマロ ベビー服 子供服 女の子 男の子 サロペット パンツ 赤ちゃん 可愛い 秋冬 冬用 新生児 幼児 保育園,"1,917円",15.0,https://affiliate.tiktok.com/api/v1/share/ALL8lZm7lh2d,1734439176998389662,product-images/1734439176998389662.jpeg,2026-02-09,2027-05-31,⚪︎
LIVE用特別料率キャンペーン,7604793940868908807,SOWAN（ソワン）,キッズ・ベビー,id,【帽子付き】日本製 秋冬 冬用 tubutubuネップ スワドル 綿100％ すわどる すわドル ベビー 赤ちゃん あかちゃん オールシーズン 韓国風 スリーパー 0～3ヶ月 新生児 出産準備 出産祝い 寝かしつけ モロー反射 ガーゼおくるみ 通院 ギフト プレゼント 男の子 女の子,"3,006円",15.0,https://affiliate.tiktok.com/api/v1/share/ALL8mZfXC8Wr,1734444001980942238,product-images/1734444001980942238.jpeg,2026-02-09,2027-05-31,⚪︎
LIVE用特別料率キャンペーン,7604793940868908807,SOWAN（ソワン）,キッズ・ベビー,id,【3足セット】tubutubuネップ リブ編み ベビー レッグウォーマー ゆったり 赤ちゃん キッズ こども 子供 日本製 春夏 冬用 子ども 暖かい 綿 温活 薄手 おしゃれ 新生児 男の子 女の子 かわいい 締め付けない 就寝 睡眠 日本製 ベビー服,"1,476円",15.0,https://affiliate.tiktok.com/api/v1/share/ALL8lZm82edX,1734495097416353694,product-images/1734495097416353694.jpeg,2026-02-09,2027-05-31,⚪︎
LIVE用特別料率キャンペーン,7604793940868908807,SOWAN（ソワン）,キッズ・ベビー,id,tapupu ロンTEE パンツ セットアップ ベビー キッズ 保育園着 パジャマ ルームウェア,"1,962円-2,619円",15.0,https://affiliate.tiktok.com/api/v1/share/ALL8k4bp2joW,1734568519734364062,product-images/1734568519734364062.jpeg,2026-02-09,2027-05-31,⚪︎
LIVE用特別料率キャンペーン,7604793940868908807,SOWAN（ソワン）,ファッション・アパレル,id,ファミリア シルク レッグウォーマー 春夏 夏用 シルク100％ ロング レディース メンズ アームカバー 睡眠 薄手 締め付けない 日本製 ゆったり 妊婦 ふくらはぎ 温める おしゃれ かわいい 足 寝る用 むくみ,"1,640円",15.0,https://affiliate.tiktok.com/api/v1/share/ALL8mZfXTLG6,1731653773705775006,product-images/1731653773705775006.jpeg,2026-02-09,2027-05-31,⚪︎
LIVE用特別料率キャンペーン,7604793940868908807,SOWAN（ソワン）,ファッション・アパレル,id,1~2双セット 指ありタイプ オーガニックコットン 綿100% アームカバー くすみカラー 夏用 メンズ レディース 日本製 ゆったり ロング 日焼け対策 uvカット 涼しい 日焼け運転 日焼け防止 おしゃれ 手の甲 手甲 二の腕 冷え対策 コットン100 リネン 指穴 なし 落ちない,"1,260円-1,476円",15.0,https://affiliate.tiktok.com/api/v1/share/ALL8lZm8Jrtn,1732156434669471646,product-images/1732156434669471646.jpeg,2026-02-09,2027-05-31,⚪︎
LIVE用特別料率キャンペーン,7604793940868908807,SOWAN（ソワン）,キッズ・ベビー,id,【日本製】 ガーゼ スリーパー 春夏 寝るとき キルト コットン 二重 0歳 1歳 2歳 3歳 薄手 綿 ベビー キッズ 赤ちゃん 新生児 おしゃれ 韓国風 子供 子ども 出産祝い 男の子 女の子 前開き 60 70 80 90 100 パジャマ ギフト ベビー服 子供服,"2,349円-2,565円",15.0,https://affiliate.tiktok.com/api/v1/share/ALL8k4bpJkV7,1731653742592165790,product-images/1731653742592165790.jpeg,2026-02-09,2027-05-31,⚪︎
LIVE用特別料率キャンペーン,7604793940868908807,SOWAN（ソワン）,キッズ・ベビー,id,夏でも履ける 薄手の デニム ベビー キッズ レギンス 綿 70 80 90 100 110 120 日本製 ベビー服 子供服 春夏 夏用 ストレッチパンツ レギパン スパッツ シンプル 韓国風 長ズボン キッズ 赤ちゃん 保育園着 幼稚園 入園 通園服 女の子 男の子 ゆったり おすすめ 履きやすい,"1,476円",15.0,https://affiliate.tiktok.com/api/v1/share/ALL8mZfXkM5J,1731936357861525406,product-images/1731936357861525406.jpeg,2026-02-09,2027-05-31,⚪︎
LIVE用特別料率キャンペーン,7604793940868908807,SOWAN（ソワン）,キッズ・ベビー,id,【SNSで大バズり】スタイ 女の子 男の子  日本製 tubutubutu リブ つけ襟 360度 360°フリル 赤ちゃん よだれかけ よだれカバー ブランド おしゃれ かわいい お宮参り ベビー 新生児 出産準備 出産祝い ビブ ギフト セット くるくる よだれが多い 子 リブ ベビー服,"1,305円",15.0,https://affiliate.tiktok.com/api/v1/share/ALL8lZm8amFY,1732840986998704030,product-images/1732840986998704030.jpeg,2026-02-09,2027-05-31,⚪︎
LIVE用特別料率キャンペーン,7604793940868908807,SOWAN（ソワン）,キッズ・ベビー,id,1～2枚セット アラン柄 スタイ 女の子 男の子 日本製 コットン つけ襟 360度 360°フリル 赤ちゃん よだれかけ よだれカバー ブランド おしゃれ かわいい お宮参りベビー服 新生児 出産準備 出産祝い ビブ ギフト セット くるくる よだれが多い 子 リブ 綿,"1,260円-1,809円",15.0,https://affiliate.tiktok.com/api/v1/share/ALL8k4bpb1hP,1734439099826276254,product-images/1734439099826276254.jpeg,2026-02-09,2027-05-31,⚪︎
LIVE用特別料率キャンペーン,7604793940868908807,SOWAN（ソワン）,ファッション・アパレル,id,真夏に着けるもっちり極薄腹巻 【1～2枚セット】SOWAN 日本製 はらまき 腹巻き レディース 綿 夏用 メンズ 妊婦 マタニティ ルームウェア 締め付けない ネックウォーマー 暖かい あったか 生理 敏感肌 肌に優しい 妊活 妊娠 薄手 薄い おしゃれ かわいい コットン ピマ綿,"1,260円-1,701円",15.0,https://affiliate.tiktok.com/api/v1/share/ALL8mZfY1KlA,1731912327354419102,product-images/1731912327354419102.jpeg,2026-02-09,2027-05-31,⚪︎
LIVE用特別料率キャンペーン,7604793940868908807,SOWAN（ソワン）,ファッション・アパレル,id,真夏に着けるもっちり極薄おやすみマスク 【1〜2枚セット】SOWAN 日本製 綿 コットン ピマ綿 ネックウォーマー 薄手 お休みマスク 保湿 乾燥 睡眠 冷え対策 就寝用マスク 寝るとき ネックカバー フェイスカバー フェイスマスク おしゃれ 就寝 レディース かわいい,"1,476円-2,565円",15.0,https://affiliate.tiktok.com/api/v1/share/ALL8lZm8rrMA,1731966967659005854,product-images/1731966967659005854.jpeg,2026-02-09,2027-05-31,⚪︎
LIVE用特別料率キャンペーン,7604793940868908807,SOWAN（ソワン）,ファッション・アパレル,id,汗かき困ったさん用 内側シルク100% もっちり汗取りインナー 日本製 レディース 綿 汗じみ防止 背中 脇汗 止め 消臭 ショート丈 大量 脱げる 臭わない 目立たない 汗取りパッド 抜き取り ブラの下,"2,007円-3,438円",15.0,https://affiliate.tiktok.com/api/v1/share/ALL8k4bps211,1732018260501759902,product-images/1732018260501759902.jpeg,2026-02-09,2027-05-31,⚪︎
LIVE用特別料率キャンペーン,7604793940868908807,SOWAN（ソワン）,ファッション・アパレル,id,cool cycle クールサイクル アームカバー 冷感 uvカット率99.9％  レディース 可愛い おしゃれ メンズ ひんやり 紫外線対策 夏用 指あり 腕カバー 涼しい 日焼け運転 日焼け防止 日本製 遮光  日除け アウトドア 遮光 グッズ ロング スポーツ 日焼け対策,"1,701円",15.0,https://affiliate.tiktok.com/api/v1/share/ALL8mZfYIH7J,1732097644430591902,product-images/1732097644430591902.jpeg,2026-02-09,2027-05-31,⚪︎
LIVE用特別料率キャンペーン,7604793940868908807,SOWAN（ソワン）,ファッション・アパレル,id,kaihou(カイホウ) オーガニックコットン メロー ショーツ ナイトショーツ リラックスショーツ フェムテック ふんどしパンツ 女性用 レディース ふんどしショーツ 鼠径部 締め付けない 綿100％ コットン 女性 下着 かわいい 深履き 日本製 無地 マタニティ,"1,962円",15.0,https://affiliate.tiktok.com/api/v1/share/ALL8lZm98pI4,1732867296619104158,product-images/1732867296619104158.jpeg,2026-02-09,2027-05-31,⚪︎
LIVE用特別料率キャンペーン,7604793940868908807,SOWAN（ソワン）,ファッション・アパレル,id,SOWAN もっちりオーガニックコットン腹巻き 日本製 はらまき レディース メンズ 妊婦 マタニティ 締め付けない ネックウォーマー リラックス 暖かい あったか 温活 生理 敏感肌 肌に優しい 妊活 妊娠 中 薄手 薄い おしゃれ かわいい 綿 コットン 秋冬 冬用,"1,400円",15.0,https://affiliate.tiktok.com/api/v1/share/ALL8k4bq9186,1732791277269583774,product-images/1732791277269583774.jpeg,2026-02-09,2027-05-31,⚪︎
LIVE用特別料率キャンペーン,7604793940868908807,SOWAN（ソワン）,ファッション・アパレル,id,もっちり オーガニックコットン おやすみマスク/ ネックウォーマー 薄手 日本製 お休みマスク 綿 保湿 乾燥 睡眠 冷え対策 就寝用マスク 寝るとき ネックカバー フェイスカバー ネックガード フェイスガード フェイスマスク おしゃれ 就寝 レディース 秋冬 女の子 かわいい,"1,640円",15.0,https://affiliate.tiktok.com/api/v1/share/ALL8mZfYZU5m,1732945603296790430,product-images/1732945603296790430.jpeg,2026-02-09,2027-05-31,⚪︎
LIVE用特別料率キャンペーン,7604793940868908807,SOWAN（ソワン）,ファッション・アパレル,id,日本製 着圧ソックス 弾性ストッキング レディース メンズ ブラック ベージュ 飛行機 高齢者 つま先なし 足のむくみ オープントゥ 機内  シニア 立ち仕事 妊婦 秋冬 妊娠中 マタニティ 寝る時 膝下 ふくらはぎ,"1,809円",15.0,https://affiliate.tiktok.com/api/v1/share/ALL9IrbXJpmi,1733986439493224350,product-images/1733986439493224350.jpeg,2026-02-09,2027-05-31,⚪︎
LIVE用特別料率キャンペーン,7604793940868908807,SOWAN（ソワン）,ファッション・アパレル,id,2足セット cure-sock (キュアソック) かかとケア 靴下 かかとケアソックス 保湿 日本製 秋冬 冬用 オールシーズン 睡眠 寝るとき こむら返り 日本製 冷えない 角質 ガサガサ 保湿 送料無料 ツルツル ひび割れ かかとつるつる おやすみ かわいい,"1,980円",15.0,https://affiliate.tiktok.com/api/v1/share/ALL9ItvTK0Va,1734077991300138910,product-images/1734077991300138910.jpeg,2026-02-09,2027-05-31,⚪︎
LIVE用特別料率キャンペーン,7604793940868908807,SOWAN（ソワン）,ファッション・アパレル,id,【2枚セット】オーガニックコットン 綿100% アームカバー くすみカラー 夏用 メンズ レディース 日本製 ゆったり ロング 日焼け対策 uvカット 涼しい 日焼け運転 日焼け防止 おしゃれ 手の甲 手甲 二の腕 冷え対策 コットン100 リネン 指穴 なし 落ちない フリル,"1,476円",15.0,https://affiliate.tiktok.com/api/v1/share/ALL9IrbXauHc,1731633139447203742,product-images/1731633139447203742.jpeg,2026-02-09,2027-05-31,⚪︎
LIVE用特別料率キャンペーン,7604793940868908807,SOWAN（ソワン）,キッズ・ベビー,id,【SNSで大バズり】3足セット オーガニックコットン ベビーレッグウォーマー,"1,476円",15.0,https://affiliate.tiktok.com/api/v1/share/ALL9ItvTayu5,1731653623193438110,product-images/1731653623193438110.jpeg,2026-02-09,2027-05-31,⚪︎
LIVE用特別料率キャンペーン,7604793940868908807,SOWAN（ソワン）,キッズ・ベビー,id,【日本製】2枚セット　つけ襟 スタイ 360度 360°フリル 赤ちゃん 男の子 女の子 パイルコットン よだれかけ よだれカバー ブランド 吸水力 サイズ調整 おしゃれ かわいい タオル地 お宮参り ベビー 新生児 出産準備 出産祝い ビブ ギフト セット くるくる よだれが多い 子,"1,476円-2,376円",15.0,https://affiliate.tiktok.com/api/v1/share/ALL9IrbXrsVL,1731653733580769182,product-images/1731653733580769182.jpeg,2026-02-09,2027-05-31,⚪︎
LIVE用特別料率キャンペーン,7604793940868908807,SOWAN（ソワン）,ファッション・アパレル,id,【日本製】Sara-cure (サラキュア) かかとケア レッグウォーマー 靴下 かかとケアソックス 保湿 春夏 夏用 睡眠 寝るとき こむら返り 日本製 冷えない レーヨンシルク 角質 ガサガサ 保湿 送料無料 ツルツル ひび割れ かかとつるつる おやすみ かわいい,"1,710円",15.0,https://affiliate.tiktok.com/api/v1/share/ALL9ItvTsAal,1732549074701617054,product-images/1732549074701617054.jpeg,2026-02-09,2027-05-31,⚪︎
LIVE用特別料率キャンペーン,7604793940868908807,SOWAN（ソワン）,キッズ・ベビー,id,numa-men コットン レギンス 70 80 90 100 110 120 日本製 秋冬 冬用 長ズボン 保育園着 幼稚園 入園 通園 ズボン 子供服 女の子 男の子 キッズ 赤ちゃん 韓国風 履きやすい ゆったり おすすめ ストレッチパンツ レギパン スパッツ シンプル ベビー服 かわいい,"1,593円",15.0,https://affiliate.tiktok.com/api/v1/share/ALL9IrbY93Tm,1733288919239657374,product-images/1733288919239657374.jpeg,2026-02-09,2027-05-31,⚪︎
LIVE用特別料率キャンペーン,7604793940868908807,SOWAN（ソワン）,キッズ・ベビー,id,キルティング コットン パジャマ 綿100 長袖 キッズ 子供 子ども こども ベビー 赤ちゃん 秋冬 冬用 女の子 男の子 ガールズ ボーイズ ルームウェア 上下 きっず かわいい おしゃれ 腹巻き 付き おまけ 無地 やわらか 80 90 100 110 韓国風 贈り物 キルト 幼児 日本製,"2,349円-2,565円",15.0,https://affiliate.tiktok.com/api/v1/share/ALL9ItvU95Qb,1733418131405047710,product-images/1733418131405047710.jpeg,2026-02-09,2027-05-31,⚪︎
LIVE用特別料率キャンペーン,7604793940868908807,SOWAN（ソワン）,キッズ・ベビー,id,肌着屋さんが作った スリーパー 秋冬 冬用 寝るとき 新生児 ベビー キッズ 赤ちゃん あったかい 男の子 女の子 子供 子ども 新生児 出産祝い 日本製 前開き 70 80 90 100 着る毛布 ベスト パジャマ ギフト,"3,438円-3,762円",15.0,https://affiliate.tiktok.com/api/v1/share/ALL9IrbYPzys,1733420311516514206,product-images/1733420311516514206.jpeg,2026-02-09,2027-05-31,⚪︎
LIVE用特別料率キャンペーン,7604793940868908807,SOWAN（ソワン）,ファッション・アパレル,id,【TikTokで大バズり】日本製 ピマコットン ガーゼレギンス 綿100% レディース タイツ 10分丈 オールシーズン 秋冬 冬用 ストレッチパンツ マタニティ レギパン スパッツ シンプル ズボン 服 ゆったり おすすめ 履きやすい 可愛い 締め付け ない 履き やすい 敏感肌,"2,349円",15.0,https://affiliate.tiktok.com/api/v1/share/ALL9ItvUyOwD,1733879367996573598,product-images/1733879367996573598.jpeg,2026-02-09,2027-05-31,⚪︎
LIVE用特別料率キャンペーン,7604793940868908807,SOWAN（ソワン）,ファッション・アパレル,id,【日本製】絹のぬくもり 腹巻 腹巻き 肌側 シルク100% 外側 綿100% レディース 薄手 薄い 妊婦 冷え防止 秋冬 妊活 寝る時 あったか マタニティ コットン,"1,809円-3,114円",15.0,https://affiliate.tiktok.com/api/v1/share/ALL9IrbYh8ke,1734106841720391582,product-images/1734106841720391582.jpeg,2026-02-09,2027-05-31,⚪︎
LIVE用特別料率キャンペーン,7604793940868908807,SOWAN（ソワン）,ファッション・アパレル,id,【日本製】絹のぬくもり 腹巻パンツ 腹巻きパンツ 肌側 シルク100% 外側 綿100% レディース 薄手 薄い 妊婦 冷え防止 秋冬 妊活 寝る時 あったか マタニティ コットン,"2,133円-3,789円",15.0,https://affiliate.tiktok.com/api/v1/share/ALL9ItvVFFbL,1734176947084429214,product-images/1734176947084429214.jpeg,2026-02-09,2027-05-31,⚪︎
LIVE用特別料率キャンペーン,7604793940868908807,SOWAN（ソワン）,ファッション・アパレル,id,【日本製】絹のぬくもり 5分丈腹巻パンツ 腹巻きパンツ 肌側 シルク100% 外側 綿100% レディース 薄手 薄い 妊婦 冷え防止 秋冬 妊活 寝る時 あったか マタニティ コットン,"2,349円-4,329円",15.0,https://affiliate.tiktok.com/api/v1/share/ALL9IrbYyBDW,1734279514936739742,product-images/1734279514936739742.jpeg,2026-02-09,2027-05-31,⚪︎
LIVE用特別料率キャンペーン,7604793940868908807,SOWAN（ソワン）,ファッション・アパレル,id,【日本製】絹のぬくもり おやすみマスク 肌側 シルク100% 外側 綿100% ネックウォーマー レディース 薄手 薄い 冷え防止 就寝用 秋冬 妊活 寝る時 睡眠 コットン,"1,917円-3,438円",15.0,https://affiliate.tiktok.com/api/v1/share/ALL9ItvVWO46,1734280037443143582,product-images/1734280037443143582.jpeg,2026-02-09,2027-05-31,⚪︎
SOWAN x Entercommerce,7626657769202960146,SOWAN（ソワン）,ファッション・アパレル,kw,シルクアームカバー UV 肌色 おしゃれ 素肌 手の甲 手首 長め 夏用 日本製 日焼け 日除け ロング ゆったり,"1,476円",15.0,https://affiliate.tiktok.com/api/v1/share/ALL8a1pAqOvY,1736464419847636894,product-images/1736464419847636894.jpeg,2026-04-09,2027-04-01,
SOWAN x Entercommerce,7626657769202960146,SOWAN（ソワン）,ファッション・アパレル,kw,真夏につけるファミリア シルク シルク100％ 足首ウォーマー 3足組 レッグウォーマー ショート 春夏 夏用 絹100％ レディース メンズ アームカバー 睡眠 薄手 締め付けない 日本製 ゆったり 妊婦 ふくらはぎ 温める おしゃれ かわいい 足 寝る用 むくみ,"1,647円",15.0,https://affiliate.tiktok.com/api/v1/share/ALL8a1bKtfhH,1736502583363667870,product-images/1736502583363667870.jpeg,2026-04-09,2027-04-01,
SOWAN x Entercommerce,7626657769202960146,SOWAN（ソワン）,ファッション・アパレル,kw,【3足セット】リンクス tubutubuネップ ベビー レッグウォーマー ゆったり 赤ちゃん キッズ こども 子供 日本製 春夏 夏用 子ども 暖かい 綿 温活 薄手 おしゃれ 新生児 男の子 女の子 かわいい 締め付けない 就寝 睡眠 ベビー服,"1,476円",15.0,https://affiliate.tiktok.com/api/v1/share/ALL8a1pB7NYB,1736517780616611742,product-images/1736517780616611742.jpeg,2026-04-09,2027-04-01,
SOWAN x Entercommerce,7626657769202960146,SOWAN（ソワン）,ファッション・アパレル,kw,ギンガムチェック 帽子 ベビー 夏 チューリップハット ベビー服 紫外線対策 日本製 赤ちゃん リバーシブル UVカット 男の子 女の子,"1,746円",15.0,https://affiliate.tiktok.com/api/v1/share/ALL8a1bLAokn,1736521916237252510,product-images/1736521916237252510.jpeg,2026-04-09,2027-04-01,
SOWAN x Entercommerce,7626657769202960146,SOWAN（ソワン）,ファッション・アパレル,kw,Oodo(オードー)太リブコットンベビーレギンス くすみカラー 70 80 90 日本製 春 夏 春夏用 夏服ストレッチパンツ レギパン スパッツ 長ズボン 保育園 幼稚園 入園 シンプル ズボン 服 女の子 男の子 ゆったり おすすめ 履きやすい キッズ 赤ちゃん,"1,476円",15.0,https://affiliate.tiktok.com/api/v1/share/ALL8a1pBwYZC,1735123674360481694,product-images/1735123674360481694.jpeg,2026-04-09,2027-04-01,
SOWAN x Entercommerce,7626657769202960146,SOWAN（ソワン）,ファッション・アパレル,kw,【選べる3足セット】オーガニックコットン リブ編み 薄手 ベビー レッグウォーマー 日本製 春夏 夏用 新生児 赤ちゃん キッズ 子供 子ども 暖かい 綿 温活 ふくらはぎ 温める おしゃれ 男の子 女の子 かわいい 締め付けない 就寝 睡眠 日本製 ベビー服,"1,476円",15.0,https://affiliate.tiktok.com/api/v1/share/ALL8a1bLRgTv,1735321569577633694,product-images/1735321569577633694.jpeg,2026-04-09,2027-04-01,
SOWAN x Entercommerce,7626657769202960146,SOWAN（ソワン）,ファッション・アパレル,kw,【3足セット】リネンコットン ベビー レッグウォーマー 日本製 春夏 夏用 オールシーズン 新生児 男の子 女の子 日本製 かわいい 締め付けない 就寝 睡眠 赤ちゃん キッズ 子供 子ども 暖かい 麻 綿 温活 ふくらはぎ 温める おしゃれ メール便送料無料,"1,476円",15.0,https://affiliate.tiktok.com/api/v1/share/ALL8a1pCDTTZ,1735374775684335518,product-images/1735374775684335518.jpeg,2026-04-09,2027-04-01,
SOWAN x Entercommerce,7626657769202960146,SOWAN（ソワン）,ファッション・アパレル,kw,2枚セット オーガニックコットン パターンメッシュ スタイ 女の子 男の子 日本製 リブ つけ襟 360度 360°フリル 赤ちゃん よだれかけ よだれカバー ブランド おしゃれ かわいい お宮参り ベビー 新生児 出産準備 出産祝い ビブ ギフト セット くるくる よだれが多い 子 リブ,"1,701円",15.0,https://affiliate.tiktok.com/api/v1/share/ALL8a1bLiy6w,1735749519474460574,product-images/1735749519474460574.jpeg,2026-04-09,2027-04-01,
SOWAN x Entercommerce,7626657769202960146,SOWAN（ソワン）,ファッション・アパレル,kw,日本製 春でも履ける 薄手 ギンガムチェックパンツ レギンス ベビー キッズ 綿 春夏 ストレッチ レギパン シンプル 長ズボン 赤ちゃん 保育園 幼稚園 入園 ベビー服 こども服 女の子 男の子 ゆったり おすすめ 履きやすい,"2,010円",15.0,https://affiliate.tiktok.com/api/v1/share/ALL8a1pCUTX8,1735753061425776542,product-images/1735753061425776542.jpeg,2026-04-09,2027-04-01,
SOWAN x Entercommerce,7626657769202960146,SOWAN（ソワン）,ファッション・アパレル,kw,夏でも履ける 薄手の デニム 9分丈 パンツ レギンス ベビー キッズ綿 80 90 100 110 日本製 秋冬 冬用 ストレッチパンツ レギパン スパッツ シンプル 長ズボン キッズ 赤ちゃん 保育園 幼稚園 入園 服 女の子 男の子 ゆったり おすすめ 履きやすい,"1,584円",15.0,https://affiliate.tiktok.com/api/v1/share/ALL8a1bM00Ck,1735753201647126430,product-images/1735753201647126430.jpeg,2026-04-09,2027-04-01,
SOWAN x Entercommerce,7626657769202960146,SOWAN（ソワン）,ファッション・アパレル,kw,tubutubu天竺ネップカーディガン ベビー 男の子 女の子 ベビー服 キッズ 赤ちゃん こども 子供 日本製 春 夏 春夏用 綿 薄手 おしゃれ かわいい 新生児 結婚式,"2,898円",15.0,https://affiliate.tiktok.com/api/v1/share/ALL8a1pCldmy,1735753692724037534,product-images/1735753692724037534.jpeg,2026-04-09,2027-04-01,
SOWAN x Entercommerce,7626657769202960146,SOWAN（ソワン）,キッズ・ベビー,kw,日本製 春夏 アラン柄 ロンパース ベビー服 長袖 60 70 80 90 肌着 保育園着 幼稚園 入園 通園 子供服 女の子 かわいい 男の子 赤ちゃん おしゃれ シンプル 新生児 足なし 綿 出産準備 出産祝い,"2,898円",15.0,https://affiliate.tiktok.com/api/v1/share/ALL8a1bMGpLO,1735769763772139422,product-images/1735769763772139422.jpeg,2026-04-09,2027-04-01,
SOWAN x Entercommerce,7626657769202960146,SOWAN（ソワン）,ファッション・アパレル,kw,ペチパンツ 5分丈 綿100% 日本製 涼しい ピマコットン ペチコートパンツ インナーパンツ 透け防止 透けない 薄手 静電気防止 汗対策 汗取り べたつき防止 大きいサイズ ショート マタニティ ひざ丈 春夏 夏用,"1,782円",15.0,https://affiliate.tiktok.com/api/v1/share/ALL8a1pGLOAO,1735770294597355422,product-images/1735770294597355422.jpeg,2026-04-09,2027-04-01,
SOWAN x Entercommerce,7626657769202960146,SOWAN（ソワン）,ファッション・アパレル,kw,【1～2足セット】リネンコットンレッグウォーマー 春夏 春用　夏用 オールシーズン リネン 亜麻 コットン 綿 レッグウォーマー ロング レディース メンズ アームカバー 睡眠 薄手 締め付けない 日本製 ゆったり,"1,260円-1,476円",15.0,https://affiliate.tiktok.com/api/v1/share/ALL8a1bMXx3U,1735874525662644126,product-images/1735874525662644126.jpeg,2026-04-09,2027-04-01,
SOWAN x Entercommerce,7626657769202960146,SOWAN（ソワン）,ファッション・アパレル,kw,『素肌になじむ』持続冷感メッシュアームカバー 肌色 黒 ロング UVカット ゆったり 指先まで レディース メンズ さらさら 涼しい 日焼け対策 接触冷感 手の甲 日本製 濡らす,"1,638円",15.0,https://affiliate.tiktok.com/api/v1/share/ALL8a1pGcFti,1735910378376562590,product-images/1735910378376562590.jpeg,2026-04-09,2027-04-01,
SOWAN x Entercommerce,7626657769202960146,SOWAN（ソワン）,ファッション・アパレル,kw,【日本製×肌着屋】 tubutubuネップ スリーパー 春 夏 春夏用 ベビー キッズ 薄手 綿 寝るとき キルト ガーゼ コットン 二重 0歳 1歳 2歳 3歳 赤ちゃん 新生児 おしゃれ 韓国風 子供 子ども 出産祝い 男の子 女の子 前開き 60 70 80 90 100 パジャマ ギフト ベビー服 子供服,"2,619円",15.0,https://affiliate.tiktok.com/api/v1/share/ALL8a1bUnZYE,1735993543546800030,product-images/1735993543546800030.jpeg,2026-04-09,2027-04-01,
SOWAN x Entercommerce,7626657769202960146,SOWAN（ソワン）,ファッション・アパレル,kw,kaihou(カイホウ) オーガニックコットン 吸水 ショーツ 生理用 サニタリーショーツ 尿もれ 生理用ショーツ おりもの 可愛い かわいい 綿 締め付けない 深履き アトピー 敏感肌 大きいサイズ,"1,179円",15.0,https://affiliate.tiktok.com/api/v1/share/ALL8a1pGtTVj,1735993625525323678,product-images/1735993625525323678.jpeg,2026-04-09,2027-04-01,
SOWAN x Entercommerce,7626657769202960146,SOWAN（ソワン）,ファッション・アパレル,kw,オーガニックコットン アームカバー UV レディース 日焼け対策 綿 おしゃれ 可愛い ロング uvケア 夏用 手袋 uvカット,"1,638円",15.0,https://affiliate.tiktok.com/api/v1/share/ALL8a1bV4OYK,1735688075115071390,product-images/1735688075115071390.jpeg,2026-04-09,2027-04-01,
SOWAN x Entercommerce,7626657769202960146,SOWAN（ソワン）,ファッション・アパレル,kw,ボタニカルダイ オーガニックコットン 靴下 レディース 2足 セット 日本製 綿 100 口ゴム ゆったり ゆるい ルームソックス,"1,809円",15.0,https://affiliate.tiktok.com/api/v1/share/ALL8a1pHATJ8,1735690446536411038,product-images/1735690446536411038.jpeg,2026-04-09,2027-04-01,
SOWAN x Entercommerce,7626657769202960146,SOWAN（ソワン）,ファッション・アパレル,kw,リボン柄がキュート スタイ つけ襟 360度 360°フリル 赤ちゃん 男の子 女の子 パイルコットン よだれかけ よだれカバー ブランド 吸水力 サイズ調整 おしゃれ かわいい タオル地 お宮参り ベビー 新生児 出産準備 出産祝い ビブ ギフト くるくる よだれが多い子,"1,341円",15.0,https://affiliate.tiktok.com/api/v1/share/ALL8a1bVLbcU,1735707443920340894,product-images/1735707443920340894.jpeg,2026-04-09,2027-04-01,
SOWAN x Entercommerce,7626657769202960146,SOWAN（ソワン）,キッズ・ベビー,kw,リボン柄 半袖 ロンパース 日本製 パイル 春 夏 春夏用 夏服 薄手 60 70 80 90 肌着 保育園着 幼稚園 入園 通園 子供服 女の子 男の子 ベビー服 赤ちゃん おしゃれ シンプル 新生児 白 足なし 無地 出産準備 出産祝い,"2,790円",15.0,https://affiliate.tiktok.com/api/v1/share/ALL8a1pMOL9x,1735707741190522782,product-images/1735707741190522782.jpeg,2026-04-09,2027-04-01,
SOWAN x Entercommerce,7626657769202960146,SOWAN（ソワン）,ファッション・アパレル,kw,uvカット率99.9％ 冷感 アームカバー レディース　可愛い メンズ uv対策 紫外線対策 接触冷感 uvケア ロング 日焼け対策 腕カバー uvカット 涼しい 日焼け運転 日焼け防止 夏用 日除け ひんやり アウトドア 日本製 遮光 おしゃれ,"1,314円",15.0,https://affiliate.tiktok.com/api/v1/share/ALL8a1bfWHM9,1735321164739544990,product-images/1735321164739544990.jpeg,2026-04-09,2027-04-01,
SOWAN x Entercommerce,7626657769202960146,SOWAN（ソワン）,ファッション・アパレル,kw,1～2足組 かかと付き レッグウォーマー【日本製】  リネンコットン 綿麻 足首ウォーマー  春夏 夏用 ショート薄手 レディース メンズ おしゃれ かわいい 締め付けない 妊婦 寝る時 睡眠 足 冷え,"1,260円-1,476円",15.0,https://affiliate.tiktok.com/api/v1/share/ALL8a1pUMir8,1735375028396394398,product-images/1735375028396394398.jpeg,2026-04-09,2027-04-01,
SOWAN x Entercommerce,7626657769202960146,SOWAN（ソワン）,ファッション・アパレル,kw,【2枚セット】もっちり オーガニックコットン ヘアバンド  レディース ターバン 幅広 日本製 ヘアターバン かわいい おしゃれ ヘッドバンド ヘアアクセ 洗顔 お風呂上がり 汗止め 吸水 メンズ 白髪隠し スキンケア 綿 柔らか,"1,640円",15.0,https://affiliate.tiktok.com/api/v1/share/ALL8a1bfnKFX,1735120395800250270,product-images/1735120395800250270.jpeg,2026-04-09,2027-04-01,
SOWAN x Entercommerce,7626657769202960146,SOWAN（ソワン）,ファッション・アパレル,kw,【日本製】SOWAN もっちりシルク 腹巻パンツ 腹巻きパンツ はらまきパンツ レディース メンズ 妊婦 マタニティ ルームウェア 締め付けない リラックス 暖かい あったか 温活 生理 敏感肌 肌に優しい 妊活 妊娠 中 薄手 薄い おしゃれ かわいい 綿 絹 コットン 春夏用,"1,809円-1,962円",15.0,https://affiliate.tiktok.com/api/v1/share/ALL8a1pUdlR7,1735120600847124382,product-images/1735120600847124382.jpeg,2026-04-09,2027-04-01,
SOWAN x Entercommerce,7626657769202960146,SOWAN（ソワン）,ファッション・アパレル,kw,【日本製】SOWAN もっちりオーガニックコットン5分丈 腹巻パンツ 腹巻きパンツ はらまきパンツ レディース メンズ 妊婦 マタニティ ルームウェア 締め付けない リラックス 暖かい あったか 温活 生理 敏感肌 妊活 妊娠中 薄手 薄い おしゃれ かわいい 綿 コットン 春夏用,"1,440円-1,584円",15.0,https://affiliate.tiktok.com/api/v1/share/ALL8a1bgcZqh,1735140394847012766,product-images/1735140394847012766.jpeg,2026-04-09,2027-04-01,
SOWAN x Entercommerce,7626657769202960146,SOWAN（ソワン）,ファッション・アパレル,kw,【アウトレット2枚セット】 もっちり ベビー レギンス シルク オーガニックコットン ステテコ パジャマ 腹巻パンツ 腹巻き 70 80 90 秋冬 冬用 オールシーズン オールシーズン 服 女の子 男の子 キッズ 赤ちゃん 日本製 履きやすい ゆったり シンプル,"1,962円",15.0,https://affiliate.tiktok.com/api/v1/share/ALL8a1pUuzdu,1735525137807476638,product-images/1735525137807476638.jpeg,2026-04-09,2027-04-01,
SOWAN x Entercommerce,7626657769202960146,SOWAN（ソワン）,ファッション・アパレル,kw,薄手シルク腹巻 【1～2枚セット】SOWAN 日本製 はらまき レディース メンズ 妊婦 マタニティ ルームウェア 締め付けない ネックウォーマー ナイトキャップ リラックス 暖かい あったか 温活 生理 敏感肌 肌に優しい 妊活 妊娠 中 薄手 薄い おしゃれ かわいい 絹,"1,476円-2,565円",15.0,https://affiliate.tiktok.com/api/v1/share/ALL8a1bgtZYo,1735573857887750046,product-images/1735573857887750046.jpeg,2026-04-09,2027-04-01,
SOWAN x Entercommerce,7626657769202960146,SOWAN（ソワン）,ファッション・アパレル,kw,【2枚セット】もっちりシルク ヘアバンド レディース かわいい おしゃれ ターバン 幅広 ヘッドバンド ヘアアクセ 洗顔 お風呂上がり 汗止め 吸水 メンズ 白髪隠し スキンケア 綿 柔らか,"1,634円-1,962円",15.0,https://affiliate.tiktok.com/api/v1/share/ALL8a1pVBsUG,1735463978844129182,product-images/1735463978844129182.jpeg,2026-04-09,2027-04-01,
SOWAN x Entercommerce,7626657769202960146,SOWAN（ソワン）,ファッション・アパレル,kw,kaihou(カイホウ) オーガニックコットン 腹巻ショーツ 丈長 締め付けない 下着 パンツ 綿100% レディース 女性 日本製 深履き アトピー 敏感肌 妊活 大きいサイズ かわいい お腹すっぽり 2l お尻すっぽり 股上深め,"1,962円",15.0,https://affiliate.tiktok.com/api/v1/share/ALL8a1bhAcsp,1735525150568581022,product-images/1735525150568581022.jpeg,2026-04-09,2027-04-01,
SOWAN x Entercommerce,7626657769202960146,SOWAN（ソワン）,ファッション・アパレル,kw,【2枚セット】ふわふわ吸水 パイル ヘアバンド 洗顔 お風呂上り コットン100% 綿 シンプル かわいい ヘアターバン ヘアタオル ヘアタオルキャップ ヘアキャップ タオル 日本製 レディース メンズ 汗止め スポーツ プール ベビー キッズ 赤ちゃん 子供 親子 タオル,"1,962円",15.0,https://affiliate.tiktok.com/api/v1/share/ALL8a1pVT46l,1735573662732486558,product-images/1735573662732486558.jpeg,2026-04-09,2027-04-01,
SOWAN x Entercommerce,7626657769202960146,SOWAN（ソワン）,ファッション・アパレル,kw,日本製 春夏 夏用 つけ襟 ロンパース フリルカラー コットン 襟 付き 長袖 春服 薄手 60 70 80 90 肌着 保育園着 幼稚園 入園 通園 子供服 女の子 かわいい 男の子 ベビー服 赤ちゃん おしゃれ シンプル 新生児 足なし 綿100% 出産準備 出産祝い,"2,133円",15.0,https://affiliate.tiktok.com/api/v1/share/ALL8a1bkC8vu,1735140380423915422,product-images/1735140380423915422.jpeg,2026-04-09,2027-04-01,
SOWAN x Entercommerce,7626657769202960146,SOWAN（ソワン）,キッズ・ベビー,id,【2タイプ選べる】ナイトキャップ シルク 日本製 レディース ロングヘア ショートヘア 子供 寝癖 毛先 かわいい 跡つかない おしゃれ 筒形 外れにくい 綿 保湿 睡眠 就寝,"2,178円-2,727円",15.0,https://affiliate.tiktok.com/api/v1/share/ALL8a1pVk8yL,1735246331347896222,product-images/1735246331347896222.jpeg,2026-04-09,2027-04-01,⚪︎
SOWAN x Entercommerce,7626657769202960146,SOWAN（ソワン）,キッズ・ベビー,id,【日本製】くすみカラー オーガニックコットン ベビー レギンス 70 80 90 100 110 120 春夏 秋冬 長ズボン 保育園着 幼稚園 入園 通園 ズボン 子供服 女の子 男の子 キッズ 赤ちゃん 履きやすい ゆったり おすすめ ストレッチパンツ レギパン スパッツ シンプル ベビー服,"1,476円",15.0,https://affiliate.tiktok.com/api/v1/share/ALL8a1pWZ5iY,1731907666279761822,product-images/1731907666279761822.jpeg,2026-04-09,2027-04-01,⚪︎
SOWAN x Entercommerce,7626657769202960146,SOWAN（ソワン）,キッズ・ベビー,id,【2枚セット】くすみカラー オーガニックコットン キッズ 1分丈 スパッツ パンツ  保育園着 かわいい ボクサーパンツ キッズ 男の子 女の子 男女兼用 ショートパンツ ボクサーパンツ インナーパンツ アンダーウェア 幼稚園 深履き 綿100 子供 入園準備,"1,476円",15.0,https://affiliate.tiktok.com/api/v1/share/ALL8a1q3YzAF,1731957263657633694,product-images/1731957263657633694.jpeg,2026-04-09,2027-04-01,⚪︎
SOWAN x Entercommerce,7626657769202960146,SOWAN（ソワン）,ファッション・アパレル,id,【日本製】 3足セット オーガニックコットン リブ編み 足首ウォーマー レッグウォーマー 春夏 夏用 薄手 綿100 レディース メンズ おしゃれ かわいい 締め付けない 妊婦 寝る時 睡眠 足 冷え アンクルウォーマー,"1,476円",15.0,https://affiliate.tiktok.com/api/v1/share/ALL8a1c55vOf,1732156744148879262,product-images/1732156744148879262.jpeg,2026-04-09,2027-04-01,⚪︎
SOWAN x Entercommerce,7626657769202960146,SOWAN（ソワン）,ファッション・アパレル,id,【日本製】 3足セット リネンコットン リブ編み 足首ウォーマー レッグウォーマー 夏用 薄手 春夏 綿100 ゆったり レディース メンズ おしゃれ かわいい 締め付けない 妊婦 寝る時 睡眠 足 冷え,"1,476円",15.0,https://affiliate.tiktok.com/api/v1/share/ALL8a1q7gpyH,1732157985149650846,product-images/1732157985149650846.jpeg,2026-04-09,2027-04-01,⚪︎
SOWAN x Entercommerce,7626657769202960146,SOWAN（ソワン）,キッズ・ベビー,id,【帽子付き】日本製 春夏 春用 スワドル おくるみ パターン メッシュ 綿100％ すわどる ベビー 赤ちゃん あかちゃん オールシーズン 韓国風 スリーパー 0～3ヶ月 新生児 出産準備 出産祝い 寝かしつけ モロー反射 ガーゼおくるみ 通院 ギフト プレゼント 男の子 女の子,"3,330円",15.0,https://affiliate.tiktok.com/api/v1/share/ALL8a1c87Rf4,1732303255894656926,product-images/1732303255894656926.jpeg,2026-04-09,2027-04-01,⚪︎
SOWAN x Entercommerce,7626657769202960146,SOWAN（ソワン）,キッズ・ベビー,id,日本製 春 夏 パターンメッシュ つけ襟ロンパース 襟 付き 半袖 春服 薄手 60 70 80 90 肌着 保育園着 幼稚園 入園 通園 子供服 女の子 かわいい 男の子 ベビー服 赤ちゃん おしゃれ シンプル 新生児 白 足なし 無地 綿100% 出産準備 出産祝い こども服,"1,593円",15.0,https://affiliate.tiktok.com/api/v1/share/ALL8a1q7xtGy,1732309670920161182,product-images/1732309670920161182.jpeg,2026-04-09,2027-04-01,⚪︎
SOWAN x Entercommerce,7626657769202960146,SOWAN（ソワン）,キッズ・ベビー,id,日本製 2枚セット tubutubu つけ襟 スタイ 360度 360°くるくる 男の子 女の子 フリル 赤ちゃん くすみカラー パイルコットン よだれかけ スタイ おしゃれ かわいい 韓国風 タオル地 お宮参り ベビー 出産準備 出産祝い ビブ ギフト セット 食事 保育園着 ベビー服,"2,376円",15.0,https://affiliate.tiktok.com/api/v1/share/ALL8a1c8OXzO,1732309917526886302,product-images/1732309917526886302.jpeg,2026-04-09,2027-04-01,⚪︎
SOWAN x Entercommerce,7626657769202960146,SOWAN（ソワン）,キッズ・ベビー,id,【帽子付き】日本製 春夏 春用 キルティング コットン スワドル おくるみ 綿100％ すわどる ベビー 赤ちゃん あかちゃん オールシーズン 韓国風 スリーパー 0～3ヶ月 新生児 出産準備 出産祝い 寝かしつけ モロー反射 通院 ギフト プレゼント 男の子 女の子,"2,241円-2,790円",15.0,https://affiliate.tiktok.com/api/v1/share/ALL8a1q8EoEX,1732357869949061022,product-images/1732357869949061022.jpeg,2026-04-09,2027-04-01,⚪︎
SOWAN x Entercommerce,7626657769202960146,SOWAN（ソワン）,ファッション・アパレル,id,1～2足組【日本製】 裏シルク100% ふんわり二重編み 足首ウォーマー レッグウォーマー 春夏 夏用 ショート薄手 絹 レディース メンズ おしゃれ かわいい 締め付けない 妊婦 寝る時 睡眠 足 冷え,"1,260円-1,476円",15.0,https://affiliate.tiktok.com/api/v1/share/ALL8a1c8fQI6,1732383610109200286,product-images/1732383610109200286.jpeg,2026-04-09,2027-04-01,⚪︎
SOWAN x Entercommerce,7626657769202960146,SOWAN（ソワン）,キッズ・ベビー,id,【SNSで大バズり】スタイ 女の子 男の子 2枚セット 日本製 オーガニックコットン つけ襟 360度 360°フリル 赤ちゃん よだれかけ よだれカバー ブランド おしゃれ かわいい お宮参り ベビー 新生児 出産準備 出産祝い ビブ ギフト セット くるくる よだれが多い 子 リブ ベビー服,"2,376円",15.0,https://affiliate.tiktok.com/api/v1/share/ALL8a1qSJVzh,1732852370900617118,product-images/1732852370900617118.jpeg,2026-04-09,2027-04-01,⚪︎
SOWAN x Entercommerce,7626657769202960146,SOWAN（ソワン）,ファッション・アパレル,id,1～2足組 わたしいろの糸 足首ウォーマー【日本製】 内側シルク100% 足首ウォーマー 秋冬 冬用 ショート厚手 レディース メンズ おしゃれ かわいい 締め付けない 妊婦 寝る時 睡眠 足 冷え,"1,260円-1,809円",15.0,https://affiliate.tiktok.com/api/v1/share/ALL8a1cERc8J,1732863600014559134,product-images/1732863600014559134.jpeg,2026-04-09,2027-04-01,⚪︎
SOWAN x Entercommerce,7626657769202960146,SOWAN（ソワン）,ファッション・アパレル,id,1～2足組 わたしいろの糸 レッグウォーマー【日本製】 内側シルク100% ロング 秋冬 冬用 厚手 レディース メンズ おしゃれ かわいい 締め付けない 妊婦 寝る時 睡眠 足 冷え,"1,476円-2,682円",15.0,https://affiliate.tiktok.com/api/v1/share/ALL8a1cEiZoh,1732906841685657502,product-images/1732906841685657502.jpeg,2026-04-09,2027-04-01,⚪︎
SOWAN x Entercommerce,7626657769202960146,SOWAN（ソワン）,ファッション・アパレル,id,Hot-cure(ホットキュア) かかとケア靴下 かかとケアソックス 保湿 日本製 角質 ガサガサ 保湿 送料無料 ツルツル ひび割れ かかとつるつる おやすみ ソックス おしゃれ かわいい あったか 厚手 暖かい 秋 秋冬用 睡眠 寝るとき こむら返り 日本製 冷えない 男性も,"2,178円",15.0,https://affiliate.tiktok.com/api/v1/share/ALL8a1qSrPKw,1732931802686392222,product-images/1732931802686392222.jpeg,2026-04-09,2027-04-01,⚪︎
SOWAN x Entercommerce,7626657769202960146,SOWAN（ソワン）,ファッション・アパレル,id,【1~2枚セット】【日本製】シルクハンドウォーマー 指切り 手袋 指なし レディース メンズ ハンドケア おやすみ手袋 手荒れ 保湿 保温 暖かい 温かい 穴あき 薄手 レディース 寝るとき ハンドケア 寝る とき 夜 ナイト スマホ アームウォーマー 洗える,"1,476円-2,358円",15.0,https://affiliate.tiktok.com/api/v1/share/ALL8a1qWzLbR,1732958375702595486,product-images/1732958375702595486.jpeg,2026-04-09,2027-04-01,⚪︎
SOWAN x Entercommerce,7626657769202960146,SOWAN（ソワン）,ファッション・アパレル,id,mofmofu シルク レッグウォーマー アームウォーマー ロング レディース メンズ 睡眠 おやすみ 薄手 締め付けない 温める 秋冬 冬用 日本製 ゆったり サポーター あったかい ふくらはぎ おしゃれ かわいい 妊婦 寝る用 裏地 絹100％ シルク100％ こむら返り,"1,809円",15.0,https://affiliate.tiktok.com/api/v1/share/ALL8a1cFGkAv,1733006154111092638,product-images/1733006154111092638.jpeg,2026-04-09,2027-04-01,⚪︎
SOWAN x Entercommerce,7626657769202960146,SOWAN（ソワン）,ファッション・アパレル,id,mofmofu シルク足首ウォーマー レディース メンズ アームウォーマー レッグウォーマー ショート 睡眠 おやすみ 薄手 締め付けない 温める 春夏 冬用 オールシーズン 日本製 ゆったり 裏地 絹100％ シルク100％ サポーター あったかい おしゃれ かわいい 妊婦 寝る用,"1,368円",15.0,https://affiliate.tiktok.com/api/v1/share/ALL8a1qXGN9F,1733006940498593694,product-images/1733006940498593694.jpeg,2026-04-09,2027-04-01,⚪︎
SOWAN x Entercommerce,7626657769202960146,SOWAN（ソワン）,ファッション・アパレル,id,もっちりシルクおやすみマスク ネックウォーマー 薄手 日本製 お休みマスク シルク 保湿 乾燥 睡眠 冷え対策 就寝用マスク 寝るとき ネックカバー フェイスカバー ネックガード フェイスマスク おしゃれ 就寝 レディース 女の子 口呼吸 洗える 洗濯可能 あったか 睡眠用 喉,"1,770円",15.0,https://affiliate.tiktok.com/api/v1/share/ALL8a1cJOOWP,1733033143274604446,product-images/1733033143274604446.jpeg,2026-04-09,2027-04-01,⚪︎
SOWAN x Entercommerce,7626657769202960146,SOWAN（ソワン）,ファッション・アパレル,id,【日本製】ネックウォーマー レディース メンズ サーミック リブ編み 冬 温かい スヌード マフラー 柔らかい ゆったり 洗える おしゃれ 女の子 男の子 かわいい 苦しくない 伸びる 男女兼用 防寒,"1,809円",15.0,https://affiliate.tiktok.com/api/v1/share/ALL8a1cJwbSL,1733516596538804126,product-images/1733516596538804126.jpeg,2026-04-09,2027-04-01,⚪︎
SOWAN x Entercommerce,7626657769202960146,SOWAN（ソワン）,キッズ・ベビー,id,【2枚セット】オーガニックコットン キッズ 1分丈 スパッツ パンツ かわいい ボクサーパンツ キッズ 男の子 女の子 男女兼用 ショートパンツ ボクサーパンツ インナーパンツ アンダーウェア 幼稚園 保育園 小学校 中学校 通学 学生 深履き 綿100 子供 110 120 130 140,"1,593円",15.0,https://affiliate.tiktok.com/api/v1/share/ALL8QQp2eFMT,1734849462286321566,product-images/1734849462286321566.jpeg,2026-04-09,2027-04-01,⚪︎
SOWAN x Entercommerce,7626657769202960146,SOWAN（ソワン）,キッズ・ベビー,id,【日本製】テレコ コットン ベビー レギンス 70 80 90 100 110 120 秋冬 長ズボン 保育園着 幼稚園 入園 通園 ズボン 子供服 女の子 男の子 キッズ 赤ちゃん 履きやすい ゆったり おすすめ ストレッチパンツ レギパン スパッツ シンプル ベビー服,"1,476円",15.0,https://affiliate.tiktok.com/api/v1/share/ALL8QOP1dx3a,1734851818839771038,product-images/1734851818839771038.jpeg,2026-04-09,2027-04-01,⚪︎
SOWAN x Entercommerce,7626657769202960146,SOWAN（ソワン）,ファッション・アパレル,id,【2枚セット】リネン アームカバー くすみカラー 夏用 メンズ レディース 日本製 ゆったり ロング 日焼け対策 uvカット 涼しい 日焼け運転 日焼け防止 おしゃれ 手の甲 手甲 二の腕 冷え対策 コットン100 リネン 指穴 なし 落ちない フリル 暑さ対策 軽量,"1,260円-1,476円",15.0,https://affiliate.tiktok.com/api/v1/share/ALL8Sx1JlgV1,1734930728196212638,product-images/1734930728196212638.jpeg,2026-04-09,2027-04-01,⚪︎
SOWAN x Entercommerce,7626657769202960146,SOWAN（ソワン）,キッズ・ベビー,id,ボーダー オーガニックコットン ベビー レギンス 70 80 90 100 110 120 秋冬 保育園着 幼稚園 入園 通園 ズボン 韓国風 女の子 男の子　ベビー服 子供服 キッズ 赤ちゃん レギパン スパッツ 長ズボン シンプル 日本製 履きやすい ゆったり おすすめ ストレッチパンツ,"1,593円",15.0,https://affiliate.tiktok.com/api/v1/share/ALL8QQp2v5R3,1734945783531931550,product-images/1734945783531931550.jpeg,2026-04-09,2027-04-01,⚪︎
SOWAN x Entercommerce,7626657769202960146,SOWAN（ソワン）,ファッション・アパレル,id,綿プレミアム腹巻 2枚組/ コットン腹巻き 腹巻 はらまき レディース メンズ 可愛い かわいい おしゃれ 秋冬用 100% 日本製 妊活 妊婦 生理 暖かい 冷え 温め あったか マタニティ 綿,"1,476円",15.0,https://affiliate.tiktok.com/api/v1/share/ALL8QOP1uxAJ,1734946121260763038,product-images/1734946121260763038.jpeg,2026-04-09,2027-04-01,⚪︎
SOWAN x Entercommerce,7626657769202960146,SOWAN（ソワン）,キッズ・ベビー,id,日本製 春 夏 春夏用 パターンメッシュ つけ襟 ロンパース オーガニックコットン 襟 付き 長袖 春服 薄手 60 70 80 90 肌着 保育園着 幼稚園 入園 通園 子供服 女の子 かわいい 男の子 ベビー服 赤ちゃん おしゃれ シンプル 新生児 足なし 綿100% 出産準備 出産祝い,"2,130円",15.0,https://affiliate.tiktok.com/api/v1/share/ALL8Sx1K2bQ2,1734947068057978782,product-images/1734947068057978782.jpeg,2026-04-09,2027-04-01,⚪︎
SOWAN x Entercommerce,7626657769202960146,SOWAN（ソワン）,ファッション・アパレル,id,オーガニックコットン プレミアム 腹巻 2枚組/オーガニックコットン 腹巻 腹巻き レディース メンズ オーガニック 綿 薄手 可愛い かわいい おしゃれ 秋 春夏用 日本製 妊活 妊婦 生理 暖かい 冷え 温め あったか マタニティ,"1,593円",15.0,https://affiliate.tiktok.com/api/v1/share/ALL8QQp3CIBG,1735009662570039198,product-images/1735009662570039198.jpeg,2026-04-09,2027-04-01,⚪︎
SOWAN x Entercommerce,7626657769202960146,SOWAN（ソワン）,キッズ・ベビー,id,リネンコットン ベビー レッグウォーマー 日本製 春夏 春用　夏用 オールシーズン 新生児 男の子 女の子  日本製 かわいい 締め付けない 就寝 睡眠 赤ちゃん キッズ 子供 子ども 暖かい 麻 綿 温活 ふくらはぎ 温める おしゃれ メール便送料無料,828円,15.0,https://affiliate.tiktok.com/api/v1/share/ALL8QOP2Br2f,1735027466227124126,product-images/1735027466227124126.jpeg,2026-04-09,2027-04-01,⚪︎
SOWAN x Entercommerce,7626657769202960146,SOWAN（ソワン）,キッズ・ベビー,id,【日本製】tubutubu ネップ コットン ベビー レギンス 70 80 90 100 110 120 春 夏 春夏用 春服 夏服 長ズボン 保育園着 幼稚園 入園 通園 ズボン 子供服 女の子 男の子 キッズ 赤ちゃん 履きやすい ゆったり おすすめ ストレッチパンツ レギパン スパッツ シンプル ベビー服,"1,593円",15.0,https://affiliate.tiktok.com/api/v1/share/ALL8Sx1KJj0V,1735028009157953438,product-images/1735028009157953438.jpeg,2026-04-09,2027-04-01,⚪︎
SOWAN x Entercommerce,7626657769202960146,SOWAN（ソワン）,ファッション・アパレル,id,3足組 pocca レッグウォーマー ショート 足首ウォーマー 秋冬 冬用 レディース メンズ おしゃれ かわいい 締め付けない 妊婦 寝る時 睡眠 足 冷え ゆったり,"1,476円",15.0,https://affiliate.tiktok.com/api/v1/share/ALL8QQp3TN4X,1735028039483492254,product-images/1735028039483492254.jpeg,2026-04-09,2027-04-01,⚪︎
SOWAN x Entercommerce,7626657769202960146,SOWAN（ソワン）,キッズ・ベビー,id,【日本製】3足セット オーガニックコットン 太リブ ベビー レッグウォーマー ゆったり 赤ちゃん キッズ こども 子供 日本製 春夏 夏用 子ども 暖かい 綿 温活 薄手 おしゃれ 新生児 男の子 女の子 かわいい 締め付けない 就寝 睡眠 日本製 ベビー服,"1,476円",15.0,https://affiliate.tiktok.com/api/v1/share/ALL8QOP2T7nd,1735042078808835998,product-images/1735042078808835998.jpeg,2026-04-09,2027-04-01,⚪︎
SOWAN x Entercommerce,7626657769202960146,SOWAN（ソワン）,キッズ・ベビー,id,くすみカラーパイルコットン 抱っこ紐 よだれカバー よだれパッド おしゃれ かわいい 男の子 女の子 タオル地 お宮参り ベビー 出産祝い 赤ちゃん ギフト セット 食事 保育園着 韓国風,"1,520円",15.0,https://affiliate.tiktok.com/api/v1/share/ALL8Sx1KapYf,1735042621003040670,product-images/1735042621003040670.jpeg,2026-04-09,2027-04-01,⚪︎
SOWAN x Entercommerce,7626657769202960146,SOWAN（ソワン）,キッズ・ベビー,id,【日本製】サスペンダー レギンス tubutubuネップ リンクス柄 ベビー服 子供服 女の子 男の子 サロペット パンツ 赤ちゃん 可愛い 春夏 夏用 新生児 幼児 保育園,"1,917円",15.0,https://affiliate.tiktok.com/api/v1/share/ALL8QQp3kRt4,1735042743585572766,product-images/1735042743585572766.jpeg,2026-04-09,2027-04-01,⚪︎
SOWAN x Entercommerce,7626657769202960146,SOWAN（ソワン）,ファッション・アパレル,id,【日本製】1～2足組 レッグウォーマー ショート 足首ウォーマー 秋冬 冬用 レディース メンズ 内側シルク100% おしゃれ かわいい 締め付けない 妊婦 寝る時 睡眠 足 冷え ゆったり,"1,520円-2,000円",15.0,https://affiliate.tiktok.com/api/v1/share/ALL8QOP2kCWl,1735046562278770590,product-images/1735046562278770590.jpeg,2026-04-09,2027-04-01,⚪︎
SOWAN x Entercommerce,7626657769202960146,SOWAN（ソワン）,ファッション・アパレル,id,【選べる3足セット】nokotta レッグウォーマー 綿 ロング レディース メンズ 春夏 夏用 睡眠 薄手 締め付けない 温める レギンス風 日本製 ゆったり 冷え サポーター あったかい ふくらはぎ おしゃれ かわいい 妊婦 寝る用,"1,476円",15.0,https://affiliate.tiktok.com/api/v1/share/ALL8Sx1KrhEq,1735104437585807262,product-images/1735104437585807262.jpeg,2026-04-09,2027-04-01,⚪︎
toriko love chocolate,7616089228853888786,toriko love chocolate,食品,id,【送料無料】トリコラブグミ （toriko love gumi） コーラ&グレープ味 31種のラブエナジ―配合,"1,980円-3,980円",15.0,https://affiliate.tiktok.com/api/v1/share/ALL8bPieQmDu,1735397659632174702,product-images/1735397659632174702.jpeg,2026-03-12,2027-02-28,
POTENIA SHOP様 × EnterCommerce,7623764209734027015,【公式】POTENIA SHOP,美容・コスメ,id,【公式】塩化カリウム1200 カリウム サプリ 医師&管理栄養士のW監修 栄養機能食品 日本製 GMP認定工場 ビタミンC配合,"1,400円-4,100円",15.0,https://affiliate.tiktok.com/api/v1/share/ALL8cGvBE44a,1731846488457184813,product-images/1731846488457184813.jpeg,2026-04-01,2027-02-28,
ダニ捕りロボ様 x EnterCommerce,7659253415869187847,ダニ捕りロボ,生活・雑貨,id,【ダニ増殖抑制率99.9%以上】ダニ捕りロボ 本体 ( レギュラー 1個 ) 日本製 乾燥 ( ダニ取りシート / 3か月有効 / 殺虫剤成分ゼロ ) 赤ちゃん ペットにも安心 日革研究所,"1,729円-8,250円",15.0,https://affiliate.tiktok.com/api/v1/share/ALKnib7nTDHx,1736221831096862509,product-images/1736221831096862509.jpeg,2026-07-06,2027-06-30,
ごちチョク様,7643765244359575304,ごちチョク,食品,id,ご褒美うなぎ うなぎ 蒲焼 超特大 300g 400g 500g ギフト ご褒美 ファミリー 冷凍  ウナギ 鰻 蒲焼き ひつまぶし グルメ 内祝い お返し ギフト 誕生日 プレゼント 送料無料 ご馳走,"7,000円-17,400円",14.0,https://affiliate.tiktok.com/api/v1/share/ALL8CSIDI1gb,1734452111968470650,product-images/1734452111968470650.jpeg,2026-05-25,2027-04-30,
AXXIZIA様 × EnterCommerce,7646728191182112520,アクシージア 公式ショップ,美容・コスメ,id,AGTHEORY アクシージア エイジーセオリー モイスチャライジングローション 100mL 濃密なとろみテクスチャー 整肌 アスコルビルグルコシド配合 美容液のような化粧水,"6,820円",14.0,https://affiliate.tiktok.com/api/v1/share/ALL5XaCnQYUf,1731511643847755405,product-images/1731511643847755405.jpeg,2026-06-02,2027-04-30,⚪︎
AXXIZIA様 × EnterCommerce,7646728191182112520,アクシージア 公式ショップ,美容・コスメ,id,AXXZIA アクシージア メイトフォーアイズ 目もと美顔器+エッセンスシートマスクセット 充電式 60枚入り 眼輪筋専用 美容液配合 VOCE2023年5月美容グッズ部門第1位,"41,580円",14.0,https://affiliate.tiktok.com/api/v1/share/ALL5aDcjLUUu,1731902415595210381,product-images/1731902415595210381.jpeg,2026-06-02,2027-04-30,⚪︎
AXXIZIA様 × EnterCommerce,7646728191182112520,アクシージア 公式ショップ,美容・コスメ,id,AXXZIA ヴィーナスレシピ PQリキッド 500mL（50mL×10本）総合美容ドリンク,"8,100円",14.0,https://affiliate.tiktok.com/api/v1/share/ALL5XgN80gHD,1734414060016273037,product-images/1734414060016273037.jpeg,2026-06-02,2027-04-30,⚪︎
AXXIZIA様 × EnterCommerce,7646728191182112520,アクシージア 公式ショップ,美容・コスメ,id,AXXZIA アクシージア ビューティーアイズ エッセンスシート プラス 60枚 ケア ハリ バチルス アスコルビルグルコシド ローズマリーエキス,"5,279円",14.0,https://affiliate.tiktok.com/api/v1/share/ALL5XaCnhjzl,1731510432491013773,product-images/1731510432491013773.jpeg,2026-06-02,2027-04-30,⚪︎
AXXIZIA様 × EnterCommerce,7646728191182112520,アクシージア 公式ショップ,美容・コスメ,id,AXXZIA アクシージア ビューティーアイズ エッセンスシート プレミアム リミテッド　60枚入 両目30回分 360°密着アイパッチ 独自形状 目元集中ケア ハリ不足・乾燥対策 保湿美容成分配合 目元パック,"6,006円",14.0,https://affiliate.tiktok.com/api/v1/share/ALL5aDcjcXhi,1731510722516518541,product-images/1731510722516518541.jpeg,2026-06-02,2027-04-30,⚪︎
AXXIZIA様 × EnterCommerce,7646728191182112520,アクシージア 公式ショップ,美容・コスメ,id,AGTHEORY アクシージア エイジーセオリー UVプロテクションクリーム 40g SPF50+ PA++++ ブルーライト対策 スキンケアUV下地 エステタッチ処方,"6,435円",14.0,https://affiliate.tiktok.com/api/v1/share/ALL5XgN8HcZV,1731511784105281165,product-images/1731511784105281165.jpeg,2026-06-02,2027-04-30,⚪︎
PHOEBE BEAUTY UP様,7657644188943533842,PHOEBE BEAUTY UP,美容・コスメ,id,【公式】リッチモイスチャークリームN１（クリーム）フィービー ビューティーアップ,"3,080円",13.0,https://affiliate.tiktok.com/api/v1/share/ALL5KRjdCP9l,1734375459699787151,product-images/1734375459699787151.jpeg,2026-07-02,2027-06-30,
XBJ様 x EnterCommerce株式会社,7677442233972295431,XBJ,家電,shop,XBJポータブルプロジェクター — 1080Pビデオプロジェクター、デュアルバンドWi‑Fi 6、5Gワイヤレス、Bluetooth 5.3、Android 11、180度回転可能、自動ケystone補正 — ホームエンターテインメントに最適なホリデーギフト,"7,299円-8,699円",13.0,https://affiliate.tiktok.com/api/v1/share/ALKjVf3zXRs2,1731801414172313518,product-images/1731801414172313518.jpeg,2026-08-24,2027-08-01,
XBJ様 x EnterCommerce株式会社,7677442233972295431,XBJ,家電,shop,XBJポータブルプロジェクター — 1080P対応、明るさ450lm、360度回転可能、ワイヤレスHDMI、自動ケystone補正、Bluetooth 5.3、スマートフォン・タブレット・PC・ゲーム機向けのコンパクトホームシアタープロジェクター — ホリデーギフトに最適！,"10,299円",13.0,https://affiliate.tiktok.com/api/v1/share/ALKjVfGuHymi,1732173380194633646,product-images/1732173380194633646.jpeg,2026-08-24,2027-08-01,
XBJ様 x EnterCommerce株式会社,7677442233972295431,XBJ,家電,shop,XBJ 1080P 400ルーメン 小型プロジェクター 360度回転 自動ケペスト補正 Bluetooth5.5ワイヤレス HDMI スマートフォン・ゲーム機接続 コンパクト ホームシアター ギフト,"9,699円-10,399円",13.0,https://affiliate.tiktok.com/api/v1/share/ALKjVf3zodhM,1736745715768985518,product-images/1736745715768985518.jpeg,2026-08-24,2027-08-01,
タングルティーザー様,7615906035946718994,タングルティーザージャパン,美容・コスメ,id,【6/23(火)9:00～ 990円】公式 タングルティーザー ザ・オリジナル ノーマル 魔法のブラシ TANGLE TEEZER,990円,13.0,https://affiliate.tiktok.com/api/v1/share/ALL8i7DnqZar,1732547573562901884,product-images/1732547573562901884.jpeg,2026-03-11,2026-12-31,
水産・港海鮮様 x EnterCommerce,7652957966413891335,水産・港海鮮,食品,id,【国産】宮古トラウトサーモン・刺身　岩手県宮古市の清らかな海で丁寧に育てられた。200g500g1kg1.5kg,"2,980円-12,680円",13.0,https://affiliate.tiktok.com/api/v1/share/ALKnlWU4Q9Ha,1734331559879214727,product-images/1734331559879214727.jpeg,2026-06-19,2027-05-31,
FALAMI様 x EnterCommerce,7660287214173292295,Falami,ファッション・アパレル,id,目元パック ヒアルロン酸パッチ ニードルパッチ[12回分] コラーゲンとマイクロニードル 2in1パッチ 目の下 眉間 口元 目元ケア 男性用 女性用,"3,680円-4,980円",12.0,https://affiliate.tiktok.com/api/v1/share/ALKlLHrO3CA9,1731706754416281293,product-images/1731706754416281293.jpeg,2026-07-09,2027-07-01,⚪︎
FALAMI様 x EnterCommerce,7660287214173292295,Falami,ファッション・アパレル,id,目元パック ニードルパッチ ヒアルロン酸 [6回分]目元ケア マイクロニードル 目の下パッチ 口元 眉間 女性用 男性用,"3,280円-4,380円",12.0,https://affiliate.tiktok.com/api/v1/share/ALKlORsuaQh0,1731753443039086285,product-images/1731753443039086285.jpeg,2026-07-09,2027-07-01,⚪︎
FALAMI様 x EnterCommerce,7660287214173292295,Falami,ファッション・アパレル,id,目元パック ニードルパッチ ヒアルロン酸パッチ [CICA配合]マイクロにドール 目元ケア 3回分6枚入 口元 眉間 目の下 目元ケア 口元 男女兼用 iFala,"2,380円-4,680円",12.0,https://affiliate.tiktok.com/api/v1/share/ALKlLHrRcpr6,1731753555181602509,product-images/1731753555181602509.jpeg,2026-07-09,2027-07-01,⚪︎
FALAMI様 x EnterCommerce,7660287214173292295,Falami,ファッション・アパレル,id,iFala 眼科医監修 スポーツサングラス メンズ レディース[偏光×調光・UV99％カット] スポーツサングラス 自転車 運転 釣り ドライバ ゴルフ バイク 野球 ランニング テニス スキー 登山 超軽量 偏光サングラス レディース レザー収納ポーチ 取扱説明書付き お得な7点セット,"2,880円-3,180円",12.0,https://affiliate.tiktok.com/api/v1/share/ALKlORsurSui,1732024896987039437,product-images/1732024896987039437.jpeg,2026-07-09,2027-07-01,⚪︎
FALAMI様 x EnterCommerce,7660287214173292295,Falami,ファッション・アパレル,id,iFala 眼科医監修 サングラス メンズ レディース【Poco'ce雑誌掲載・偏光×調光レンズ】 UV400  紫外線99％カットサングラス  釣り ゴルフ 運転用 ドライブ スポーツサングラス 野球 ランニング おしゃれ 軽量 レザー収納ポーチ お得な7点セット 取扱説明書付き,"2,680円-3,280円",12.0,https://affiliate.tiktok.com/api/v1/share/ALKlLHrRu7Ve,1732248318298195661,product-images/1732248318298195661.jpeg,2026-07-09,2027-07-01,⚪︎
FALAMI様 x EnterCommerce,7660287214173292295,Falami,ファッション・アパレル,id,iFala 眼科医監修 サングラス メンズ レディース【小顔見え・美肌師監修】調光偏光 UV400 紫外線カット 運転用 ドライブ ゴルフ 釣り スポーツ アウトドア おしゃれ 軽量 丸サングラス 変色 レザー収納ポーチ付き 7点セット,"2,680円-3,280円",12.0,https://affiliate.tiktok.com/api/v1/share/ALKlORsv8ZCs,1732381617271178957,product-images/1732381617271178957.jpeg,2026-07-09,2027-07-01,⚪︎
FALAMI様 x EnterCommerce,7660287214173292295,Falami,ファッション・アパレル,id,【Poco'ce雑誌掲載・調光偏光サングラス】サングラス メンズ レディース UV400 サングラス 釣り ゴルフ 運転用 ドライブ スポーツサングラス 野球 ランニング おしゃれ 軽量 レザー収納ポーチ 取扱説明書付き お得な7点セット,"2,680円-3,280円",12.0,https://affiliate.tiktok.com/api/v1/share/ALKlLHrSB4tb,1735010869967357645,product-images/1735010869967357645.jpeg,2026-07-09,2027-07-01,⚪︎
FALAMI様 x EnterCommerce,7660287214173292295,Falami,ファッション・アパレル,id,iFala 眼科医監修 偏光調光サングラス【日本人向けフィット設計・紫外線99％カット・安心半年返金保証 】メンズ レディース 運転用 ドライブ ゴルフ 釣り スポーツ ランニング 野球 おしゃれ 軽量,"2,680円-3,180円",12.0,https://affiliate.tiktok.com/api/v1/share/ALKlORsvPUAq,1736015008262424269,product-images/1736015008262424269.jpeg,2026-07-09,2027-07-01,⚪︎
LASIEM × EnterCommerce,7639298701227935506,LASIEM｜ラシエム,ファッション・アパレル,id,LASIEM 本革バイカラーベルト二つ折り財布 引き手二タイプ付き,"5,980円",12.0,https://affiliate.tiktok.com/api/v1/share/ALL8EscfbdGY,1732071717610489328,product-images/1732071717610489328.jpeg,2026-05-13,2027-04-30,⚪︎
LASIEM × EnterCommerce,7639298701227935506,LASIEM｜ラシエム,ファッション・アパレル,id,LASIEM ショルダーバッグ レディース ナイロン 大人 軽量 本革 ミニボストン ミニショルダーバッグ ボストンバッグ ペットボトルが入る 撥水 バッグチャーム ショルダー ベルト付 上品 おしゃれ きれいめ ブランド,"12,800円",12.0,https://affiliate.tiktok.com/api/v1/share/ALL8GpXwdorj,1733291191218767344,product-images/1733291191218767344.jpeg,2026-05-13,2027-04-30,⚪︎
LASIEM × EnterCommerce,7639298701227935506,LASIEM｜ラシエム,ファッション・アパレル,id,ショルダーバッグ レディース 本革 大人 軽量 ミニボストン 斜めがけ 肩掛け 小さめ ペットボトルが入る ハンドバッグ　ミニショルダーバッグ ハンドバッグ  バッグチャーム ショルダーストラップ ベルト付 かわいい 上品 おしゃれ きれいめ ブランド クリスマス,"14,800円",12.0,https://affiliate.tiktok.com/api/v1/share/ALL8KuKfiUsl,1733291211336877552,product-images/1733291211336877552.jpeg,2026-05-13,2027-04-30,⚪︎
LASIEM × EnterCommerce,7639298701227935506,LASIEM｜ラシエム,ファッション・アパレル,id,LASIEM 本革お財布ショルダーバッグ お財布機能付き,"10,980円",12.0,https://affiliate.tiktok.com/api/v1/share/ALL8EscfsfcV,1733294641612883440,product-images/1733294641612883440.jpeg,2026-05-13,2027-04-30,⚪︎
LASIEM × EnterCommerce,7639298701227935506,LASIEM｜ラシエム,ファッション・アパレル,id,LASIEM 本革キューブバッグ スカーフ付き レディース ハンドバッグ トートバッグ バッグインバッグ付 ショルダーストラップ付,"12,800円-13,800円",12.0,https://affiliate.tiktok.com/api/v1/share/ALL8GpXwuvm9,1733294666130228720,product-images/1733294666130228720.jpeg,2026-05-13,2027-04-30,⚪︎
LASIEM × EnterCommerce,7639298701227935506,LASIEM｜ラシエム,ファッション・アパレル,id,LASIEM メタリック長財布 長財布 レディース 小さい長財布 小さめ 財布 短い長財布 短い 本革,"7,980円",12.0,https://affiliate.tiktok.com/api/v1/share/ALL8KuKfzfsG,1733294709363344880,product-images/1733294709363344880.jpeg,2026-05-13,2027-04-30,⚪︎
LASIEM × EnterCommerce,7639298701227935506,LASIEM｜ラシエム,ファッション・アパレル,id,LASIEM メッシュハンカチポーチ メッシュ タオル ハンカチ ポーチ 濡れたハンカチ,"1,980円",12.0,https://affiliate.tiktok.com/api/v1/share/ALL8Escg9saR,1733418907226113520,product-images/1733418907226113520.jpeg,2026-05-13,2027-04-30,⚪︎
LASIEM × EnterCommerce,7639298701227935506,LASIEM｜ラシエム,ファッション・アパレル,id,LASIEM マルチポーチ キーケース ティッシュケース付き,"3,480円",12.0,https://affiliate.tiktok.com/api/v1/share/ALL8GpXxByTL,1733418975570593264,product-images/1733418975570593264.jpeg,2026-05-13,2027-04-30,⚪︎
LASIEM × EnterCommerce,7639298701227935506,LASIEM｜ラシエム,ファッション・アパレル,id,LASIEM 大容量自立メイクポーチ メイクポーチ　大容量　メイク,"3,480円-3,980円",12.0,https://affiliate.tiktok.com/api/v1/share/ALL8KuKgGdts,1733419030828778992,product-images/1733419030828778992.jpeg,2026-05-13,2027-04-30,⚪︎
LASIEM × EnterCommerce,7639298701227935506,LASIEM｜ラシエム,ファッション・アパレル,id,LASIEM 本革リップケース 鏡付き リップ ケース 本革 口紅ケース 口紅入れ 化粧ポーチ,"1,780円",12.0,https://affiliate.tiktok.com/api/v1/share/ALL8EscgQuI3,1733462692991108592,product-images/1733462692991108592.jpeg,2026-05-13,2027-04-30,⚪︎
LASIEM × EnterCommerce,7639298701227935506,LASIEM｜ラシエム,ファッション・アパレル,id,ミニ財布 レディース 三つ折り財布 財布 三つ折り 本革 革 レザー 小さい財布 コンパクト ミニウォレット ブランド 小銭入れ かわいい おしゃれ カードケース ミニ 鍵 コインケース カード入れ スリム 薄い 薄型 プレゼント,"2,980円",12.0,https://affiliate.tiktok.com/api/v1/share/ALL8GpXxSzhA,1733462832297969136,product-images/1733462832297969136.jpeg,2026-05-13,2027-04-30,⚪︎
LASIEM × EnterCommerce,7639298701227935506,LASIEM｜ラシエム,ファッション・アパレル,id,バイカラー ベルト 三つ折り財布 ミニ財布 小さい財布 三つ折り コンパクト ミニウォレット お財布 レディース財布 本革 革 レザー ブランド 薄い ミニ 折りたたみ財布 使いやすい 小さめ スキミング防止 小銭入れ かわいい おしゃれ  シンプル財布 レディース,"3,580円",12.0,https://affiliate.tiktok.com/api/v1/share/ALL8KuKgXjWu,1733462872506336752,product-images/1733462872506336752.jpeg,2026-05-13,2027-04-30,⚪︎
LASIEM × EnterCommerce,7639298701227935506,LASIEM｜ラシエム,ファッション・アパレル,id,＼上向き顔へ／美顔スティック ツボ押し 顔 ツボ押し棒 かっさ テラヘルツ 筋膜リリース マッサージ 顔ツボ棒 ペン型美顔器 トリガーポイント 指圧棒 小顔 美顔 美顔器 コリほぐし 表情筋 ほうれい線 むくみ フェイスライン クマ リフトアップ,"1,580円-1,780円",12.0,https://affiliate.tiktok.com/api/v1/share/ALL8EscghvoA,1733506667206182384,product-images/1733506667206182384.jpeg,2026-05-13,2027-04-30,⚪︎
LASIEM × EnterCommerce,7639298701227935506,LASIEM｜ラシエム,ファッション・アパレル,id,かっさプレート 美顔器 テラヘルツ 美顔 美容 美肌 美人 かっさ 頭皮マッサージ リンパマッサージ カッサ カッサプレート 突起 健康 ツボ押し つぼ押し 温熱 温かい お風呂 リンパ 持ち運び 便利 顔 頭 腕 足 脚 手 かっさマッサージ,"1,980円-2,200円",12.0,https://affiliate.tiktok.com/api/v1/share/ALL8GpXxk5Qn,1733506668257773040,product-images/1733506668257773040.jpeg,2026-05-13,2027-04-30,⚪︎
LASIEM × EnterCommerce,7639298701227935506,LASIEM｜ラシエム,ファッション・アパレル,id,財布 メンズ ミニ財布 二つ折り小さい財布 コンパクト コインケース レディース カードケース 本革 小さい レザー じゃばら カード入れ 小銭入れ お札折らない 折りたたみ ミニウォレット 本革ミニ財布 カードたくさん スキミング防止 革 父の日 実用的 プレゼント,"3,490円",12.0,https://affiliate.tiktok.com/api/v1/share/ALL8KuKgoldc,1733541496619632112,product-images/1733541496619632112.jpeg,2026-05-13,2027-04-30,⚪︎
LASIEM × EnterCommerce,7639298701227935506,LASIEM｜ラシエム,ファッション・アパレル,id,財布 メンズ ミニ財布 小さい財布 二つ折り  二つ折り財布 二つ折り財布メンズ 折りたたみ財布 折りたたみ コンパクト ミニウォレット カードケース 本革 レザー 小さい じゃばら 小銭入れ お札折らない カードたくさん スキミング防止,"5,280円",12.0,https://affiliate.tiktok.com/api/v1/share/ALL8EscgyrbS,1733541516796790256,product-images/1733541516796790256.jpeg,2026-05-13,2027-04-30,⚪︎
LASIEM × EnterCommerce,7639298701227935506,LASIEM｜ラシエム,ファッション・アパレル,id,LASIEM 特注シープレザーキルティングフラグメントケース,"3,700円",12.0,https://affiliate.tiktok.com/api/v1/share/ALL8GpXy16zQ,1733541893720868336,product-images/1733541893720868336.jpeg,2026-05-13,2027-04-30,⚪︎
LASIEM × EnterCommerce,7639298701227935506,LASIEM｜ラシエム,ファッション・アパレル,id,LASIEM 特注シープレザー キルティング二つ折り　ミニ財布,"3,980円",12.0,https://affiliate.tiktok.com/api/v1/share/ALL8KuKh5qMD,1733542255188280816,product-images/1733542255188280816.jpeg,2026-05-13,2027-04-30,⚪︎
LASIEM × EnterCommerce,7639298701227935506,LASIEM｜ラシエム,ファッション・アパレル,id,LASIEM 特注シープレザーキルティング 財布,"4,980円",12.0,https://affiliate.tiktok.com/api/v1/share/ALL8EschFwMi,1733547278622098928,product-images/1733547278622098928.jpeg,2026-05-13,2027-04-30,⚪︎
LASIEM × EnterCommerce,7639298701227935506,LASIEM｜ラシエム,ファッション・アパレル,id,二つ折り財布 レディース ミニ財布 財布 二つ折り 本革 時短財布 スリム 薄い 薄型 革 レザー 小さい コンパクト ミニウォレット ブランド 小銭入れ かわいい おしゃれ カードケース ミニサイズ クリスマス カード入れ,"4,480円",12.0,https://affiliate.tiktok.com/api/v1/share/ALL8GpXyIBYt,1733764584067073520,product-images/1733764584067073520.jpeg,2026-05-13,2027-04-30,⚪︎
LASIEM × EnterCommerce,7639298701227935506,LASIEM｜ラシエム,ファッション・アパレル,shop,【ラシエム公式】 財布 レディース ミニ財布 本革 カードケース カード入れ 大容量 ゴールド ファスナー ミニウォレット コンパクト コインケース 二つ折り じゃばら 小銭入れ お札が折れない クリスマス カード収納 ブランド かわいい スキミング防止,"2,980円-3,480円",12.0,https://affiliate.tiktok.com/api/v1/share/ALL8IrvnYfUP,1733764584175797744,product-images/1733764584175797744.jpeg,2026-05-13,2027-04-30,
LASIEM × EnterCommerce,7639298701227935506,LASIEM｜ラシエム,ファッション・アパレル,shop,財布 ミニ財布 レディース 二つ折り財布 本革 小銭入れ  大容量 薄型 極薄 ミニウォレット 小さい財布 スキミング防止 コンパクト 財布 薄い財布 牛革 レザー カード入れ 小銭入れ おしゃれ 可愛い かわいい 革 ブランド ギフト プレゼント クリスマス,"3,480円",12.0,https://affiliate.tiktok.com/api/v1/share/ALL8GpXyZAE4,1733764584589985264,product-images/1733764584589985264.jpeg,2026-05-13,2027-04-30,
LASIEM × EnterCommerce,7639298701227935506,LASIEM｜ラシエム,ファッション・アパレル,shop,＼こだわりのサフィアーノレザー／ミニ財布 レディース 本革 サフィアーノ レザー ミニサイフ ミニウォレット 財布 コンパクト カードケース 小銭入れ 小さい財布 本革ミニ財布 コインケース お札を折らない お札が折れない カードたくさん じゃばら,"2,980円",12.0,https://affiliate.tiktok.com/api/v1/share/ALL8KuKhMvif,1733764584954430960,product-images/1733764584954430960.jpeg,2026-05-13,2027-04-30,
LASIEM × EnterCommerce,7639298701227935506,LASIEM｜ラシエム,ファッション・アパレル,shop,LASIEM 二つ折り財布 レディース 二つ折 財布 本革 革 サフィアーノ レザー ボックス型 小銭入れ 小銭入れ 小さい財布 二つおり財布 折りたたみ ミニ財布 本革ミニ財布 スリム 薄い 薄型 スキミング防止 ブランド コンパクト 大容量,"3,980円",12.0,https://affiliate.tiktok.com/api/v1/share/ALL8IrvnpaBb,1733764676237886960,product-images/1733764676237886960.jpeg,2026-05-13,2027-04-30,
LASIEM × EnterCommerce,7639298701227935506,LASIEM｜ラシエム,ファッション・アパレル,shop,ラシエム LASIEM 小さい長財布 レディース 本革 牛革 短い長財布コンパクト 大容量 ラウンドファスナー 薄型 軽量 スキミング防止 バイカラー ブランド カード入れ クリスマス プレゼント ギフト,"5,980円",12.0,https://affiliate.tiktok.com/api/v1/share/ALL8GpXyqQId,1733764676840228336,product-images/1733764676840228336.jpeg,2026-05-13,2027-04-30,
LASIEM × EnterCommerce,7639298701227935506,LASIEM｜ラシエム,ファッション・アパレル,shop,LASIEM 本革二つ折り財布 財布 レディース 二つ折り財布 ミニ財布 二つ折り 本革 革 レザー 小さい財布 コンパクト ミニウォレット,"5,980円",12.0,https://affiliate.tiktok.com/api/v1/share/ALL8KuKhe00k,1733764733989717488,product-images/1733764733989717488.jpeg,2026-05-13,2027-04-30,
LASIEM × EnterCommerce,7639298701227935506,LASIEM｜ラシエム,ファッション・アパレル,shop,財布 長財布 レディース 薄い 極薄財布 薄い長財布 ながさいふ 本革 レザー スリム長財布 長財布レディース 大容量 コンパクト 小さめ 使いやすい 軽量 スキミング防止 ブランド かわいい おしゃれ シンプル 小さい長財布,"5,480円",12.0,https://affiliate.tiktok.com/api/v1/share/ALL8Irvo6joQ,1733764734890509808,product-images/1733764734890509808.jpeg,2026-05-13,2027-04-30,
LASIEM × EnterCommerce,7639298701227935506,LASIEM｜ラシエム,ファッション・アパレル,shop,LASIEM メタリック　じゃばらミニ財布　財布　ミニ財布,"3,980円-4,200円",12.0,https://affiliate.tiktok.com/api/v1/share/ALL8GpXz7KLm,1733764744316749296,product-images/1733764744316749296.jpeg,2026-05-13,2027-04-30,
LASIEM × EnterCommerce,7639298701227935506,LASIEM｜ラシエム,ファッション・アパレル,shop,LASIEM 本革じゃばら二つ折りミニ財布　お札が折れない,"2,980円",12.0,https://affiliate.tiktok.com/api/v1/share/ALL8KuKhuugd,1733764757598012912,product-images/1733764757598012912.jpeg,2026-05-13,2027-04-30,
LASIEM × EnterCommerce,7639298701227935506,LASIEM｜ラシエム,ファッション・アパレル,shop,LASIEM 本革バイカラー小さい長財布 長財布　バイカラー,"5,980円",12.0,https://affiliate.tiktok.com/api/v1/share/ALL8IrvoNiSy,1733764757776205296,product-images/1733764757776205296.jpeg,2026-05-13,2027-04-30,
LASIEM × EnterCommerce,7639298701227935506,LASIEM｜ラシエム,ファッション・アパレル,shop,二つ折り財布 レディース 財布 二つ折り がま口 ミニ財布 本革 がま口財布 時短財布 お札 小銭 同じ向き スリム バイカラー 牛本革 レザー コンパクト ミニウォレット 本ミニ財布 ブランド 2つ折り 小銭入れ かわいい おしゃれ クリスマス,"4,800円",12.0,https://affiliate.tiktok.com/api/v1/share/ALL8GpXzORFg,1733764758166930928,product-images/1733764758166930928.jpeg,2026-05-13,2027-04-30,
LASIEM × EnterCommerce,7639298701227935506,LASIEM｜ラシエム,ファッション・アパレル,shop,LASIEM 長財布 レディース 本革 牛革 革 レザー  財布 薄型 薄い スリム 大容量 長サイフ スキミング防止 磁気 防止 軽量 軽い 小さめ  薄い財布 かわいい おしゃれ バイカラー ブランド ギフト プレゼント きれいめ,"4,980円",12.0,https://affiliate.tiktok.com/api/v1/share/ALL8KuKiBxPr,1733764758510142960,product-images/1733764758510142960.jpeg,2026-05-13,2027-04-30,
LASIEM × EnterCommerce,7639298701227935506,LASIEM｜ラシエム,ファッション・アパレル,shop,＼意匠権取得済み！／ラシエム 財布 ミニ財布 レディース 本革 カードケース ベルト付きじゃばらミニ財布 カード入れ ミニウォレット コンパクト コインケース 二つ折り じゃばら 小銭入れ お札が折れない,"3,280円",12.0,https://affiliate.tiktok.com/api/v1/share/ALL8Irvoehho,1733764758515189232,product-images/1733764758515189232.jpeg,2026-05-13,2027-04-30,
LASIEM × EnterCommerce,7639298701227935506,LASIEM｜ラシエム,ファッション・アパレル,shop,＼本革 バイカラー／お財布ポシェット お財布ショルダー お財布ポーチ スマホショルダー  ショルダーバッグ レディース 本革 ミニショルダーバッグ おしゃれ 軽量 かわいい 斜め掛け   クラッチバッグ,"6,980円",12.0,https://affiliate.tiktok.com/api/v1/share/ALL8GpXzfOQM,1733766326144828912,product-images/1733766326144828912.jpeg,2026-05-13,2027-04-30,
LASIEM × EnterCommerce,7639298701227935506,LASIEM｜ラシエム,ファッション・アパレル,shop,【お得なトート&ショルダーセット】トートバッグ ショルダーバッグ ミニトートバッグ  レディース 小さめ 軽量 ミニトート ポシェット インナーバッグ付 通勤バッグ 肩掛け かわいい おしゃれ レザー シンプル 通学 旅行 カバン ミニ 軽い 通勤 ビジネス,"6,980円",12.0,https://affiliate.tiktok.com/api/v1/share/ALL8KuKiT8sQ,1733766326194111984,product-images/1733766326194111984.jpeg,2026-05-13,2027-04-30,
LASIEM × EnterCommerce,7639298701227935506,LASIEM｜ラシエム,ファッション・アパレル,shop,リュック レディース パソコンバッグ パソコンリュック   ノートパソコン 収納 持ち運び 通勤 ビジネスリュック トートバッグ トートリュック 女性 肩掛け きれいめ シンプル 縦型 おしゃれ,"7,980円",12.0,https://affiliate.tiktok.com/api/v1/share/ALL8IrvovwCi,1733766326265677296,product-images/1733766326265677296.jpeg,2026-05-13,2027-04-30,
LASIEM × EnterCommerce,7639298701227935506,LASIEM｜ラシエム,ファッション・アパレル,shop,LASIEM 本革巾着スマホポシェット スマホポーチ巾着,"5,990円",12.0,https://affiliate.tiktok.com/api/v1/share/ALL8GpXzwYc9,1733766331852162544,product-images/1733766331852162544.jpeg,2026-05-13,2027-04-30,
LASIEM × EnterCommerce,7639298701227935506,LASIEM｜ラシエム,ファッション・アパレル,shop,LASIEM サコッシュ レディース 本革 レザー ミニ ショルダーバッグ ポシェット ショルダーバッグ 小さめ きれいめ おしゃれ クラッチバッグ スマホショルダー ミニショルダー 革 携帯 スマホ 斜め,"5,990円",12.0,https://affiliate.tiktok.com/api/v1/share/ALL8KuKik30q,1733766332263335408,product-images/1733766332263335408.jpeg,2026-05-13,2027-04-30,
LASIEM × EnterCommerce,7639298701227935506,LASIEM｜ラシエム,ファッション・アパレル,shop,バッグ ハンドバッグ ショルダーバッグ レディース レザー 上品 斜めがけ 大人かわいい 本革 通勤 フォーマル きれいめ オケージョン ブランド セレモニー プレゼント ギフト 黒 ブラック 高見え ギフト 黒 ブラック 大人 グレージュ おしゃれ クリスマス プレゼント,"13,980円",12.0,https://affiliate.tiktok.com/api/v1/share/ALL8IrvpCrx2,1733766332332869104,product-images/1733766332332869104.jpeg,2026-05-13,2027-04-30,
LASIEM × EnterCommerce,7639298701227935506,LASIEM｜ラシエム,ファッション・アパレル,shop,ショルダーバッグ ハンドバッグ レディース レザー 小さめ 上品ミニ ミニバッグ 斜めがけ 大人かわいい 本革 レザー 通勤 フォーマル きれいめ オケージョン ブランド セレモニー プレゼント ギフト 黒 ブラック 高見え おしゃれ クリスマス,"12,000円",12.0,https://affiliate.tiktok.com/api/v1/share/ALL8GpY0DZoa,1733766337982989808,product-images/1733766337982989808.jpeg,2026-05-13,2027-04-30,
LASIEM × EnterCommerce,7639298701227935506,LASIEM｜ラシエム,ファッション・アパレル,shop,LASIEM バケツ型トートバッグ 巾着インナーバッグ付き バケツ型バッグ マザーズバッグ バケツバッグ ワンハンドル 縦型 バケツ型トート,"4,980円",12.0,https://affiliate.tiktok.com/api/v1/share/ALL8GpY0UbZk,1733766347384063472,product-images/1733766347384063472.jpeg,2026-05-13,2027-04-30,
LASIEM × EnterCommerce,7639298701227935506,LASIEM｜ラシエム,ファッション・アパレル,shop,LASIEM 本革スクエアハンドバッグ  ショルダー付き,"14,800円",12.0,https://affiliate.tiktok.com/api/v1/share/ALL8KuKj1HID,1733766347634410992,product-images/1733766347634410992.jpeg,2026-05-13,2027-04-30,
LASIEM × EnterCommerce,7639298701227935506,LASIEM｜ラシエム,ファッション・アパレル,shop,LASIEM 本革トート&ショルダーバッグ 本革 ショルダーバッグ 大きめ 通勤バッグ 通勤 ななめ掛け 仕事 ビジネスバッグ 大容量 肩掛け,"13,800円",12.0,https://affiliate.tiktok.com/api/v1/share/ALL8IrvpTr8V,1733766347774133744,product-images/1733766347774133744.jpeg,2026-05-13,2027-04-30,
LASIEM × EnterCommerce,7639298701227935506,LASIEM｜ラシエム,ファッション・アパレル,shop,ハンドバッグ ショルダーバッグ レディース 本革 レザー 上品 斜めがけ 大人かわいい 小さめ バンブーハンドル 通勤 面接 フォーマル きれいめ オケージョン ブランド セレモニー 高見え ギフト ブラック 大人 女子会 おしゃれ クリスマス 卒園式 卒業式 入園式 入学式,"13,980円",12.0,https://affiliate.tiktok.com/api/v1/share/ALL8GpY0lkyk,1733766347818173936,product-images/1733766347818173936.jpeg,2026-05-13,2027-04-30,
LASIEM × EnterCommerce,7639298701227935506,LASIEM｜ラシエム,ファッション・アパレル,shop,LASIEM 本革　スマホショルダー スマホポーチ,"7,980円",12.0,https://affiliate.tiktok.com/api/v1/share/ALL8KuKjILC7,1733766348131173872,product-images/1733766348131173872.jpeg,2026-05-13,2027-04-30,
LASIEM × EnterCommerce,7639298701227935506,LASIEM｜ラシエム,ファッション・アパレル,shop,LASIEM 本革 お財布ショルダー ショルダーバッグ ハンドバッグ お財布ポシェット レディース ポシェット,"9,980円",12.0,https://affiliate.tiktok.com/api/v1/share/ALL8IrvpkyML,1733766360780801520,product-images/1733766360780801520.jpeg,2026-05-13,2027-04-30,
LASIEM × EnterCommerce,7639298701227935506,LASIEM｜ラシエム,ファッション・アパレル,shop,LASIEM 軽量ナイロン折りたたみリュック リュック,"4,980円",12.0,https://affiliate.tiktok.com/api/v1/share/ALL8GpY12l6d,1733766361715017200,product-images/1733766361715017200.jpeg,2026-05-13,2027-04-30,
LASIEM × EnterCommerce,7639298701227935506,LASIEM｜ラシエム,ファッション・アパレル,shop,LASIEM ナイロンキルティング軽量ショルダーバッグ かわいいポーチ付き　撥水 ナイロン 斜めがけ 大容量 多収納,"6,980円",12.0,https://affiliate.tiktok.com/api/v1/share/ALL8KuKjZBd9,1733766363191150064,product-images/1733766363191150064.jpeg,2026-05-13,2027-04-30,
LASIEM × EnterCommerce,7639298701227935506,LASIEM｜ラシエム,ファッション・アパレル,shop,LASIEM フラグメントケース カードケース ミニ財布 レディース 薄い 薄型 財布 ミニサイフ カード入れ 極小 スリム 本革 ミニウォレット 小銭入れ コインケース パスケース コンパクト 小さい 小さめ スキミング防止 かわいい おしゃれ スマート,"3,680円",12.0,https://affiliate.tiktok.com/api/v1/share/ALL8Irvq26eK,1733767422451746288,product-images/1733767422451746288.jpeg,2026-05-13,2027-04-30,
LASIEM × EnterCommerce,7639298701227935506,LASIEM｜ラシエム,ファッション・アパレル,shop,LASIEM フラグメントケース レディース 財布 ミニ財布 薄い財布 薄型 コンパクト スリム 極小 カードケース 小さい財布 ミニウォレット 本革ミニ財布 スキミング防止 本革 牛革 レザー 旅行 海外 軽い サブ,"2,680円",12.0,https://affiliate.tiktok.com/api/v1/share/ALL8GpY1JgQ4,1733767499368138224,product-images/1733767499368138224.jpeg,2026-05-13,2027-04-30,
LASIEM × EnterCommerce,7639298701227935506,LASIEM｜ラシエム,ファッション・アパレル,shop,【新色追加】 トートバッグ レディース軽量 通勤バッグ 縦型 大きめ お仕事バッグ 大容量 自立 軽いカバン ビジネスバッグ ファスナー付き ペットボトル 肩掛け かわいい おしゃれ  スクエア シンプル 通学 カバン 軽い ブランド 年末セール プレゼント ギフト,"8,980円",12.0,https://affiliate.tiktok.com/api/v1/share/ALL8KuKjqUD8,1733767500113937904,product-images/1733767500113937904.jpeg,2026-05-13,2027-04-30,
LASIEM × EnterCommerce,7639298701227935506,LASIEM｜ラシエム,ファッション・アパレル,shop,【楽天1位】LASIEM 本革 フラグメントケース カードケース 小さい 薄型 スリム レディース メンズ 財布 薄い カード入れ ブランド お札 収納 旅行 トラベル 軽い 診察券入れ クレジットカード コンパクト レザー おしゃれ かわいい プレゼント ギフト 送料無料,"1,480円",12.0,https://affiliate.tiktok.com/api/v1/share/ALL8IrvqJ71U,1733767500565939696,product-images/1733767500565939696.jpeg,2026-05-13,2027-04-30,
LASIEM × EnterCommerce,7639298701227935506,LASIEM｜ラシエム,ファッション・アパレル,shop,トートバッグ レディース 本革 巾着バッグ 巾着トートバッグ 大きめ 通勤バッグ 通勤 仕事 ビジネスバッグ  軽い 大容量 肩掛け オフィス かわいい おしゃれ シンプル ペットボトルが入る 牛革 トレンド 仕事バッグ 人気,"12,800円",12.0,https://affiliate.tiktok.com/api/v1/share/ALL8GpY1arkz,1733767514982483440,product-images/1733767514982483440.jpeg,2026-05-13,2027-04-30,
LASIEM × EnterCommerce,7639298701227935506,LASIEM｜ラシエム,ファッション・アパレル,shop,LASIEM ワイドストラップミニショルダーバッグ ストラップ二種類付,"5,980円",12.0,https://affiliate.tiktok.com/api/v1/share/ALL8KuKk7Sel,1733767515885176304,product-images/1733767515885176304.jpeg,2026-05-13,2027-04-30,
LASIEM × EnterCommerce,7639298701227935506,LASIEM｜ラシエム,ファッション・アパレル,shop,お薬手帳 おくすり手帳 ケース 母子手帳 ケース  母子手帳 母子手帳ケース 本革 牛革 革 レザー カードケース マルチケース 保険証 診察券 ブックカバー カバー 薄型 コンパクト  スキミング防止 通院ケース かわいい おしゃれ,"4,280円",12.0,https://affiliate.tiktok.com/api/v1/share/ALL8IrvqaADI,1733767686896190960,product-images/1733767686896190960.jpeg,2026-05-13,2027-04-30,
LASIEM × EnterCommerce,7639298701227935506,LASIEM｜ラシエム,ファッション・アパレル,shop,LASIEM 本革キーケース　キーリング　 L字 ファスナー,"3,280円",12.0,https://affiliate.tiktok.com/api/v1/share/ALL8GpY1rm4b,1733767755923031536,product-images/1733767755923031536.jpeg,2026-05-13,2027-04-30,
LASIEM × EnterCommerce,7639298701227935506,LASIEM｜ラシエム,ファッション・アパレル,shop,＼印鑑も入る／【楽天1位】LASIEM 通帳ケース 磁気 防止 おしゃれ じゃばら カード 収納 マルチケース レザー スキミング防止 大容量 薄い 通帳入れ お薬手帳 パスポートケース 母子手帳 保険証 カードケース ブランド 保護 ケース ファスナー かわいい クレジット,"2,980円",12.0,https://affiliate.tiktok.com/api/v1/share/ALL8KuKkOUNO,1733767803531396592,product-images/1733767803531396592.jpeg,2026-05-13,2027-04-30,
LASIEM × EnterCommerce,7639298701227935506,LASIEM｜ラシエム,ファッション・アパレル,shop,ボディバッグ ショルダーバッグ メンズ レディース 本革 メッセンジャーバッグ サコッシュ 革 レザー 小さい コンパクト 斜めがけ 斜め掛け 肩かけ 肩掛け 牛革 フラップ シンプル おしゃれ オシャレ ブランド 父の日 プレゼント 旅行 通勤 クリスマス,"12,800円",12.0,https://affiliate.tiktok.com/api/v1/share/ALL8IrvqrGqW,1733780156400305648,product-images/1733780156400305648.jpeg,2026-05-13,2027-04-30,
LASIEM × EnterCommerce,7639298701227935506,LASIEM｜ラシエム,ファッション・アパレル,shop,＼本革 シンプル／【楽天1位】スマホショルダー レディース 本革 メンズ スマホポシェット サコッシュ スマホ スマホポーチ 父の日 スクエア ショルダー バッグ ミニショルダー 斜めがけ レディース 縦型 携帯 ポーチ スマホ 財布 おしゃれ 大人 ブランド スマホケース,"5,990円",12.0,https://affiliate.tiktok.com/api/v1/share/ALL8GpY290JQ,1733780156558444016,product-images/1733780156558444016.jpeg,2026-05-13,2027-04-30,
LASIEM × EnterCommerce,7639298701227935506,LASIEM｜ラシエム,ファッション・アパレル,shop,キーケース レディース スマートキーケース スマートキー カードキーケース 革 本革 牛革 レザー 小銭入れ カード かわいい コンパクト キーケースレディース 車 家 免許証 パスケース ICカード 定期入れ 通勤 通学 鍵 小さい マルチケース,"3,480円",12.0,https://affiliate.tiktok.com/api/v1/share/ALL8KuKkfO2R,1733780162596013552,product-images/1733780162596013552.jpeg,2026-05-13,2027-04-30,
LASIEM × EnterCommerce,7639298701227935506,LASIEM｜ラシエム,ファッション・アパレル,shop,フラグメントケース ミニ財布 小さい財布 レディース 小銭入れ付き 本革 カードケース 薄型 薄い コンパクト コインケース ファスナー 薄い キャッシュレス 軽量 スリム 使いやすい カード収納 定期入れ サブ財布 シンプル おしゃれ,"4,100円",12.0,https://affiliate.tiktok.com/api/v1/share/ALL8Irvr8KY6,1734228279033759216,product-images/1734228279033759216.jpeg,2026-05-13,2027-04-30,
LASIEM × EnterCommerce,7639298701227935506,LASIEM｜ラシエム,ファッション・アパレル,shop,巾着バッグ ショルダー ショルダーバッグ レディース 斜めがけ ナイロン 大人 軽量 大容量 ドロストバッグ 軽い 斜め掛け  リュック ブラック レディースバッグ バッグ ペットボトル 巾着 おしゃれ グレージュ グレー 多機能 旅行 通勤,"6,980円",12.0,https://affiliate.tiktok.com/api/v1/share/ALL8GpY2Pwyg,1734228325439538672,product-images/1734228325439538672.jpeg,2026-05-13,2027-04-30,
LASIEM × EnterCommerce,7639298701227935506,LASIEM｜ラシエム,ファッション・アパレル,shop,リールストラップ リール付き キーホルダー ストラップ リール 伸びる 定期入れ 本革 シルバー ゴールド かわいい パスケース 鍵 カードケース 便利 レディース メンズ バッグ 着脱 落下防止 キーリール 金具 キーチェーン,"1,580円",12.0,https://affiliate.tiktok.com/api/v1/share/ALL8KuKkwcpw,1734308212983891440,product-images/1734308212983891440.jpeg,2026-05-13,2027-04-30,
LASIEM × EnterCommerce,7639298701227935506,LASIEM｜ラシエム,ファッション・アパレル,shop,LASIEM キーホルダー キーリング レザー 革 本革 レディース メンズ おしゃれ おとな 大人 可愛い かわいい人気 ブランド 金具 車 スマートキー ナスカンフック カラビナ 車の鍵 カギ かぎ ストラップ 財布 ランキング 入社 入学 お祝い 送別 ギフト プレゼント,"1,980円",12.0,https://affiliate.tiktok.com/api/v1/share/ALL8IrvrPLhL,1734308439881647600,product-images/1734308439881647600.jpeg,2026-05-13,2027-04-30,
LASIEM × EnterCommerce,7639298701227935506,LASIEM｜ラシエム,ファッション・アパレル,shop,スマホ ショルダー ストラップ スマホストラップショルダー 斜めがけ 首かけ 本革 革 レザー 皮 携帯ストラップ スマホショルダー 紐 ひも ベルト 落下防止 ネックストラップ 首掛け 肩掛け 斜め掛け おしゃれ ストラップホルダー レディース ブランド,"1,980円",12.0,https://affiliate.tiktok.com/api/v1/share/ALL8GpY2h3Bn,1734308441423971824,product-images/1734308441423971824.jpeg,2026-05-13,2027-04-30,
LASIEM × EnterCommerce,7639298701227935506,LASIEM｜ラシエム,ファッション・アパレル,shop,メガネケース 本革 ストラップ付き めがねケース 眼鏡ケース 眼鏡 サングラス 老眼鏡 ストラップ メガネ入れ 眼鏡入れ メガネ めがね 大人 革 牛革 レザー トレンド おしゃれ オシャレ かわいい スリム 薄型 軽量 軽い 可愛い ソフト シンプル ケース 敬老の日,"2,200円-2,480円",12.0,https://affiliate.tiktok.com/api/v1/share/ALL8KuKlDh9W,1734308577217381872,product-images/1734308577217381872.jpeg,2026-05-13,2027-04-30,
LASIEM × EnterCommerce,7639298701227935506,LASIEM｜ラシエム,ファッション・アパレル,shop,LASIEM スマホ ストラップ ショルダー 斜めがけ 首かけ レザー スマホショルダーストラップ 携帯 ストラップ 紐 ひも 携帯ショルダー ハンド 手首 落下防止 合皮 ネックストラップ 携帯ストラップ 首掛け 肩掛け おしゃれ ストラップホルダー,"1,980円",12.0,https://affiliate.tiktok.com/api/v1/share/ALL8IrvrgT40,1734316362727982576,product-images/1734316362727982576.jpeg,2026-05-13,2027-04-30,
LASIEM × EnterCommerce,7639298701227935506,LASIEM｜ラシエム,ファッション・アパレル,shop,スマートキーケース キーケース レディース ブランド スマートキー 二個収納 ケース 二つ クリア窓付き クリア 窓付き 本革 おしゃれ かわいい 可愛い 小さい コンパクト 大人 シングル ダブルファスナー カラビナ くすみカラー バイカラー 車 家の鍵 通勤,"1,980円-2,280円",12.0,https://affiliate.tiktok.com/api/v1/share/ALL8GpY2y1xA,1734316408629986800,product-images/1734316408629986800.jpeg,2026-05-13,2027-04-30,
LASIEM × EnterCommerce,7639298701227935506,LASIEM｜ラシエム,ファッション・アパレル,shop,カードケース レディース 本革 牛革 革 ベルト付き じゃばら 磁気 カードたくさん スキミング 防止 二つ折り カード入れ かわいい おしゃれ コンパクト お札が折れない  送料無料 ベルト付きカードケース 小さい,"1,980円",12.0,https://affiliate.tiktok.com/api/v1/share/ALL8KuKlUbXW,1734369152705398256,product-images/1734369152705398256.jpeg,2026-05-13,2027-04-30,
LASIEM × EnterCommerce,7639298701227935506,LASIEM｜ラシエム,ファッション・アパレル,shop,パスケース リール付き キーケース カードケース コインケース レディース スマートキーケース,"3,480円",12.0,https://affiliate.tiktok.com/api/v1/share/ALL8IrvrxNY6,1734440006780814832,product-images/1734440006780814832.jpeg,2026-05-13,2027-04-30,
LASIEM × EnterCommerce,7639298701227935506,LASIEM｜ラシエム,ファッション・アパレル,shop,LASIEM 長財布 レディース 日本製 姫路レザー 薄い長財布　姫路,"13,800円",12.0,https://affiliate.tiktok.com/api/v1/share/ALL8GpY3FBXF,1734507716530832880,product-images/1734507716530832880.jpeg,2026-05-13,2027-04-30,
LASIEM × EnterCommerce,7639298701227935506,LASIEM｜ラシエム,ファッション・アパレル,shop,LASIEM 名刺入れ レディース 本革 バイカラー,"2,980円",12.0,https://affiliate.tiktok.com/api/v1/share/ALL8KuKlllxX,1734518328061429232,product-images/1734518328061429232.jpeg,2026-05-13,2027-04-30,
LASIEM × EnterCommerce,7639298701227935506,LASIEM｜ラシエム,ファッション・アパレル,shop,LASIEM 名刺入れ レディース 本革 レザー 大容量 軽量 仕切り,"3,980円",12.0,https://affiliate.tiktok.com/api/v1/share/ALL8IrvsESDM,1734519987497305584,product-images/1734519987497305584.jpeg,2026-05-13,2027-04-30,
LASIEM × EnterCommerce,7639298701227935506,LASIEM｜ラシエム,ファッション・アパレル,shop,LASIEM 名刺入れ メンズ 本革 レザー 軽量 大容量 仕切り,"3,980円",12.0,https://affiliate.tiktok.com/api/v1/share/ALL8GpY3WE5B,1734520502949086704,product-images/1734520502949086704.jpeg,2026-05-13,2027-04-30,
LASIEM × EnterCommerce,7639298701227935506,LASIEM｜ラシエム,ファッション・アパレル,shop,LASIEM パスケース リール付き 定期入れ カードケース レディース カードが落ちない 本革 レザー リール 大人かわいい,"2,680円",12.0,https://affiliate.tiktok.com/api/v1/share/ALL8KuKm2qDn,1734531414074426864,product-images/1734531414074426864.jpeg,2026-05-13,2027-04-30,
LASIEM × EnterCommerce,7639298701227935506,LASIEM｜ラシエム,ファッション・アパレル,shop,本革ボストンバッグ トートバッグ レディース A4 本革 通勤バッグ ハンドバッグ 黒 卒園式 入学式,"15,800円-18,800円",12.0,https://affiliate.tiktok.com/api/v1/share/ALL8IrvsVPLz,1734700735172609520,product-images/1734700735172609520.jpeg,2026-05-13,2027-04-30,
LASIEM × EnterCommerce,7639298701227935506,LASIEM｜ラシエム,ファッション・アパレル,shop,くったりトートバッグ レディース 軽量 軽い ショルダーバッグ,"6,980円",12.0,https://affiliate.tiktok.com/api/v1/share/ALL8GpY3n5th,1734848515532162544,product-images/1734848515532162544.jpeg,2026-05-13,2027-04-30,
LASIEM × EnterCommerce,7639298701227935506,LASIEM｜ラシエム,ファッション・アパレル,shop,【数量限定】かごバッグトートバッグレディースA4通勤バッグ軽い軽量メタリックコード編み編み込みキラキラ肩掛け春夏浴衣大人おしゃれかわいいシンプルカジュアル軽い軽量メタリックカラートートバッグシルバーゴールドブラック,"8,980円",12.0,https://affiliate.tiktok.com/api/v1/share/ALL8KuKmJhLv,1734948704240829936,product-images/1734948704240829936.jpeg,2026-05-13,2027-04-30,
LASIEM × EnterCommerce,7639298701227935506,LASIEM｜ラシエム,ファッション・アパレル,shop,財布 レディース 日本製 姫路レザー ミニ財布 本革 カードケース カード入れ 大容量 L字ファスナー ミニウォレット コンパクト コインケース 二つ折り じゃばら 小銭入れ お札が折れない カードたくさん 高級感 上品 収納,"10,800円",12.0,https://affiliate.tiktok.com/api/v1/share/ALL8Irvsme35,1735002855805650416,product-images/1735002855805650416.jpeg,2026-05-13,2027-04-30,
LASIEM × EnterCommerce,7639298701227935506,LASIEM｜ラシエム,ファッション・アパレル,shop,メガネケース めがねケース 眼鏡ケース ストラップ付き レディース 女性 敬老の日 サングラス 革 大人 おしゃれ ツートーン かわいい スリム レザー ストラップ 薄い バイカラー メガネ入れ 眼鏡入れ 収納 牛革 プレゼント ギフト メガネ 老眼鏡 めがね,"2,980円",12.0,https://affiliate.tiktok.com/api/v1/share/ALL8GpY44Bzl,1735002916551493104,product-images/1735002916551493104.jpeg,2026-05-13,2027-04-30,
LASIEM × EnterCommerce,7639298701227935506,LASIEM｜ラシエム,ファッション・アパレル,shop,リュック レディース 軽量 大容量 通勤 ビジネスリュック パソコンリュック パソコンバッグ バッグ 通学 撥水 A4対応 PC収納 多機能 おしゃれ シンプル カジュアル かわいい 本革 革 マザーズ,"8,980円",12.0,https://affiliate.tiktok.com/api/v1/share/ALL8KuKmarp0,1735003239454377456,product-images/1735003239454377456.jpeg,2026-05-13,2027-04-30,
LASIEM × EnterCommerce,7639298701227935506,LASIEM｜ラシエム,美容・コスメ,kw>shop,かっさ ブラシ ヘアケア カッサブラシ 頭皮マッサージ  クッションブラシ スカルプブラシ パドルブラシ 頭皮ケア かっさ 頭皮 カッサ 木製 くし ウッド ヘアブラシ プレゼント ギフト 台湾 かっさブラシ 柔らかい 枝毛 抜け毛 切れ毛 やわらかい,"2,980円",12.0,https://affiliate.tiktok.com/api/v1/share/ALL8Irvt3cJQ,1735009290508338672,product-images/1735009290508338672.jpeg,2026-05-13,2027-04-30,
LASIEM × EnterCommerce,7639298701227935506,LASIEM｜ラシエム,生活・雑貨,kw>shop,＼3分寝るだけ／首枕 首まくら ネックストレッチャー ネックピロー ストレートネック 枕 肩こり 首こり 矯正  ネックマッサージャー ネックリラックスピロー リラックス マッサージ まくら ストレッチ枕 首ストレッチ スマホ首 セルフ整体 首 ストレッチ 首こり こり,"3,280円",12.0,https://affiliate.tiktok.com/api/v1/share/ALL8GpY4LEpb,1735106255191639536,product-images/1735106255191639536.jpeg,2026-05-13,2027-04-30,
LASIEM × EnterCommerce,7639298701227935506,LASIEM｜ラシエム,ファッション・アパレル,shop,＼きれいめ 本革／ベルト レディース レザー 牛革 スクエアレザーベルト レディース ユニセックス ピンレス ゴールド スクエア ファッション カジュアル きれいめ シンプル おしゃれ オシャレ ギフト 軽い 細い 穴無し,"2,480円",12.0,https://affiliate.tiktok.com/api/v1/share/ALL8KuKms0NS,1735106380848596464,product-images/1735106380848596464.jpeg,2026-05-13,2027-04-30,
LASIEM × EnterCommerce,7639298701227935506,LASIEM｜ラシエム,ファッション・アパレル,shop,本革キーケース レディースキーケース 大人かわいい くすみカラー,"3,280円",12.0,https://affiliate.tiktok.com/api/v1/share/ALL8IrvtKm11,1735139013308286448,product-images/1735139013308286448.jpeg,2026-05-13,2027-04-30,
LASIEM × EnterCommerce,7639298701227935506,LASIEM｜ラシエム,ファッション・アパレル,shop,スマホポシェット スマホポーチ スマホショルダー 本革 サコッシュ 縦型 レディース,"3,980円",12.0,https://affiliate.tiktok.com/api/v1/share/ALL8GpY4cQQb,1735139200442467824,product-images/1735139200442467824.jpeg,2026-05-13,2027-04-30,
LASIEM × EnterCommerce,7639298701227935506,LASIEM｜ラシエム,ファッション・アパレル,shop,セキュリティポーチ 女性 レディース パスポートケース ランニング ポーチ セキュリティバッグ ポーチ スキミング 防止 旅行 海外旅行 防犯 財布 貴重品 マネーベルト トラベル 盗難防止 薄い 隠せる 薄型 ウエストポーチ 撥水 ジム アウトドア 軽量,"2,580円",12.0,https://affiliate.tiktok.com/api/v1/share/ALL8KuKn9195,1735155550231037424,product-images/1735155550231037424.jpeg,2026-05-13,2027-04-30,
LASIEM × EnterCommerce,7639298701227935506,LASIEM｜ラシエム,ファッション・アパレル,shop,ボディバッグ ショルダーバッグ レディース メンズ 男女兼用 斜めがけ 斜め掛け 肩掛け 小さい 小さめ コンパクト 軽量 撥水 ナイロン パラコード シンプル 大人 かっこいい おしゃれ アウトドア 海外旅行 旅行 防犯 ユニセックス,"4,180円-4,500円",12.0,https://affiliate.tiktok.com/api/v1/share/ALL8Irvtbq0V,1735226460825880048,product-images/1735226460825880048.jpeg,2026-05-13,2027-04-30,
LASIEM × EnterCommerce,7639298701227935506,LASIEM｜ラシエム,ファッション・アパレル,shop,トートバッグ 通勤バッグ レディース A4 本革 大きめ 通勤 仕事 ビジネスバッグ 大容量 底鋲 大人 黒 肩掛け 自立 オフィス かわいい おしゃれ シンプル ペットボトルが入る 牛革 トレンド 仕事バッグ,"18,800円",12.0,https://affiliate.tiktok.com/api/v1/share/ALL8GpY4tLHx,1735463676076328432,product-images/1735463676076328432.jpeg,2026-05-13,2027-04-30,
LASIEM × EnterCommerce,7639298701227935506,LASIEM｜ラシエム,ファッション・アパレル,shop,財布 二つ折り メンズ 本革 レザー 薄型 薄い 小さい コンパクト ミニ財布 スキミング防止 レディース 大容量 収納 カード 牛革 男性 プレゼント 小銭入れ ボックス 型 2つ折り メンズ財布 人気 革 折りたたみ,"4,980円",12.0,https://affiliate.tiktok.com/api/v1/share/ALL8KuKnPwGo,1735539934291920368,product-images/1735539934291920368.jpeg,2026-05-13,2027-04-30,
LIVE用特別料率キャンペーン,7604793940868908807,SILK THE RICH,美容・コスメ,id,【公式】SILK THE RICHモイスト＆リペアシリーズ【シルクザリッチ白】,"2,200円-12,440円",12.0,https://affiliate.tiktok.com/api/v1/share/ALL9IqMU325H,1731947157814347157,product-images/1731947157814347157.jpeg,2026-02-09,2027-05-31,
LIVE用特別料率キャンペーン,7604793940868908807,SILK THE RICH,美容・コスメ,id,【公式】SILK THE RICHスカルプ＆リペアシリーズ【 シルクザリッチ 黒 】,"2,370円-9,145円",12.0,https://affiliate.tiktok.com/api/v1/share/ALL99YBjPsOw,1732877640747943317,product-images/1732877640747943317.jpeg,2026-02-09,2027-05-31,
Teddyshop様 × EnterCommerce,7639649635410740999,TeddyShop-,ファッション・アパレル,id,【メール便】TeddyShop UVカット率99.7% UPF50+ ハイネックラッシュガード UV パーカー 接触冷感 濡らして更にひんやり 伸縮性 速乾性 水着素材 トップス 薄い／rashguard070,"4,378円",12.0,https://affiliate.tiktok.com/api/v1/share/ALL8KuKXT1PN,1731811215796700392,product-images/1731811215796700392.jpeg,2026-05-14,2027-04-30,⚪︎
Teddyshop様 × EnterCommerce,7639649635410740999,TeddyShop-,ファッション・アパレル,id,【メール便】TeddyShop ペプラム フリルラッシュガード UPF50+ UVカット率99.7% 接触冷感  UV パーカー 伸縮性 紫外線対策 軽量／rashguard073,"3,828円",12.0,https://affiliate.tiktok.com/api/v1/share/ALL8EscWG6n8,1731820913567433960,product-images/1731820913567433960.jpeg,2026-05-14,2027-04-30,⚪︎
Teddyshop様 × EnterCommerce,7639649635410740999,TeddyShop-,ファッション・アパレル,id,【宅配便】TeddyShop UVカット率 99%以上 タンキニ 水着 レディース 体型カバー 長袖シャツ ラッシュガード ハーフパンツ 4点セット ビキニ セパレート 洋服みたいな水着 UPF50+ 無地 水陸両用 ブラトップ／hys2861,"5,736円",12.0,https://affiliate.tiktok.com/api/v1/share/ALL8ESUdcVBu,1731838334445913320,product-images/1731838334445913320.jpeg,2026-05-14,2027-04-30,⚪︎
Teddyshop様 × EnterCommerce,7639649635410740999,TeddyShop-,ファッション・アパレル,id,【宅配便】TeddyShop UVカット率 99%以上 タンキニ 水着 レディース 体型カバー 長袖シャツ ラッシュガード ハーフパンツ 4点セット ビキニ セパレート 洋服みたいな水着 UPF50+ 無地 水陸両用 ブラトップ／hys2861,"5,736円",12.0,https://affiliate.tiktok.com/api/v1/share/ALL8KuKXkIyX,1731838531338994920,product-images/1731838531338994920.jpeg,2026-05-14,2027-04-30,⚪︎
Teddyshop様 × EnterCommerce,7639649635410740999,TeddyShop-,ファッション・アパレル,id,【宅配便】TeddyShop UVカット率 99%以上 タンキニ 水着 レディース 体型カバー 長袖シャツ ラッシュガード ハーフパンツ 4点セット ビキニ セパレート 洋服みたいな水着 UPF50+ 無地 水陸両用 ブラトップ／hys2861,"5,736円",12.0,https://affiliate.tiktok.com/api/v1/share/ALL8EscWXCiY,1731838609025369320,product-images/1731838609025369320.jpeg,2026-05-14,2027-04-30,⚪︎
Teddyshop様 × EnterCommerce,7639649635410740999,TeddyShop-,ファッション・アパレル,id,【宅配便】TeddyShop UVカット率 99%以上 タンキニ 水着 レディース 体型カバー 長袖シャツ ラッシュガード ハーフパンツ 4点セット ビキニ セパレート 洋服みたいな水着 UPF50+ 無地 水陸両用 ブラトップ／hys2861,"5,736円",12.0,https://affiliate.tiktok.com/api/v1/share/ALL8ESUdtUp9,1731838733394216168,product-images/1731838733394216168.jpeg,2026-05-14,2027-04-30,⚪︎
Teddyshop様 × EnterCommerce,7639649635410740999,TeddyShop-,ファッション・アパレル,id,【宅配便】TeddyShop UVカット率 99%以上 タンキニ 水着 レディース 体型カバー 長袖シャツ ラッシュガード ハーフパンツ 4点セット ビキニ セパレート 洋服みたいな水着 UPF50+ 無地 水陸両用 ブラトップ／hys2861,"5,736円",12.0,https://affiliate.tiktok.com/api/v1/share/ALL8KuKYIKXy,1731838788515300584,product-images/1731838788515300584.jpeg,2026-05-14,2027-04-30,⚪︎
Teddyshop様 × EnterCommerce,7639649635410740999,TeddyShop-,ファッション・アパレル,id,【メール便】TeddyShop UVカット率 99%以上 UVパーカー ラッシュガード レディース 水着体型カバー ロング 薄手 伸縮性 UPF50+ 日焼け防止 フード付き フルオープンジップ ティアードフリル 薄い／rashguard060,"3,498円",12.0,https://affiliate.tiktok.com/api/v1/share/ALL8EscX5CQl,1731844731564950760,product-images/1731844731564950760.jpeg,2026-05-14,2027-04-30,⚪︎
Teddyshop様 × EnterCommerce,7639649635410740999,TeddyShop-,ファッション・アパレル,id,【宅配便】TeddyShop UVカット率 99%以上 体型カバー 水着 レディース 長袖ラッシュガードセット 5点上下セット UPF50+ フィットネス水着 セパレート かわいい 大きいサイズタンキニ ショートパンツ レギンス付き 水陸両用 ブラトップ／hys2128,"5,376円",12.0,https://affiliate.tiktok.com/api/v1/share/ALL8ESUeAUid,1731845482106422504,product-images/1731845482106422504.jpeg,2026-05-14,2027-04-30,⚪︎
Teddyshop様 × EnterCommerce,7639649635410740999,TeddyShop-,ファッション・アパレル,id,【宅配便】TeddyShop UVカット率 99%以上 体型カバー 水着 レディース 長袖ラッシュガードセット 5点上下セット UPF50+ フィットネス水着 セパレート かわいい 大きいサイズタンキニ ショートパンツ レギンス付き 水陸両用 ブラトップ／hys2128,"5,376円",12.0,https://affiliate.tiktok.com/api/v1/share/ALL8KuKYZQmo,1731845674272326888,product-images/1731845674272326888.jpeg,2026-05-14,2027-04-30,⚪︎
Teddyshop様 × EnterCommerce,7639649635410740999,TeddyShop-,ファッション・アパレル,id,【宅配便】TeddyShop UVカット率 99%以上 体型カバー 水着 レディース 長袖ラッシュガードセット 5点上下セット UPF50+ フィットネス水着 セパレート かわいい 大きいサイズタンキニ ショートパンツ レギンス付き 水陸両用 ブラトップ／hys2128,"5,376円",12.0,https://affiliate.tiktok.com/api/v1/share/ALL8EscXM9Hc,1731845703471629544,product-images/1731845703471629544.jpeg,2026-05-14,2027-04-30,⚪︎
Teddyshop様 × EnterCommerce,7639649635410740999,TeddyShop-,ファッション・アパレル,id,【宅配便】TeddyShop UVカット率 99%以上 体型カバー 水着 レディース 長袖ラッシュガードセット 5点上下セット UPF50+ フィットネス水着 セパレート かわいい 大きいサイズタンキニ ショートパンツ レギンス付き 水陸両用 ブラトップ／hys2128,"5,376円",12.0,https://affiliate.tiktok.com/api/v1/share/ALL8ESUeRaMg,1731845817921471720,product-images/1731845817921471720.jpeg,2026-05-14,2027-04-30,⚪︎
Teddyshop様 × EnterCommerce,7639649635410740999,TeddyShop-,ファッション・アパレル,id,【宅配便】TeddyShop UVカット率 99%以上 体型カバー 水着 レディース 長袖ラッシュガードセット 5点上下セット UPF50+ フィットネス水着 セパレート かわいい 大きいサイズタンキニ ショートパンツ レギンス付き 水陸両用 ブラトップ／hys2128,"5,376円",12.0,https://affiliate.tiktok.com/api/v1/share/ALL8KuKYqMa7,1731845824231802088,product-images/1731845824231802088.jpeg,2026-05-14,2027-04-30,⚪︎
Teddyshop様 × EnterCommerce,7639649635410740999,TeddyShop-,ファッション・アパレル,id,【メール便】TeddyShop UVカット率 99%以上 360度 日除け キャップ サンバイザー レディース UPF50+ UVカット 日焼け防止 紫外線対策 グッズ／hat209,"1,848円",12.0,https://affiliate.tiktok.com/api/v1/share/ALL8EscXdP1k,1735390196116522216,product-images/1735390196116522216.jpeg,2026-05-14,2027-04-30,⚪︎
Teddyshop様 × EnterCommerce,7639649635410740999,TeddyShop-,ファッション・アパレル,id,【メール便】TeddyShop UVカット率 99%以上 360度日除けハット レディース メンズ ユニセックス キャップ ハット ネックガード フェイスガード 3way UPF50+／hat208,"1,298円",12.0,https://affiliate.tiktok.com/api/v1/share/ALL8ESUeiYLA,1735530263442851048,product-images/1735530263442851048.jpeg,2026-05-14,2027-04-30,⚪︎
Teddyshop様 × EnterCommerce,7639649635410740999,TeddyShop-,ファッション・アパレル,id,【メール便】TeddyShop キャップ 帽子 メンズ レディース ユニセックス 無地 シンプル 春 夏 秋 冬 野球帽 ウォッシュ ブラック／hat195,"1,078円",12.0,https://affiliate.tiktok.com/api/v1/share/ALL8KuKZ7ZU1,1735530753866695912,product-images/1735530753866695912.jpeg,2026-05-14,2027-04-30,⚪︎
Teddyshop様 × EnterCommerce,7639649635410740999,TeddyShop-,ファッション・アパレル,id,【メール便】TeddyShop UVカット率 100% UVカット 手袋 レディース ショート 指あり グローブ 接触冷感 UPF50+ UV対策 紫外線対策 日焼け防止／glove181,"1,078円",12.0,https://affiliate.tiktok.com/api/v1/share/ALL8EscXuR7L,1735530903118251240,product-images/1735530903118251240.jpeg,2026-05-14,2027-04-30,⚪︎
Teddyshop様 × EnterCommerce,7639649635410740999,TeddyShop-,ファッション・アパレル,id,【メール便】TeddyShop UVカット率 99%以上 アームカバー ロング 手袋 レディース グローブ 5本指 指あり UPF50+ 紫外線対策／glove188,"1,298円",12.0,https://affiliate.tiktok.com/api/v1/share/ALL8ESUezhf5,1735531084454986984,product-images/1735531084454986984.jpeg,2026-05-14,2027-04-30,⚪︎
Teddyshop様 × EnterCommerce,7639649635410740999,TeddyShop-,ファッション・アパレル,id,【メール便】TeddyShop アームカバー レディース 春夏 長袖 腕カバー インナー ボレロ 肩まで 黒 白 ロング UVカット UV対策 手の甲／glove140,"1,078円",12.0,https://affiliate.tiktok.com/api/v1/share/ALL8KuKZORhK,1735531195406845160,product-images/1735531195406845160.jpeg,2026-05-14,2027-04-30,⚪︎
Teddyshop様 × EnterCommerce,7639649635410740999,TeddyShop-,ファッション・アパレル,id,【メール便】TeddyShop マリンシューズ 水陸両用 メンズ レディース 岩場 大人 アクアシューズ フィットネスシューズ 靴 保護 中敷き 軽量 快適 メッシュ／shoes032,"1,738円",12.0,https://affiliate.tiktok.com/api/v1/share/ALL8EscYBNjd,1735541102637516008,product-images/1735541102637516008.jpeg,2026-05-14,2027-04-30,⚪︎
Teddyshop様 × EnterCommerce,7639649635410740999,TeddyShop-,ファッション・アパレル,id,【メール便】TeddyShop マリンシューズ メンズ レディース 水陸両用 海 岩場 アクアシューズ 靴 夏 大きいサイズ フィットネス シュノーケリング ダイビング／shoes166,"1,738円",12.0,https://affiliate.tiktok.com/api/v1/share/ALL8EscYSQLe,1735541754055525608,product-images/1735541754055525608.jpeg,2026-05-14,2027-04-30,⚪︎
Teddyshop様 × EnterCommerce,7639649635410740999,TeddyShop-,ファッション・アパレル,id,【宅配便便】TeddyShop ビーチサンダル レディース 厚底 花柄 軽い トングサンダル 歩きやすい ヒール 海 痛くない レジャー用／sandal042,"1,848円",12.0,https://affiliate.tiktok.com/api/v1/share/ALL8ESUfGpSF,1735542037396948200,product-images/1735542037396948200.jpeg,2026-05-14,2027-04-30,⚪︎
Teddyshop様 × EnterCommerce,7639649635410740999,TeddyShop-,ファッション・アパレル,id,【メール便】TeddyShop UVカット率 99%以上 ラッシュガード UV パーカー 水着素材 洋服見え 遮熱 S M L LL UPF50+ ストレッチ 水陸両用 紫外線対策 体型カバー／rashguard077,"2,948円",12.0,https://affiliate.tiktok.com/api/v1/share/ALL8KuKZfcfn,1735542326669444328,product-images/1735542326669444328.jpeg,2026-05-14,2027-04-30,⚪︎
UGREEN様 × EnterCommerce,7637461299044321042,UGREEN Japan 公式,生活・雑貨,shopmajor,UGREEN Air モバイルバッテリー マグネット式ワイヤレス充電 8.6mm超薄型 Qi2認証 15W急速充電 MagSafe対応 5000mAh 軽量 小型 携帯便利 USB-C PD 20W パススルー充電対応 iPhone 17 / 16 / 15 / 14 / 13 / 12シリーズ / Air対応 PB580 ダークグレー,"4,879円-4,880円",12.0,https://affiliate.tiktok.com/api/v1/share/ALL8RslIZ87I,1735533146664502857,product-images/1735533146664502857.jpeg,2026-05-08,2027-03-31,
UGREEN様 × EnterCommerce,7637461299044321042,UGREEN Japan 公式,生活・雑貨,shopmajor,UGREEN Air モバイルバッテリー マグネット式ワイヤレス充電 薄型 10000mAh Qi2認証 15W MagSafe対応 ケーブル内蔵 USB-C PD 30W高出力 軽量 小型 携帯便利 パススルー充電対応 iPhone 17 / 16 / 15 / 14 / 13 / 12シリーズ対応 PB570 ダークグレー,"5,985円",12.0,https://affiliate.tiktok.com/api/v1/share/ALL8RMsFayof,1735533787793360457,product-images/1735533787793360457.jpeg,2026-05-08,2027-03-31,
UGREEN様 × EnterCommerce,7637461299044321042,UGREEN Japan 公式,生活・雑貨,shopmajor,UGREEN Air 45W USB-C 当社最小充電器 GaN 急速充電 Type-C 折畳みプラグ コンパクト PSE認証済 iPhone17/16/15/14/13 iPad MacBook Air GalaxyS25/S24/S23 Android 各種機器対応,"2,680円",12.0,https://affiliate.tiktok.com/api/v1/share/ALL8RNIU7FJc,1735534864797238857,product-images/1735534864797238857.jpeg,2026-05-08,2027-03-31,
UGREEN様 × EnterCommerce,7637461299044321042,UGREEN Japan 公式,生活・雑貨,shopmajor,UGREEN Air 45W-65W 急速充電器 USB-C 超小型 GaN 【当社最小級・卵の2/3サイズ / 100W ケーブル付き】 折りたたみ式プラグ PD3.0/PPS対応/PSE認証済 iPhone 17 16 15 MacBook Air iPad Galaxy Android ノートパソコン 各種対応,"2,680円-3,579円",12.0,https://affiliate.tiktok.com/api/v1/share/ALL8RslJ7Blk,1735545480393229897,product-images/1735545480393229897.jpeg,2026-05-08,2027-03-31,
UGREEN様 × EnterCommerce,7637461299044321042,UGREEN Japan 公式,生活・雑貨,shopmajor,UGREEN Air USB C ケーブル【1M】 100W/5A PD3.0 超急速充電 タイプC iPhone 充電ケーブル iPad MacBook Android 各機器 E-Markerチップ搭載 データ転送同期 USB Type-C 高速充電 高耐久性 断線防止 iPhone17/16/15シリーズ/Galaxy S26 S25 Ultra/Xperia等Cタイプ各種対応,880円,12.0,https://affiliate.tiktok.com/api/v1/share/ALL8RMsJAV4q,1735643740163769929,product-images/1735643740163769929.jpeg,2026-05-08,2027-03-31,
UGREEN様 × EnterCommerce,7637461299044321042,UGREEN Japan 公式,生活・雑貨,id,UGREEN Uno 100W USB Cケーブル【1M】 iPhone 充電ケーブル PD3.0 100W/5A iPhone 17 16 急速充電 LED 笑顔可視化 面白い Type-C USB C to C コード 高耐久性 iPhoneシリーズ、MacBook Pro、Matebook、iPad、Xperia、Galaxy等タイプC機種対応,"1,379円",12.0,https://affiliate.tiktok.com/api/v1/share/ALL8RNIUOKIb,1733267003706607177,product-images/1733267003706607177.jpeg,2026-05-08,2027-03-31,⚪︎
UGREEN様 × EnterCommerce,7637461299044321042,UGREEN Japan 公式,生活・雑貨,id,UGREEN Uno Type C ケーブル 【2M】 100W/5A PD3.0 超急速充電 E-makerチップ LED 笑顔可視化 ナイロン編み 高耐久 USB C to USB C iphone17/16/15シリーズ、MacBook Pro、Matebook、iPad、Xperia、Galaxy等Type-c機種対応,"1,579円",12.0,https://affiliate.tiktok.com/api/v1/share/ALL8RslJO7KD,1733267059310233161,product-images/1733267059310233161.jpeg,2026-05-08,2027-03-31,⚪︎
UGREEN様 × EnterCommerce,7637461299044321042,UGREEN Japan 公式,生活・雑貨,id,UGREEN Uno マグネットモバイルバッテリー (5000-10000mAh Qi・7.5W USB-Cｘ1) 折畳式スタンド付き モバイルバッテリー Qi ワイヤレス充電対応 TFTスクリーン・表情表示 タイプC PD 20W 急速充電対応 コンパクト パススルー機能 低電流モード搭載 PSE技術基準適合 【iphone17-12シリーズ マグネット対応機種に適用 その他】 PB572 メタリック,"4,980円-7,980円",12.0,https://affiliate.tiktok.com/api/v1/share/ALL8RMsJRhd7,1733267157210859081,product-images/1733267157210859081.jpeg,2026-05-08,2027-03-31,⚪︎
UGREEN様 × EnterCommerce,7637461299044321042,UGREEN Japan 公式,生活・雑貨,id,UGREEN 充電器 Uno 65W 急速充電器 USB-C*2とUSB-A*1 PD/PPS/QC4+/SCP規格対応 MacBook Air/iPad Pro/iphone17/15/14/13/12/GalaxyS23-S10シリーズ/Xperiaシリーズ/Pixelシリーズ対応 PSE認証済,"3,979円",12.0,https://affiliate.tiktok.com/api/v1/share/ALL8RNIUfHK8,1733267937521403465,product-images/1733267937521403465.jpeg,2026-05-08,2027-03-31,⚪︎
UGREEN様 × EnterCommerce,7637461299044321042,UGREEN Japan 公式,生活・雑貨,id,UGREEN FineTrack Mini Smart Finder Apple認証済み iOS対応 18ヶ月バッテリー 80dBビープ音 Bluetoothトラッカー 紛失防止タグ カバン 鍵 スーツケース パスポート用,"1,680円",12.0,https://affiliate.tiktok.com/api/v1/share/ALL8RslJfJsM,1733268048283534921,product-images/1733268048283534921.jpeg,2026-05-08,2027-03-31,⚪︎
UGREEN様 × EnterCommerce,7637461299044321042,UGREEN Japan 公式,生活・雑貨,id,UGREEN 当社最小の巻き取り式充電器 45W 急速充電器 3ポート USB-Cケーブル付き（69cm 8段調節）【PSE技術基準適合】PD充電器 タイプc GaN III技術PD3.0/PPS/QC3.0/FCP対応 iphone17/16/15/14/13/12/iPad/Galaxy/Switch/MacBook対応,"3,880円",12.0,https://affiliate.tiktok.com/api/v1/share/ALL8RMsJiiB4,1734689756960228937,product-images/1734689756960228937.jpeg,2026-05-08,2027-03-31,⚪︎
UGREEN様 × EnterCommerce,7637461299044321042,UGREEN Japan 公式,生活・雑貨,id,UGREEN FineTrack Smart Finder  スマートトラッカー Appleの「探す」に対応 (iOS端末のみ) スマートタグ SmartTrack 紛失防止タグ/探し物 鍵/バッグ/財布/荷物/ペットの首輪など用 置き忘れ防止 スマホ鳴らす/防水/軽量,"1,480円-2,880円",12.0,https://affiliate.tiktok.com/api/v1/share/ALL8RNIUwHyN,1734790849545864777,product-images/1734790849545864777.jpeg,2026-05-08,2027-03-31,⚪︎
WHIP SPICE様 × EnterCommerce,7641603382482929416,WHIP SPICE,生活・雑貨,id,WHIPSPICE　車載ディフューザー＆選べる香りセット 10ml ネブライザー システム ・ マットブラックデザイン,"13,500円",12.0,https://affiliate.tiktok.com/api/v1/share/ALL8IOBWBaig,1733273309060827054,product-images/1733273309060827054.jpeg,2026-05-19,2027-04-30,
WHIP SPICE様 × EnterCommerce,7641603382482929416,WHIP SPICE,生活・雑貨,id,WHIP SPICE アロマオイル　10ml　　　１本,"4,400円",12.0,https://affiliate.tiktok.com/api/v1/share/ALL8Hci8KaMf,1733298105948407726,product-images/1733298105948407726.jpeg,2026-05-19,2027-04-30,
WHIP SPICE様 × EnterCommerce,7641603382482929416,WHIP SPICE,生活・雑貨,id,WHIP SPICE アロマディフューザー　10ml　ボトル　お部屋車　２IN１エンジン連動タイマー機能搭載,"9,900円",12.0,https://affiliate.tiktok.com/api/v1/share/ALL8GaJwqNPo,1733298536325023662,product-images/1733298536325023662.jpeg,2026-05-19,2027-04-30,
26/07月以降atRise様 x EnterCommerce,7663391742758536968,atRise（アットライズ）,生活・雑貨,id,トラベルポーチ 圧縮 おしゃれ 圧縮袋 衣類 旅行 圧縮ポーチ 収納ポーチ 圧縮 コンパクト 収納 水洗い可 仕切り ファスナー 国内旅行 海外旅行 メンズ レディース 軽量 トラベルグッズ 圧縮バッグ atRise,"1,680円-2,380円",12.0,https://affiliate.tiktok.com/api/v1/share/ALKl4HAt7qEb,1732085209077417457,product-images/1732085209077417457.jpeg,2026-07-17,2027-07-01,
26/07月以降atRise様 x EnterCommerce,7663391742758536968,atRise（アットライズ）,生活・雑貨,id,巾着バッグ ナイロン風 ショルダーバッグ レディース ナイロンバッグ 軽い 斜め掛け 4way 巾着  リュック ブラック 巾着ショルダー レディースバッグ バッグ ペットボトル 巾着 おしゃれ グレージュ アイボリー ドロスト ドロストバッグ,"7,980円",12.0,https://affiliate.tiktok.com/api/v1/share/ALKl5qLgpmvP,1732841542407390705,product-images/1732841542407390705.jpeg,2026-07-17,2027-07-01,
26/07月以降atRise様 x EnterCommerce,7663391742758536968,atRise（アットライズ）,生活・雑貨,id,ソフトパックティッシュ 24パック 320枚 160組 箱なし 大容量 ローリングストック コンパクト 持ち運び 便利 生活用品 日用品 常備品 備蓄 防災グッズ まとめ買い ティッシュペーパー,"3,580円-10,500円",12.0,https://affiliate.tiktok.com/api/v1/share/ALKl4HAtOwGd,1733707766747334129,product-images/1733707766747334129.jpeg,2026-07-17,2027-07-01,
26/07月以降atRise様 x EnterCommerce,7663391742758536968,atRise（アットライズ）,生活・雑貨,name,浴室 ラック マグネット シャンプーラック 棚 収納 バスルーム バスケット お風呂 浴室収納 磁石 壁面収納 浮かせる 小物 おもちゃ入れ  シャンプーボトル おしゃれ  タオルハンガー 強力 マグネットラック 壁面,"4,980円-5,480円",12.0,https://affiliate.tiktok.com/api/v1/share/ALKl5qLh6ysK,1736595036568126961,product-images/1736595036568126961.jpeg,2026-07-17,2027-07-01,
26/07月以降atRise様 x EnterCommerce,7663391742758536968,atRise（アットライズ）,生活・雑貨,shopmajor,エアフライヤー レシピ 付き コンパクト 耐熱ガラス ガラス ノン ノンオイルフライヤー ノンフライヤー 食洗機 対応 調理 フライ 家電 省 スペース 節約 軽量 小型 キッチン 簡単 ガラス製 ノンフライヤー器 大容量,"14,800円",12.0,https://affiliate.tiktok.com/api/v1/share/ALKl4HAtflnl,1736908909749700081,product-images/1736908909749700081.jpeg,2026-07-17,2027-07-01,
26/07月以降atRise様 x EnterCommerce,7663391742758536968,atRise（アットライズ）,生活・雑貨,id,天ぷら鍋 角形 ホーロー 揚げ鍋 スクエア 琺瑯 揚げ物 鍋 IH IH対応 ガス対応 温度計付き バット付き 食洗機対応 角型 ワイド 四角 角型天ぷら鍋 角型鍋 すのこ網,"4,950円-6,980円",12.0,https://affiliate.tiktok.com/api/v1/share/ALKl5qLhw56q,1731793252755736049,product-images/1731793252755736049.jpeg,2026-07-17,2027-07-01,
26/07月以降atRise様 x EnterCommerce,7663391742758536968,atRise（アットライズ）,生活・雑貨,id,油汚れクロス 油汚れふきん キッチンクロス レンジクロス 布巾 油汚れ 専用 ふきん 台拭き マイクロファイバー クロス タオル キッチンタオル コンロ レンジ ガス IH 排気口 掃除 キッチン kit9,"1,280円",12.0,https://affiliate.tiktok.com/api/v1/share/ALKl4HAuE5lC,1732769630395991537,product-images/1732769630395991537.jpeg,2026-07-17,2027-07-01,
26/07月以降atRise様 x EnterCommerce,7663391742758536968,atRise（アットライズ）,生活・雑貨,id,【フチ付き！まな板】抗菌 まな板 かまぼこ型 食洗機 対応 おしゃれ 滑り止め 曲がる D型 丸 半円 軽量 両面 カッティングボード 黒 エクリュ グレージュ  耐熱,"3,180円-3,480円",12.0,https://affiliate.tiktok.com/api/v1/share/ALKl5qLiD0Xz,1733930956150900209,product-images/1733930956150900209.jpeg,2026-07-17,2027-07-01,
26/07月以降atRise様 x EnterCommerce,7663391742758536968,atRise（アットライズ）,生活・雑貨,name,【蒸し紙50枚蒸し板】 中華せいろ 2段 蒸し板 セット 蒸篭 蒸し紙 セイロ 竹 天然 21cm 高さ調整輪 付き 受け台 せいろ蒸し器 シート 蒸し,"3,980円-4,980円",12.0,https://affiliate.tiktok.com/api/v1/share/ALKl4HAuUxGb,1737011696424093169,product-images/1737011696424093169.jpeg,2026-07-17,2027-07-01,
26/07月以降atRise様 x EnterCommerce,7663391742758536968,atRise（アットライズ）,生活・雑貨,id,湯上りガーゼワンピース 湯上り 着 タオル ガーゼ ワンピース ルームウェア レディース湯上がり 湯上りワンピ タオルワンピ パジャマ ルームワンピース 綿100% ウェア コットン 吸水 軽い お風呂上り 夏,"5,980円-6,480円",12.0,https://affiliate.tiktok.com/api/v1/share/ALKl5qLiUAMJ,1731589474753349105,product-images/1731589474753349105.jpeg,2026-07-17,2027-07-01,
26/07月以降atRise様 x EnterCommerce,7663391742758536968,atRise（アットライズ）,生活・雑貨,id,ペットボトルスマホポーチ 新商品 ペットボトルカバー ショルダー ボトルホルダー スマホポーチ 水筒ケース 水筒ホルダー カバー 斜め掛け 肩掛け 持ち運び ホルダー 運動会 遠足 公園 アウトドア 保冷ペットボトルホルダー PU おしゃれ,"3,980円",12.0,https://affiliate.tiktok.com/api/v1/share/ALKl4HAulxSI,1735724578357806577,product-images/1735724578357806577.jpeg,2026-07-17,2027-07-01,
26/07月以降atRise様 x EnterCommerce,7663391742758536968,atRise（アットライズ）,生活・雑貨,id,水切りラック 水切りスタンド 水切りかご シンク上 スリム 伸縮 ステンレス 折りたたみ コンパクト 水切り 水筒 哺乳瓶 ボトル スタンド L型 水切りカゴ 大容量 シンク内 箸立て 小物トレー ディッシュスタンド タテ ヨコ,"5,980円",12.0,https://affiliate.tiktok.com/api/v1/share/ALKl5qLil6a8,1736145218394883569,product-images/1736145218394883569.jpeg,2026-07-17,2027-07-01,
26/07月以降atRise様 x EnterCommerce,7663391742758536968,atRise（アットライズ）,生活・雑貨,shopmajor,＼話題の新商品氷爆誕ブラー／アイスボールカップ 折りたたみ 折りたたみ式 折畳み 折畳み シリコン 製氷皿 蓋付き アイスボール アイスボールメーカー 氷 洗いやすい ジュースカップ アウトドア タンブラー 家庭用,"2,480円",12.0,https://affiliate.tiktok.com/api/v1/share/ALKl4HAxnTRR,1736435605684717041,product-images/1736435605684717041.jpeg,2026-07-17,2027-07-01,
26/07月以降atRise様 x EnterCommerce,7663391742758536968,atRise（アットライズ）,キッズ・ベビー,id,糸糸[いとし]のタオル ミニバスタオル 速乾性 綿100％ 吸水性 高い コンパクトサイズ 子供用 バスタオル フェイスタオル ヘアドライタオル 多目的使用,"2,200円-3,480円",12.0,https://affiliate.tiktok.com/api/v1/share/ALKl5qLj2JGg,1732960101582996977,product-images/1732960101582996977.jpeg,2026-07-17,2027-07-01,
NOVARCA様 × EnterCommerce,7662202298835994375,【公式】サンドゥリーグッズ,ファッション・アパレル,shop,【楽天デイリー総合1位】 TikTok初上陸！【本社累計販売10万本突破】日傘 日傘 超軽量 日傘形状記憶 日傘折りたたみ 完全遮光 晴雨兼用 レディース UVカット100% 軽量 ワンタッチ 自動開閉 コンパクト 丈夫 6本骨 遮熱 紫外線100カット 折りたたみ傘 無地,"1,560円-6,080円",12.0,https://affiliate.tiktok.com/api/v1/share/ALKnfOrhw9SB,1732337592089675344,product-images/1732337592089675344.jpeg,2026-07-14,2027-06-30,
ADVANCED CLINICALS様,7623697700903077650,【日本公式】ADVANCED CLINICALS,美容・コスメ,shop,【日本公式】Advanced Clinicals レチノール アドバンスド ファーミングクリーム,"2,708円",12.0,https://affiliate.tiktok.com/api/v1/share/ALL8g9rGDsau,1731683297015006778,product-images/1731683297015006778.jpeg,2026-04-01,2027-02-28,
ADVANCED CLINICALS様,7623697700903077650,【日本公式】ADVANCED CLINICALS,美容・コスメ,shop,【日本公式】Advanced Clinicals ビオチン ストレングセニング ヘア マスク,"2,432円",12.0,https://affiliate.tiktok.com/api/v1/share/ALL8gMdmGyqt,1731683306521200186,product-images/1731683306521200186.jpeg,2026-04-01,2027-02-28,
ADVANCED CLINICALS様,7623697700903077650,【日本公式】ADVANCED CLINICALS,美容・コスメ,shop,【日本公式】ADVANCED  CLINICALS  ケラチン  スムージング  ヘア マスク,"2,432円",12.0,https://affiliate.tiktok.com/api/v1/share/ALL8gMm6xrvl,1731684294929974842,product-images/1731684294929974842.jpeg,2026-04-01,2027-02-28,
ADVANCED CLINICALS様,7623697700903077650,【日本公式】ADVANCED CLINICALS,美容・コスメ,shop,2個セット【日本公式】Advanced Clinicals レチノール アドバンスド ファーミングクリーム,"5,700円",12.0,https://affiliate.tiktok.com/api/v1/share/ALL8g9rGUjVE,1734366448847455802,product-images/1734366448847455802.jpeg,2026-04-01,2027-02-28,
ADVANCED CLINICALS様,7623697700903077650,【日本公式】ADVANCED CLINICALS,美容・コスメ,shop,【日本公式】Advanced Clinicals レチノールボディクリーム + ケラチンヘアマスク 2点セット,"5,410円",12.0,https://affiliate.tiktok.com/api/v1/share/ALL8gMdpqTfs,1734384340571162170,product-images/1734384340571162170.jpeg,2026-04-01,2027-02-28,
ADVANCED CLINICALS様,7623697700903077650,【日本公式】ADVANCED CLINICALS,美容・コスメ,shop,【日本公式】Advanced Clinicals レチノールボディクリーム + レチノールセラム 2点セット,"5,320円",12.0,https://affiliate.tiktok.com/api/v1/share/ALL8gMm7EttC,1734384355465659962,product-images/1734384355465659962.jpeg,2026-04-01,2027-02-28,
ADVANCED CLINICALS様,7623697700903077650,【日本公式】ADVANCED CLINICALS,美容・コスメ,shop,【日本公式】Advanced Clinicals レチノールボディクリーム + レチノールセラム + ケラチンヘアマスク 3点セット,"7,880円",12.0,https://affiliate.tiktok.com/api/v1/share/ALL8g9rHJxtJ,1734390451531777594,product-images/1734390451531777594.jpeg,2026-04-01,2027-02-28,
ADVANCED CLINICALS様,7623697700903077650,【日本公式】ADVANCED CLINICALS,美容・コスメ,shop,【2点セット】Advanced Clinicals ケラチン スムージング ヘアマスク + ビオチン ストレングセニング ヘアマスク,"5,120円",12.0,https://affiliate.tiktok.com/api/v1/share/ALL8gMdy69qm,1734417475135112762,product-images/1734417475135112762.jpeg,2026-04-01,2027-02-28,
ヤスカ様,7654446343429310226,ヤスカ,生活・雑貨,id,即納 収納ボックス 折りたたみ ふた付き 収納ケース 収納 キャスター付き 5面開き 前開き 組み立て式 屋外 おしゃれ プラスチック コンテナ ボックス 衣類 布団,"1,999円-8,089円",12.0,https://affiliate.tiktok.com/api/v1/share/ALL5TWlBFIp3,1733722431569298636,product-images/1733722431569298636.jpeg,2026-06-23,2027-05-31,
ヤスカ様,7654446343429310226,ヤスカ,生活・雑貨,id,日傘 折りたたみ 完全遮光 自動開閉 形状記憶 晴雨兼用 UVカット100％ 紫外線対策 軽量 撥水 コンパクト メンズ レディース 紫外線カット 男女兼用 6本骨 ギフト,"3,555円",12.0,https://affiliate.tiktok.com/api/v1/share/ALL5RfMpZX8d,1736007983100888268,product-images/1736007983100888268.jpeg,2026-06-23,2027-05-31,
LIVE用特別料率キャンペーン,7604793940868908807,三京商会｜Leather Gallery,生活・雑貨,kw>shop,フライパン 24cm 深型 ガラス蓋付 ih ガス火 対応 マルチパン 鍋 片手鍋 お鍋 カレー 天然木 こびりつきにくい 長持ち ウッドハンドル おしゃれ 木製 金属ヘラ 煮る 炊く 焼く 深い PFOA PFOS フリー 100万回 耐久性,"7,590円",12.0,https://affiliate.tiktok.com/api/v1/share/ALL8lZmCRTWc,1734506234720453947,product-images/1734506234720453947.jpeg,2026-02-09,2027-05-31,
LIVE用特別料率キャンペーン,7604793940868908807,三京商会｜Leather Gallery,生活・雑貨,kw>shop,スープパン 片手鍋 18cm IH対応 ガス火 蓋付 ガラス蓋 ソースパン 一人鍋 味噌汁 味噌汁鍋 木製ハンドル 天然木ハンドル 名入れ こびりつきにくい 揚げ物 煮物 PFOA PFOS フリー,"6,930円",12.0,https://affiliate.tiktok.com/api/v1/share/ALL8mZfbs7aL,1734506324145505595,product-images/1734506324145505595.jpeg,2026-02-09,2027-05-31,
LIVE用特別料率キャンペーン,7604793940868908807,三京商会｜Leather Gallery,生活・雑貨,kw>shop,フライパン 26cm IH対応 天然木 ハンドル ガス火 こびりつきにくい くっつかない 木製ハンドル 木製取っ手 調理器具 結婚祝い 蓋 新築祝い 名入れ IH&ガス火対応 PFOA PFOS フリー ふっ素 コーティング ウッドハンドル,"6,490円-8,800円",12.0,https://affiliate.tiktok.com/api/v1/share/ALL8k4btRZG0,1734506325178484027,product-images/1734506325178484027.jpeg,2026-02-09,2027-05-31,
LIVE用特別料率キャンペーン,7604793940868908807,三京商会｜Leather Gallery,生活・雑貨,kw>shop,卵焼き フライパン ih ガス火 玉子焼き 玉子焼き器 13cm たまご焼き フライパン 木製ハンドル 吊り下げ収納 こびりつきにくい 長持ち エッグパン 名入れ 天然木 ハンドル 熱伝導率 IH対応 朝食 お弁当 PFOA PFOS フリー,"5,390円",12.0,https://affiliate.tiktok.com/api/v1/share/ALL8lZmCiUrY,1734506346947118395,product-images/1734506346947118395.jpeg,2026-02-09,2027-05-31,
LIVE用特別料率キャンペーン,7604793940868908807,三京商会｜Leather Gallery,生活・雑貨,kw>shop,フライパン 20cm ih ガス火 対応 天然木 ハンドル こびりつきにくい くっつかない 木製ハンドル 金属ヘラ アウトドア 木製取っ手 調理器具 IH&ガス火対応 PFOA PFOS 熱伝導率 高い フリー ふっ素 名入れ,"5,390円-7,590円",12.0,https://affiliate.tiktok.com/api/v1/share/ALL8mZfc8yo2,1734506235234780475,product-images/1734506235234780475.jpeg,2026-02-09,2027-05-31,
LIVE用特別料率キャンペーン,7604793940868908807,三京商会｜Leather Gallery,生活・雑貨,kw>shop,非常用トイレ 個包装セット 防災グッズ 簡易トイレ ポータブルトイレ,"7,800円",12.0,https://affiliate.tiktok.com/api/v1/share/ALL9IqMUK5g5,1734329017547916603,product-images/1734329017547916603.jpeg,2026-02-09,2027-05-31,
LIVE用特別料率キャンペーン,7604793940868908807,三京商会｜Leather Gallery,生活・雑貨,kw>shop,ホーロー 角型天ぷら鍋 バット・スノコ網・温度計,"3,610円",12.0,https://affiliate.tiktok.com/api/v1/share/ALL99YBjgqZc,1734386176659195195,product-images/1734386176659195195.jpeg,2026-02-09,2027-05-31,
LIVE用特別料率キャンペーン,7604793940868908807,三京商会｜Leather Gallery,生活・雑貨,kw>shop,D型まな板 耐熱 食洗器可 熱湯消毒可 Mサイズ Lサイズ,"2,530円-3,080円",12.0,https://affiliate.tiktok.com/api/v1/share/ALL9IqMVyOMl,1734386212179379515,product-images/1734386212179379515.jpeg,2026-02-09,2027-05-31,
三京商会,7629985068739593991,三京商会｜Leather Gallery,生活・雑貨,kw>shop,ハンディファン 超小型 ポケットサイズ 軽量 5段階風量,"2,830円",12.0,https://affiliate.tiktok.com/api/v1/share/ALL8R6X8CD2E,1735387323209319739,product-images/1735387323209319739.jpeg,2026-04-18,2027-03-31,
三京商会,7629985068739593991,三京商会｜Leather Gallery,ファッション・アパレル,shop,U字型氷のう フリーサイズ 暑さ熱中症対策 男女兼用,"2,356円",12.0,https://affiliate.tiktok.com/api/v1/share/ALL8SQqDLVgy,1735480432436806971,product-images/1735480432436806971.jpeg,2026-04-18,2027-03-31,
三京商会,7629985068739593991,三京商会｜Leather Gallery,ファッション・アパレル,shop,牛革 ショルダーストラップ スマホ＆バッグ対応,"4,950円",12.0,https://affiliate.tiktok.com/api/v1/share/ALL8R6X8TBTH,1734021773727728955,product-images/1734021773727728955.jpeg,2026-04-18,2027-03-31,
三京商会,7629985068739593991,三京商会｜Leather Gallery,ファッション・アパレル,shop,ミアボルサ スマホショルダーストラップ ドロスト＆ロープ バッグ対応,"2,420円",12.0,https://affiliate.tiktok.com/api/v1/share/ALL8SQqDcQP6,1734022744101193019,product-images/1734022744101193019.jpeg,2026-04-18,2027-03-31,
三京商会,7629985068739593991,三京商会｜Leather Gallery,ファッション・アパレル,shop,牛革 ヌメ 二つ折り 財布 レディース 日本製,"14,300円",12.0,https://affiliate.tiktok.com/api/v1/share/ALL8R6X8kJDW,1734032476778169659,product-images/1734032476778169659.jpeg,2026-04-18,2027-03-31,
三京商会,7629985068739593991,三京商会｜Leather Gallery,ファッション・アパレル,shop,牛革 二つ折り財布 レディース カード入れ8枚 スナップボタン開閉,"5,500円",12.0,https://affiliate.tiktok.com/api/v1/share/ALL8SQqDtNi0,1734182696052622651,product-images/1734182696052622651.jpeg,2026-04-18,2027-03-31,
三京商会,7629985068739593991,三京商会｜Leather Gallery,ファッション・アパレル,shop,牛革 キューブバッグ レディース シルエットが変わる,"11,000円",12.0,https://affiliate.tiktok.com/api/v1/share/ALL8R6X91F0I,1734191045032183099,product-images/1734191045032183099.jpeg,2026-04-18,2027-03-31,
三京商会,7629985068739593991,三京商会｜Leather Gallery,ファッション・アパレル,shop,牛革 2wayトートバッグ レディース ショルダーベルト付き,"13,200円",12.0,https://affiliate.tiktok.com/api/v1/share/ALL8SQqEAUM1,1734192018953700667,product-images/1734192018953700667.jpeg,2026-04-18,2027-03-31,
三京商会,7629985068739593991,三京商会｜Leather Gallery,ファッション・アパレル,shop,牛革 ミニバッグ レディース ショルダーベルト付き,"11,000円",12.0,https://affiliate.tiktok.com/api/v1/share/ALL8R6X9ITsN,1734519218604770619,product-images/1734519218604770619.jpeg,2026-04-18,2027-03-31,
三京商会,7629985068739593991,三京商会｜Leather Gallery,ファッション・アパレル,shop,携帯氷のう 氷嚢 ストラップ付き 首 冷やす グッズ【名入れ 可能】  熱中症対策 ひんやり 魔法瓶 スティック型,"3,344円",12.0,https://affiliate.tiktok.com/api/v1/share/ALL8SQqERit9,1734595658086450491,product-images/1734595658086450491.jpeg,2026-04-18,2027-03-31,
LIVE用特別料率キャンペーン,7604793940868908807,宅麺ドットコム,食品,shopmajor,中華蕎麦 とみ田 つけめん【公式】宅麺.com ラーメン つけ麺 豚骨 魚介 冷凍 1個,"1,555円",12.0,https://affiliate.tiktok.com/api/v1/share/ALL8k4btiYQf,1734396247001040566,product-images/1734396247001040566.jpeg,2026-02-09,2027-05-31,
LIVE用特別料率キャンペーン,7604793940868908807,宅麺ドットコム,食品,shopmajor,元祖スタミナ満点らーめん すず鬼 スタ満ソバ【公式】宅麺.com ラーメン 麺 スープ 背脂 スタ満 冷凍 1個,"1,713円",12.0,https://affiliate.tiktok.com/api/v1/share/ALL8lZmCzVZf,1734396486769280694,product-images/1734396486769280694.jpeg,2026-02-09,2027-05-31,
LIVE用特別料率キャンペーン,7604793940868908807,宅麺ドットコム,食品,shopmajor,ビンギリ 勝浦タンタン麺【公式】宅麺.com ラーメン 担々麺 タンタンメン 取り寄せ 冷凍 1個,"1,779円",12.0,https://affiliate.tiktok.com/api/v1/share/ALL8mZfcQBLy,1734410961255433910,product-images/1734410961255433910.jpeg,2026-02-09,2027-05-31,
LIVE用特別料率キャンペーン,7604793940868908807,宅麺ドットコム,食品,shopmajor,俺の生きる道 白山店 夢のラーメン（味付き脂付き）【公式】宅麺.com ラーメン 二郎系 冷凍 1個,"1,884円",12.0,https://affiliate.tiktok.com/api/v1/share/ALL8k4btze7k,1734410989479167670,product-images/1734410989479167670.jpeg,2026-02-09,2027-05-31,
LIVE用特別料率キャンペーン,7604793940868908807,宅麺ドットコム,食品,shopmajor,大島 味噌らーめん【公式】宅麺.com ラーメン みそ ミソ 札幌味噌ラーメン すみれ にんにく 生姜 スープ セット 冷凍 1個,"1,779円",12.0,https://affiliate.tiktok.com/api/v1/share/ALL8lZmDGdFw,1734418499387754166,product-images/1734418499387754166.jpeg,2026-02-09,2027-05-31,
LIVE用特別料率キャンペーン,7604793940868908807,宅麺ドットコム,食品,shopmajor,神田ラーメンわいず ラーメン【公式】宅麺.com ラーメン 家系ラーメン らーめん 濃厚  醤油 豚骨 スープ セット 冷凍 1個,"1,779円",12.0,https://affiliate.tiktok.com/api/v1/share/ALL8mZfchAao,1734418525860759222,product-images/1734418525860759222.jpeg,2026-02-09,2027-05-31,
LIVE用特別料率キャンペーン,7604793940868908807,宅麺ドットコム,食品,shopmajor,荻窪中華そば　春木屋 中華そば【公式】宅麺.com ラーメン らーめん 濃厚  煮干し 削り節 中華蕎麦 スープ セット 冷凍 1個,"1,581円",12.0,https://affiliate.tiktok.com/api/v1/share/ALL8k4buGhYl,1734418557193062070,product-images/1734418557193062070.jpeg,2026-02-09,2027-05-31,
LIVE用特別料率キャンペーン,7604793940868908807,宅麺ドットコム,食品,shopmajor,中華ソバ伊吹 闇中華【公式】宅麺.com ラーメン らーめん 煮干ラーメン 細麺  煮干し 中華そば クリーミー スープ セット 冷凍 1個,"1,829円",12.0,https://affiliate.tiktok.com/api/v1/share/ALL8lZmDXlFR,1734418561564903094,product-images/1734418561564903094.jpeg,2026-02-09,2027-05-31,
LIVE用特別料率キャンペーン,7604793940868908807,宅麺ドットコム,食品,shopmajor,麺屋鈴春 昆布水つけ麺（牡蠣塩）【公式】宅麺.com ラーメン つけめん 太麺 昆布 牡蠣 塩 麺 スープ セット 冷凍 1個,"1,976円",12.0,https://affiliate.tiktok.com/api/v1/share/ALL8mZfcyHyh,1734418576119793334,product-images/1734418576119793334.jpeg,2026-02-09,2027-05-31,
LIVE用特別料率キャンペーン,7604793940868908807,宅麺ドットコム,食品,shopmajor,無鉄砲 とんこつラーメン【公式】宅麺.com ラーメン らーめん 豚骨 トンコツ 太麺 濃厚 スープ 麺 セット 冷凍 1個,"1,515円",12.0,https://affiliate.tiktok.com/api/v1/share/ALL8k4buXrjX,1734418581956101814,product-images/1734418581956101814.jpeg,2026-02-09,2027-05-31,
宅麺ドットコム様,7626638611432310535,宅麺ドットコム,食品,id,お得な《らくうまっ宅麺４食セット》（麺処 晴 2食、拉麺大公 2食）宅麺.com【公式】味噌ラーメン 煮干し醤油ラーメン 簡単 ラーメン らーめん 冷凍 スープ 4個,"3,415円",12.0,https://affiliate.tiktok.com/api/v1/share/ALL8doJBbQAQ,1735157285603280566,product-images/1735157285603280566.jpeg,2026-04-09,2027-03-31,⚪︎
宅麺ドットコム様,7626638611432310535,宅麺ドットコム,食品,shopmajor,琴平荘（こんぴらそう）中華そば（あっさり）【公式】宅麺.com ラーメン らーめん,"1,581円",12.0,https://affiliate.tiktok.com/api/v1/share/ALL8dUbUKiar,1734881503630689974,product-images/1734881503630689974.jpeg,2026-04-09,2027-03-31,
宅麺ドットコム様,7626638611432310535,宅麺ドットコム,食品,shopmajor,ちばから らーめん【公式】宅麺.com ラーメン らーめん,"1,864円",12.0,https://affiliate.tiktok.com/api/v1/share/ALL8doJChfBP,1734881631982945974,product-images/1734881631982945974.jpeg,2026-04-09,2027-03-31,
宅麺ドットコム様,7626638611432310535,宅麺ドットコム,食品,shopmajor,鶏こく中華 すず喜 こく塩【公式】宅麺.com ラーメン らーめん  塩 麺 スープ セット 冷凍 1個,"1,515円",12.0,https://affiliate.tiktok.com/api/v1/share/ALL8bwCAaFF2,1734945446473467574,product-images/1734945446473467574.jpeg,2026-04-09,2027-03-31,
宅麺ドットコム様,7626638611432310535,宅麺ドットコム,食品,shopmajor,鶏こく中華 すず喜 こく醤油【公式】宅麺.com ラーメン らーめん  しょうゆ 麺 スープ セット 冷凍 1個,"1,515円",12.0,https://affiliate.tiktok.com/api/v1/share/ALL8bw8xlg5y,1734947924794050230,product-images/1734947924794050230.jpeg,2026-04-09,2027-03-31,
宅麺ドットコム様,7626638611432310535,宅麺ドットコム,食品,shopmajor,麺処 井の庄 辛辛魚つけめん【公式】宅麺.com つけ麺 ラーメン らーめん  濃厚 中太麺 麺 スープ セット 冷凍 1個,"1,779円",12.0,https://affiliate.tiktok.com/api/v1/share/ALL8doJCycsh,1734948202401007286,product-images/1734948202401007286.jpeg,2026-04-09,2027-03-31,
宅麺ドットコム様,7626638611432310535,宅麺ドットコム,食品,shopmajor,味噌麺処 花道庵 味噌ラーメン【公式】宅麺.com  みそラーメン らーめん  濃厚 太麺 麺 スープ セット 冷凍 1個,"1,647円",12.0,https://affiliate.tiktok.com/api/v1/share/ALL8bwCAr7zN,1734949203134219958,product-images/1734949203134219958.jpeg,2026-04-09,2027-03-31,
宅麺ドットコム様,7626638611432310535,宅麺ドットコム,食品,shopmajor,むぎとオリーブ 鶏SOBA【公式】宅麺.com ラーメン らーめん  しょうゆ 細麺 ビブグルマン スープ セット 冷凍 1個,"1,713円",12.0,https://affiliate.tiktok.com/api/v1/share/ALL8bw8y2j4v,1734949471637046966,product-images/1734949471637046966.jpeg,2026-04-09,2027-03-31,
宅麺ドットコム様,7626638611432310535,宅麺ドットコム,食品,id,宅麺.com 【公式】選べるお得な人気3食セット 〜濃厚・バラエティー・激辛・すず鬼・家系〜,"5,971円",12.0,https://affiliate.tiktok.com/api/v1/share/ALL8doJDFdb1,1735011021321569974,product-images/1735011021321569974.jpeg,2026-04-09,2027-03-31,⚪︎
宮城・老舗さとう精肉店様 x EnterCommerce,7652621321972926226,宮城・老舗さとう精肉店,食品,id,2個増量中！「自家製」仙台牛・国産牛入り手ごねハンバーグステーキ 85g×8個 お取り寄せグルメ 肉 牛肉,"5,980円",12.0,https://affiliate.tiktok.com/api/v1/share/ALKnsnTuVxKA,1736137034813441227,product-images/1736137034813441227.jpeg,2026-06-18,2027-05-31,
宮城・老舗さとう精肉店様 x EnterCommerce,7652621321972926226,宮城・老舗さとう精肉店,食品,id,TikTok限定おまけつき！【希少部位】幻の国産牛タン 焼き肉用 塩味 300ｇ 約2人前 お取り寄せグルメ 肉 牛肉,"3,300円-16,980円",12.0,https://affiliate.tiktok.com/api/v1/share/ALKnr1hTpkR9,1736138057439675595,product-images/1736138057439675595.jpeg,2026-06-18,2027-05-31,
宮城・老舗さとう精肉店様 x EnterCommerce,7652621321972926226,宮城・老舗さとう精肉店,食品,id,TikTok限定おまけつき！杜の都仙台名物 牛タン 焼き肉用 塩味 150ｇ×2パック お取り寄せグルメ 肉 牛肉,"3,300円-8,980円",12.0,https://affiliate.tiktok.com/api/v1/share/ALKnpoX8Wtf4,1736138467372664011,product-images/1736138467372664011.jpeg,2026-06-18,2027-05-31,
宮城・老舗さとう精肉店様 x EnterCommerce,7652621321972926226,宮城・老舗さとう精肉店,食品,id,TikTok限定おまけつき！仙台牛 焼き肉3種 贅沢食べ比べセット 各100g お取り寄せグルメ 肉 牛肉,"6,980円",12.0,https://affiliate.tiktok.com/api/v1/share/ALKnsnTumyHc,1736138538379085003,product-images/1736138538379085003.jpeg,2026-06-18,2027-05-31,
LIVE用特別料率キャンペーン,7604793940868908807,川島豆腐店,食品,id,創業200余年の発祥のざる豆腐 2丁｜選べる出汁付き｜著名ガイドブック2019年掲載の豆腐店,"2,385円-2,925円",12.0,https://affiliate.tiktok.com/api/v1/share/ALL8mZfdFA4B,1734089185465369843,product-images/1734089185465369843.jpeg,2026-02-09,2027-05-31,
水産・港海鮮様 x EnterCommerce,7652957966413891335,水産・港海鮮,食品,shop,ライブ特別価格【国産牡蠣 】高品質「殻付き牡蠣」宮城県の海が育てた 2kg 4kg 10kg  大容量 加熱用,"5,519円-24,056円",12.0,https://affiliate.tiktok.com/api/v1/share/ALKnrOiBtJAI,1737091068402632327,product-images/1737091068402632327.jpeg,2026-06-19,2027-05-31,
水産・港海鮮様 x EnterCommerce,7652957966413891335,水産・港海鮮,食品,shop,超特大むき海老 食べ応え抜群の特大サイズ 背ワタ取り加工済 大容量1kg2kg（解凍後700g1400g）,"4,980円-9,480円",12.0,https://affiliate.tiktok.com/api/v1/share/ALKnrlx3PmHr,1734673502185096839,product-images/1734673502185096839.jpeg,2026-06-19,2027-05-31,
水産・港海鮮様 x EnterCommerce,7652957966413891335,水産・港海鮮,食品,shop,【国産】刺身ほや 珍味 肉厚で旨みをたっぷり蓄えた旬の生ほやを選び、剥き身にして急速冷凍をしました。,"3,980円-9,480円",12.0,https://affiliate.tiktok.com/api/v1/share/ALKnrlmX9wKf,1736746865019225735,product-images/1736746865019225735.jpeg,2026-06-19,2027-05-31,
水産・港海鮮様 x EnterCommerce,7652957966413891335,水産・港海鮮,食品,shop,【九州産】あじ・刺身、フライ用 　九州の海で水揚げされた新鮮なあじ,"3,480円-8,980円",12.0,https://affiliate.tiktok.com/api/v1/share/ALKnrOiCASV6,1736155018401580679,product-images/1736155018401580679.jpeg,2026-06-19,2027-05-31,
LIVE用特別料率キャンペーン,7604793940868908807,無添加・発酵のおみせ樽の味,食品,id,【とくとくセール限定セール開催中】【好きな野菜が簡単キムチ】『キムチ革命』無添加 おうちで手作りキムチ 簡単に作れるキムチの素【メール便対応1通1個まで】,"1,505円-4,256円",12.0,https://affiliate.tiktok.com/api/v1/share/ALL8mZfbJxzF,1732493169736189816,product-images/1732493169736189816.jpeg,2026-02-09,2027-05-31,
LIVE用特別料率キャンペーン,7604793940868908807,無添加・発酵のおみせ樽の味,食品,id,【とくとくセール限定セール開催中】無添加 『ぬか床カンタンお試しセット』国産原料100％ 【宅配便】,"2,380円",12.0,https://affiliate.tiktok.com/api/v1/share/ALL8k4bstWpZ,1732538378689021816,product-images/1732538378689021816.jpeg,2026-02-09,2027-05-31,
LIVE用特別料率キャンペーン,7604793940868908807,無添加・発酵のおみせ樽の味,食品,id,【とくとくセール限定セール開催中】無添加 『ぬか床スタンドパック』容器一体型 チャック付き 国産原料100％ 【メール便1通1個】,"1,180円",12.0,https://affiliate.tiktok.com/api/v1/share/ALL8lZmCAOeL,1732612582589106040,product-images/1732612582589106040.jpeg,2026-02-09,2027-05-31,
LIVE用特別料率キャンペーン,7604793940868908807,無添加・発酵のおみせ樽の味,食品,id,【とくとくセール限定セール開催中】【お一人様2セットまで衝撃の50％OFFクーポン配布中】塩昆布 無添加 化学調味料不使用『3袋セット塩昆布』 塩こんぶ しおこんぶ 食べ物 食品 グルメ【メール便対応1通1セットまで】,"2,980円",12.0,https://affiliate.tiktok.com/api/v1/share/ALL8mZfbavBq,1733139167807702904,product-images/1733139167807702904.jpeg,2026-02-09,2027-05-31,
LIVE用特別料率キャンペーン,7604793940868908807,無添加・発酵のおみせ樽の味,食品,id,【とくとくセール限定セール開催中】【衝撃の50％OFFクーポン配布中】無添加 ふりかけ＼ご飯 おかず 副菜がかけるだけで完成／『3袋胡麻香りまくるふりかけ革命 』【メール便対応1通1個まで】,"2,980円",12.0,https://affiliate.tiktok.com/api/v1/share/ALL8k4btAfpA,1733255355759888248,product-images/1733255355759888248.jpeg,2026-02-09,2027-05-31,
Eddy's Homemade kitchen様,7639627475554797319,Eddy's Homemade Kitchen,食品,id,エディーズ  プレミアム ポップコーン シリーズ キャラメル カレー 抹茶 ココナッツ アールグレイ ゆず パイナップル,"2,322円",11.0,https://affiliate.tiktok.com/api/v1/share/ALL8ESUge6D6,1733548725135311926,product-images/1733548725135311926.jpeg,2026-05-14,2027-04-30,
LIVE用特別料率キャンペーン,7604793940868908807,SWAG_STORE,美容・コスメ,shop,Tooth brush｜歯ブラシ,990円,11.0,https://affiliate.tiktok.com/api/v1/share/ALL8qpGDSUzu,1732925958851560477,product-images/1732925958851560477.jpeg,2026-02-09,2027-05-31,
LIVE用特別料率キャンペーン,7604793940868908807,SWAG_STORE,生活・雑貨,kw>shop,ORIGINAL MUG CUP,990円,11.0,https://affiliate.tiktok.com/api/v1/share/ALL8qq3Zjny6,1732926023881950237,product-images/1732926023881950237.jpeg,2026-02-09,2027-05-31,
LIVE用特別料率キャンペーン,7604793940868908807,SWAG_STORE,美容・コスメ,shop,SWAG トラベルセット for badbreath 歯ブラシ 歯磨き粉 持ち運び 便利 旅行 虫歯予防 口臭予防 歯石予防,"2,500円",11.0,https://affiliate.tiktok.com/api/v1/share/ALL8oBwiXgXr,1732926024791065629,product-images/1732926024791065629.jpeg,2026-02-09,2027-05-31,
LIVE用特別料率キャンペーン,7604793940868908807,SWAG_STORE,生活・雑貨,id,Tongue cleaner｜タンクリーナー　舌クリーナー,990円,11.0,https://affiliate.tiktok.com/api/v1/share/ALL8qpGDjUe4,1732926159594488861,product-images/1732926159594488861.jpeg,2026-02-09,2027-05-31,
LIVE用特別料率キャンペーン,7604793940868908807,SWAG_STORE,生活・雑貨,id,Tooth paste｜歯磨き粉　トゥースペースト,"1,430円",11.0,https://affiliate.tiktok.com/api/v1/share/ALL8qq3a0lc2,1732945019083850781,product-images/1732945019083850781.jpeg,2026-02-09,2027-05-31,
LIVE用特別料率キャンペーン,7604793940868908807,SWAG_STORE,美容・コスメ,shop,Mouth wash｜マウスウォッシュ,"1,650円",11.0,https://affiliate.tiktok.com/api/v1/share/ALL92VPvKyCV,1732946304937198621,product-images/1732946304937198621.jpeg,2026-02-09,2027-05-31,
LIVE用特別料率キャンペーン,7604793940868908807,SWAG_STORE,美容・コスメ,shop,SWAG ハーバルホワイトニング歯磨き粉 100g 医薬部外品 虫歯予防 口臭予防 歯石予防,"1,980円",11.0,https://affiliate.tiktok.com/api/v1/share/ALL8qpGE0j8J,1732948385703625757,product-images/1732948385703625757.jpeg,2026-02-09,2027-05-31,
LIVE用特別料率キャンペーン,7604793940868908807,SWAG_STORE,美容・コスメ,shop,Grape Mint｜歯磨き粉　グレープミント,"1,430円",11.0,https://affiliate.tiktok.com/api/v1/share/ALL8qq3aHzFZ,1732948391322485789,product-images/1732948391322485789.jpeg,2026-02-09,2027-05-31,
LIVE用特別料率キャンペーン,7604793940868908807,SWAG_STORE,美容・コスメ,shop,Orange Mint｜歯磨き粉 オレンジミント,"1,430円",11.0,https://affiliate.tiktok.com/api/v1/share/ALL92VPvbzoi,1732948402299438109,product-images/1732948402299438109.jpeg,2026-02-09,2027-05-31,
LIVE用特別料率キャンペーン,7604793940868908807,SWAG_STORE,美容・コスメ,shop,Cola wash｜コーラウォッシュ,330円,11.0,https://affiliate.tiktok.com/api/v1/share/ALL8qpGEHjIa,1732948424531805213,product-images/1732948424531805213.jpeg,2026-02-09,2027-05-31,
UGREEN様 × EnterCommerce,7637461299044321042,UGREEN Japan 公式,生活・雑貨,shopmajor,UGREEN Uno 100W 充電器 PD ロボット型 4ポート USB-C ×３、USB-A×１typec usb コンセント【表情で充電状況がわかる・着脱可能なマグネット式ブーツ】PD/PPS/QC4+/SCP規格対応 MacBook Air/iPad Pro/iphone17-8シリーズ/Galaxy/Xperia/Pixel対応 PSE認証済,"6,980円",11.0,https://affiliate.tiktok.com/api/v1/share/ALL8MhYYnDbd,1734688864559793737,product-images/1734688864559793737.jpeg,2026-05-08,2027-03-31,
WHIP SPICE様 × EnterCommerce,7641603382482929416,WHIP SPICE,生活・雑貨,id,WHIP SPICE 季節限定の香り アライブドアンバー　10ml,"3,800円",11.0,https://affiliate.tiktok.com/api/v1/share/ALL8BrcNKCw3,1734863209541699502,product-images/1734863209541699502.jpeg,2026-05-19,2027-04-30,
三京商会,7629985068739593991,三京商会｜Leather Gallery,ファッション・アパレル,shop,牛革 三つ折り財布 レディース オイルレザー＆シボレザー,"4,180円",11.0,https://affiliate.tiktok.com/api/v1/share/ALL8TNUYRmJF,1734013834523608379,product-images/1734013834523608379.jpeg,2026-04-18,2027-03-31,
三京商会,7629985068739593991,三京商会｜Leather Gallery,ファッション・アパレル,shop,牛革 ミニ財布 スキミング防止 キーケース フラグメントケース,"3,300円",11.0,https://affiliate.tiktok.com/api/v1/share/ALL8TN9w3OKj,1734519246598997307,product-images/1734519246598997307.jpeg,2026-04-18,2027-03-31,
三京商会,7629985068739593991,三京商会｜Leather Gallery,ファッション・アパレル,shop,牛革 薄型長財布 かぶせデザイン レディース スリム,"7,700円",11.0,https://affiliate.tiktok.com/api/v1/share/ALL8TNUYij1L,1734519247066072379,product-images/1734519247066072379.jpeg,2026-04-18,2027-03-31,
ETOA様 x EnterCommerce,7641470290214799112,ETOA SHOP,美容・コスメ,id,エトア カロキシーカット-ETOA CALOXY CUT- 5ml  30包 バランス サポートサプリメント,"5,184円",10.0,https://affiliate.tiktok.com/api/v1/share/ALL8IYCVI9qL,1734284191848826100,product-images/1734284191848826100.jpeg,2026-05-19,2027-05-01,⚪︎
ETOA様 x EnterCommerce,7641470290214799112,ETOA SHOP,美容・コスメ,kw,エトア カロキシーカット-ETOA CALOXY CUT- 5ml ×7包 バランス サポートサプリメント,"1,728円",10.0,https://affiliate.tiktok.com/api/v1/share/ALL8IwWdTdsC,1734897568142623988,product-images/1734897568142623988.jpeg,2026-05-19,2027-05-01,
MerachJP様 x EnterCommerce,7654860512728090375,Merach.Japan,スポーツ,id,MERACH ステアステッパー ハンドルバー付き、LCDディスプレイ、150KG容量、運動用クライマーエクササイズマシン、男女兼用ホームフィットネス器具,"8,499円",10.0,https://affiliate.tiktok.com/api/v1/share/ALKnjl2AuME1,1731583864194041789,product-images/1731583864194041789.jpeg,2026-06-24,2027-05-31,⚪︎
MerachJP様 x EnterCommerce,7654860512728090375,Merach.Japan,スポーツ,id,Merachインナー太もも、脚、腕、腕トリマーのための、太ももトレーナーホームフィットネス機器オプションバージョン:ストラップ、スマートカウンター,"2,199円-3,399円",10.0,https://affiliate.tiktok.com/api/v1/share/ALKnko3TBtKA,1731688198291818429,product-images/1731688198291818429.jpeg,2026-06-24,2027-05-31,⚪︎
MerachJP様 x EnterCommerce,7654860512728090375,Merach.Japan,スポーツ,id,Merach ホーム腹部運動コアトレーニング男女兼用肘サポート付きスマホスタンド＆滑り止めマット付き自動リバウンドAbホイール フィットネス機器,"2,799円-5,999円",10.0,https://affiliate.tiktok.com/api/v1/share/ALKnlu2Sh2vt,1731688230317295549,product-images/1731688230317295549.jpeg,2026-06-24,2027-05-31,⚪︎
MerachJP様 x EnterCommerce,7654860512728090375,Merach.Japan,スポーツ,id,MERACH 家庭用静音ステッパー、フルボディワークアウトのための大きな範囲、上下およびツイストモーションを備えた油圧ステッパー、家庭用抵抗バンド付き150 kg容量ツイスト階段ステッパー,"10,699円",10.0,https://affiliate.tiktok.com/api/v1/share/ALKnjl2BBJ1I,1731766705697884093,product-images/1731766705697884093.jpeg,2026-06-24,2027-05-31,⚪︎
MerachJP様 x EnterCommerce,7654860512728090375,Merach.Japan,スポーツ,id,MERACH腹筋トレーナー液晶モニター付き腹筋エクササイズマシン腹筋コアトレーナーマシン腹筋運動で腕脚臀部シェイパー腹筋調整可能,"6,499円",10.0,https://affiliate.tiktok.com/api/v1/share/ALKnko3TStzQ,1732002070828386237,product-images/1732002070828386237.jpeg,2026-06-24,2027-05-31,⚪︎
MerachJP様 x EnterCommerce,7654860512728090375,Merach.Japan,スポーツ,id,MERACH 多機能トレーニングボード 折りたたみピラティス器具 ピラティスマシン 膝マット・タイマー・バンド付き｜家庭用ピラティス器具 全身トレーニング 体幹エクササイズ,"6,499円-7,499円",10.0,https://affiliate.tiktok.com/api/v1/share/ALKnlu2SxuZR,1732002254942537661,product-images/1732002254942537661.jpeg,2026-06-24,2027-05-31,⚪︎
MerachJP様 x EnterCommerce,7654860512728090375,Merach.Japan,スポーツ,id,MERACH 多機能ペダル付きエクササイズバンド 通販 送料無料  トレーニングバンド ダイエット フィットネス ペダル付き 多機能 通販,"2,699円-6,499円",10.0,https://affiliate.tiktok.com/api/v1/share/ALKnjl2BSLml,1732002848479479741,product-images/1732002848479479741.jpeg,2026-06-24,2027-05-31,⚪︎
MerachJP様 x EnterCommerce,7654860512728090375,Merach.Japan,スポーツ,id,MERACH進化版 四輪腹筋ローラー 4輪LCDディスプレイ 自動スプリングバック スマートブレーキ Type-C充電 スマホスタンド付き 膝マット付き 耐荷重200kg 組み立て簡単 静音 プロ仕様,"2,799円-5,999円",10.0,https://affiliate.tiktok.com/api/v1/share/ALKnko3TjqE4,1732006000371468221,product-images/1732006000371468221.jpeg,2026-06-24,2027-05-31,⚪︎
MerachJP様 x EnterCommerce,7654860512728090375,Merach.Japan,スポーツ,id,MERACH ツイストボード ダンスマシン 体幹 トレーニング器具 女性 筋トレ 筋トレ器具 ダイエット器具 ダイエット 有酸素運動 抵抗バンド付き エクササイズ ポータブル ウエストシェイパー 自宅用,"4,199円-5,599円",10.0,https://affiliate.tiktok.com/api/v1/share/ALKnlu2TEykB,1732263493688919997,product-images/1732263493688919997.jpeg,2026-06-24,2027-05-31,⚪︎
MerachJP様 x EnterCommerce,7654860512728090375,Merach.Japan,スポーツ,id,MERACH 調整可能なパワーツイスターバー – 上半身トレーニング用 家庭用ポータブルフィットネス機器,"2,999円",10.0,https://affiliate.tiktok.com/api/v1/share/ALKnjl2BjOEc,1732411044478158781,product-images/1732411044478158781.jpeg,2026-06-24,2027-05-31,⚪︎
MerachJP様 x EnterCommerce,7654860512728090375,Merach.Japan,スポーツ,id,MERACH ミニ筋膜リリース機 228g超軽量 5段階振動モード 最大3200回/分 Type-C充電式 4種類シリコンヘッド付き 携帯便利 フィットネス用,"2,999円",10.0,https://affiliate.tiktok.com/api/v1/share/ALKnko3U0qZV,1732479525913069501,product-images/1732479525913069501.jpeg,2026-06-24,2027-05-31,⚪︎
MerachJP様 x EnterCommerce,7654860512728090375,Merach.Japan,スポーツ,id,MERACH 調整可能なダンベルセット 4 in 1 フリーウェイト ダンベル 1〜4KG 女性用 ハンドウェイト ソフトラバーグリップ ホームジム トレーニング用,"2,999円",10.0,https://affiliate.tiktok.com/api/v1/share/ALKnlu2TWAe5,1732552730601228221,product-images/1732552730601228221.jpeg,2026-06-24,2027-05-31,⚪︎
MerachJP様 x EnterCommerce,7654860512728090375,Merach.Japan,スポーツ,id,"MERACH 振動マシン , 全身ワークアウト リンパドレナージュ 脚 腹筋 体幹 自宅フィットネス 省スペース収納 多段階調整","11,199円-25,999円",10.0,https://affiliate.tiktok.com/api/v1/share/ALKnjl2C0SiA,1732833927896663997,product-images/1732833927896663997.jpeg,2026-06-24,2027-05-31,⚪︎
26/7月以降 Nature In様,7659194072054630152,Nature In【公式】,美容・コスメ,shopmajor,【高濃度】Nature In （ネイチャーイン）ザクロ由来 エラグ酸 サプリメント 1粒 180mg 国内GMP認定工場 製造 ビフィズス菌BB536 40億個,"1,320円-4,740円",10.0,https://affiliate.tiktok.com/api/v1/share/ALL5I5ngLZk6,1735321174944089925,product-images/1735321174944089925.jpeg,2026-07-06,2027-06-30,
changefit,7639354762450634503,changefit 公式,美容・コスメ,id,期間限定1個増量中！【SNSで大バズり】Changefit チェンジシェイク 6種類味見セット タンパク質 プロテイン 国内配送 アミノ酸 食物繊維,"3,200円",10.0,https://affiliate.tiktok.com/api/v1/share/ALL8JxPwYjCb,1731783067755120524,product-images/1731783067755120524.jpeg,2026-05-14,2027-04-30,⚪︎
changefit,7639354762450634503,changefit 公式,美容・コスメ,id,期間限定1個増量中！【SNSで大バズり】Changefit チェンジシェイク お買い得7個入り1週間セット 置き換え タンパク質 プロテイン 国内配送 アミノ酸 食物繊維,"3,400円",10.0,https://affiliate.tiktok.com/api/v1/share/ALL8JyHCGlN6,1731783102961977228,product-images/1731783102961977228.jpeg,2026-05-14,2027-04-30,⚪︎
Vision様 × EnterCommerce,7643695731309741832,ビジョンショップ（ＶＩＳＩＯＮ）,生活・雑貨,id,ペルチェ冷却搭載 首掛け扇風機 体感 - 15℃瞬間冷却 360° 全方位送風 6 段階風量調整 4000mAh 大容量 最大 15 時間連続使用 羽根なし安全設計 15dB 超静音 約 360g 軽量 角度調節可能 LED デジタル表示 ハンズフリー 熱中症対策 通勤・アウトドア・オフィス・在宅ワーク対応 ホワイト / ネイビー 2 色 夏の必需品 首掛けクーラー ネックファン,"3,180円-5,980円",10.0,https://affiliate.tiktok.com/api/v1/share/ALL8CeuZuOcz,1734943572661273606,product-images/1734943572661273606.jpeg,2026-05-25,2027-04-30,
Vision様 × EnterCommerce,7643695731309741832,ビジョンショップ（ＶＩＳＩＯＮ）,家電,kw,【1 台 4 役】 クリップハンディファン 静音 35dB 軽量 1200mAh バッテリー 3 段階風量調整 手持ち / クリップ / 首掛け / 卓上 傘用扇風機 夏 通勤 通学 アウトドア,"1,780円",10.0,https://affiliate.tiktok.com/api/v1/share/ALL8CefBifDq,1735578974499275782,product-images/1735578974499275782.jpeg,2026-05-25,2027-04-30,
Vision様 × EnterCommerce,7643695731309741832,ビジョンショップ（ＶＩＳＩＯＮ）,家電,kw,扇風機 DCモーター 折りたたみ リビング 充電式 卓上 扇風機 吊り下げ アウトドア キャンプ 首振り せんぷうき おしゃれ 小型 LED照明付き 4段階風量 リモコン 可愛い 高さ調整,"7,980円",10.0,https://affiliate.tiktok.com/api/v1/share/ALL8Ece6lg8l,1735656454781109254,product-images/1735656454781109254.jpeg,2026-05-25,2027-04-30,
Vision様 × EnterCommerce,7643695731309741832,ビジョンショップ（ＶＩＳＩＯＮ）,家電,kw,1～100段階風量】ハンディファン 3way 手持ち/首かけ/卓上 モバイルバッテリー機能付き デジタル表示 超静音 大風量 USB充電式 コードレス 折り畳み可能 ミニ扇風機 可愛い 夏対策,"1,880円",10.0,https://affiliate.tiktok.com/api/v1/share/ALL8CeuaBP0x,1735749618763138054,product-images/1735749618763138054.jpeg,2026-05-25,2027-04-30,
大分慶珉様 x EnterCommerce,7647404934125471506,大分慶珉,食品,kw,激辛にんにく辛子高菜　150g　ラーメン屋自家製の味　九州産高菜,550円,10.0,https://affiliate.tiktok.com/api/v1/share/ALJh4uGhY1qv,1732893378371487645,product-images/1732893378371487645.jpeg,2026-06-04,2027-04-30,
大分慶珉様 x EnterCommerce,7647404934125471506,大分慶珉,食品,id,にんにく辛子高菜 　150g　ラーメン屋自家製の味　九州産高菜,500円,10.0,https://affiliate.tiktok.com/api/v1/share/ALJh4uPcGRhY,1733410527292524445,product-images/1733410527292524445.jpeg,2026-06-04,2027-04-30,
大分慶珉様 x EnterCommerce,7647404934125471506,大分慶珉,食品,id,極辛にんにく　辛子高菜 150g 　ラーメン屋自家製の味　九州産高菜,600円,10.0,https://affiliate.tiktok.com/api/v1/share/ALJgz1XchIaw,1734524101614208925,product-images/1734524101614208925.jpeg,2026-06-04,2027-04-30,
LIVE用特別料率キャンペーン,7604793940868908807,無添加・発酵のおみせ樽の味,食品,shopmajor,【とくとくセール限定セール開催中】＼夏の売りつくしセール／【50%OFFクーポン配布中】 南高梅 梅酢『ほぼほぼ無塩の梅酢 2袋セット』送料無料 無添加 350ml×２袋 うめ酢うめず すっぱい 美味しい おいしい 樽の味 自然派【メール便1通1セット】,"2,480円",10.0,https://affiliate.tiktok.com/api/v1/share/ALL8oBwWAXvG,1735822283867654008,product-images/1735822283867654008.jpeg,2026-02-09,2027-05-31,
LIVE用特別料率キャンペーン,7604793940868908807,無添加・発酵のおみせ樽の味,食品,shopmajor,【とくとくセール限定セール開催中】【衝撃の50%OFFクーポン配布中】 米ぬか パウダー 『食べる米ぬか 革命 2袋』 きなこ入  焙煎  国産米  糖質制限 ビタミンB ビタミンE GABA 食物繊維 米糠 腸活  便秘 糠 こめぬか  ダイエット 健康 美容  粉末 【送料無料】【メール便1通1セット】 樽の味,"2,960円",10.0,https://affiliate.tiktok.com/api/v1/share/ALL8mZfecOR8,1736344025587156856,product-images/1736344025587156856.jpeg,2026-02-09,2027-05-31,
NETSEA Farm様 x EnterCommerce,7654816690622711559,NETSEA Farm｜産直市場,食品,id,【秋刀魚】北海道産！！送料無料│1.5kg/3kg/5kg,"5,330円-16,796円",9.0,https://affiliate.tiktok.com/api/v1/share/ALJh4uPbiNT8,1735155628513396638,product-images/1735155628513396638.jpeg,2026-06-24,2027-05-31,
NETSEA Farm様 x EnterCommerce,7654816690622711559,NETSEA Farm｜産直市場,食品,id,【花咲蟹】北海道産の幻の蟹？！送料無料│1尾あたり500g,"6,360円",9.0,https://affiliate.tiktok.com/api/v1/share/ALJgz1Xbs9cN,1735010011017938846,product-images/1735010011017938846.jpeg,2026-06-24,2027-05-31,
NETSEA Farm様 x EnterCommerce,7654816690622711559,NETSEA Farm｜産直市場,食品,id,【真鱈の切り身】北海道産！！送料無料│たっぷり1kg,"6,090円",9.0,https://affiliate.tiktok.com/api/v1/share/ALJh4uGh05tT,1734533226645981086,product-images/1734533226645981086.jpeg,2026-06-24,2027-05-31,
NETSEA Farm様 x EnterCommerce,7654816690622711559,NETSEA Farm｜産直市場,食品,id,【ボイル紅ズワイガニ姿 】北海道産！！│1杯～3杯,"6,880円-18,060円",9.0,https://affiliate.tiktok.com/api/v1/share/ALJh4uPbzH14,1734518443413833630,product-images/1734518443413833630.jpeg,2026-06-24,2027-05-31,
NETSEA Farm様 x EnterCommerce,7654816690622711559,NETSEA Farm｜産直市場,食品,id,【毛蟹 】北海道産！！送料無料│400g,"11,880円",9.0,https://affiliate.tiktok.com/api/v1/share/ALJgz1Xc9FK5,1734524846039795614,product-images/1734524846039795614.jpeg,2026-06-24,2027-05-31,
NETSEA Farm様 x EnterCommerce,7654816690622711559,NETSEA Farm｜産直市場,食品,id,【タコ足 】北海道産！！│300g,"4,104円",9.0,https://affiliate.tiktok.com/api/v1/share/ALJh4uGhH51O,1734523710758750110,product-images/1734523710758750110.jpeg,2026-06-24,2027-05-31,
王子製薬,7671148890171574024,OUJISHOP 王子製薬,美容・コスメ,shop,Seika全シャンプー  コンディショナー アミノ酸シャンプー  頭皮ケア 頭皮 髪 すっきり洗浄 和漢  日本製 セイカゼン ZEN,"777円-8,360円",9.0,https://affiliate.tiktok.com/api/v1/share/ALKc32280LDH,1736735168837683127,,2026-08-07,2027-08-01,
王子製薬,7671148890171574024,OUJISHOP 王子製薬,美容・コスメ,shop,【期間限定おまけ付き!!】Seika全シャンプー  コンディショナー アミノ酸シャンプー  頭皮ケア 頭皮 髪 すっきり洗浄 和漢  日本製 セイカゼン ZEN,"3,837円-6,336円",9.0,https://affiliate.tiktok.com/api/v1/share/ALKc4PQLWLMR,1732202493604104119,,2026-08-07,2027-08-01,
Wavytalk様 × EnterCommerce,7642245656379180807,Wavytalk JP,美容・コスメ,id,【Wavytalk公式】マイナスイオンサーマルブラシ38mmヒートブラシロールブラシアイロン、ミディアム巻き髪、巻き髪ロング、ボブ巻き髪、おくれげ巻き髪、くびれ巻き、ワンホン韓国風、コテおすすめ、ヘアアイロンおすすめ、外巻きコテ、内巻きコテ、blowoutブローアウト、LED表示が付いている、異なった髪の毛のタイプのための5段階温度調節コテアイロンヘアアイロンヘアツール,"4,998円",9.0,https://affiliate.tiktok.com/api/v1/share/ALL8EOfnYrx6,1731724651022878082,product-images/1731724651022878082.jpeg,2026-05-21,2027-04-30,⚪︎
Wavytalk様 × EnterCommerce,7642245656379180807,Wavytalk JP,美容・コスメ,id,【Wavytalk公式】スチームストレートブラシ、ヘアストレートブラシアイロン、水蒸気でヘアケアのストレートブラシ4つの温度調整機能、ストレートアイロン、ヘアアイロンおすすめ、縮毛矯正不要！自然なツヤ髪に、おくれげ巻き髪、ホームサロン用のストレートナーコーム高速加熱、くし型スチームブラシアイロン、デュアル電圧、TikTok Shop限定,"9,499円",9.0,https://affiliate.tiktok.com/api/v1/share/ALL8EPLmohbm,1732486801099818370,product-images/1732486801099818370.jpeg,2026-05-21,2027-04-30,⚪︎
Wavytalk様 × EnterCommerce,7642245656379180807,Wavytalk JP,美容・コスメ,id,【Wavytalk公式】スチームヘアストレートアイロン、ロングミディアムボブヘアアイロンおすすめ、コテおすすめ、スチーム革新技术で髪を守りダメージ軽減⏐梅雨の季節にも最適⏐くせ毛・広がり髪・天然パーマにも対応、縮毛矯正不要！自然なツヤ髪に,"8,999円",9.0,https://affiliate.tiktok.com/api/v1/share/ALL8EOfnpl8Z,1733534942503929218,product-images/1733534942503929218.jpeg,2026-05-21,2027-04-30,⚪︎
（10%用）フルッタフルッタ様,7639236329373992712,フルッタフルッタ,食品,shop,【冷凍】フルッタフルッタ アサイーピューレ(プレーン 砂糖不使用) 400g (100gx4パック) 8袋,"8,796円",9.0,https://affiliate.tiktok.com/api/v1/share/ALL8N8FrzecW,1734822469941560512,product-images/1734822469941560512.jpeg,2026-05-13,2027-04-30,
（10%用）フルッタフルッタ様,7639236329373992712,フルッタフルッタ,食品,shop,【冷凍】フルッタフルッタ アサイーピューレ (ガラナシロップ 砂糖不使用) 400g (100gx4パック) 8袋,"8,796円",9.0,https://affiliate.tiktok.com/api/v1/share/ALL8N7gPEUKP,1734822622011425984,product-images/1734822622011425984.jpeg,2026-05-13,2027-04-30,
（10%用）フルッタフルッタ様,7639236329373992712,フルッタフルッタ,食品,id,【冷凍】アサイーボウル 15食分 大人気3種食べ比べ(お家でアサイーボウル7食＆アサイーピューレ2種8食),"4,703円",9.0,https://affiliate.tiktok.com/api/v1/share/ALL8QFCA6yZr,1735175657497199808,product-images/1735175657497199808.jpeg,2026-05-13,2027-04-30,⚪︎
若翔様 x EnterCommerce,7655199501419136786,若翔,食品,id,【味の選択可能】チアシード蒟蒻ゼリー 30個セット（ぶどう・りんご・もも・レモン）｜美容＆健康習慣のおやつ 4セット以上のご購入で50%オフ,"1,760円",9.0,https://affiliate.tiktok.com/api/v1/share/ALKnoEqsMlWf,1735770306275083514,product-images/1735770306275083514.jpeg,2026-06-25,2027-05-31,
若翔様 x EnterCommerce,7655199501419136786,若翔,食品,id,【味の選択可能】ORO（オーロ）凍らせて食べる米粉ジェラート 30個入り（3袋×10個）　うめ&ピーチ・ゆず＆レモン｜4セットまとめ買いで34%オフ,"2,050円",9.0,https://affiliate.tiktok.com/api/v1/share/ALKnmoSanDFR,1736192112226305274,product-images/1736192112226305274.jpeg,2026-06-25,2027-05-31,
NOID様 x EnterCommerce,7653006225491805970,NOID,美容・コスメ,id,【医師監修/特許技術】NOID マグネシウムバーム［90日分］高吸収 リポソーム 濃縮 海洋深層水 マグネシウム 経皮吸収 ドクターズ マグネシウムクリーム 塩化マグネシウム 国産 MG 塗る 入浴剤 塗る サプリ 肩こり マッサージ 首 腰 スポーツ マッサージクリーム 慢性疲労 疲労回復 マグネシウムオイル ノイド 高濃度 ボディバター,"5,980円-17,940円",8.0,https://affiliate.tiktok.com/api/v1/share/ALKnnLxb2Rfn,1734460747168253922,product-images/1734460747168253922.jpeg,2026-06-19,2027-06-01,⚪︎
NOID様 x EnterCommerce,7653006225491805970,NOID,美容・コスメ,id,NOID マグネシウムバスソルト 500g,"5,980円",8.0,https://affiliate.tiktok.com/api/v1/share/ALKnsKt4Yqm3,1735768555983767522,product-images/1735768555983767522.jpeg,2026-06-19,2027-06-01,⚪︎
CICIBELLA × EnterCommerce,7629325921251641109,【公式】CICIBELLA,美容・コスメ,id,【夏先取りセール】CICIBELLA｜瞬間吸水ヘアドライタオル｜速乾 ｜約２分台で髪を乾かす｜豪華特典付き｜シシベラ,980円,8.0,https://affiliate.tiktok.com/api/v1/share/ALL8WJ4oxnOA,1731524258097366208,product-images/1731524258097366208.jpeg,2026-04-17,2027-02-28,
CICIBELLA × EnterCommerce,7629325921251641109,【公式】CICIBELLA,美容・コスメ,id,【大好評】CICIBELLA｜フェイスタオル｜60枚入り｜厚手｜洗顔使い捨てタオル｜シシベラ,750円,8.0,https://affiliate.tiktok.com/api/v1/share/ALL8UZLlE2uz,1731626331090879680,product-images/1731626331090879680.jpeg,2026-04-17,2027-02-28,
CICIBELLA × EnterCommerce,7629325921251641109,【公式】CICIBELLA,美容・コスメ,id,【新発売】CICIBELLA｜ミルキーシートマスク｜7枚入り個包装｜肌悩みに合わせて選べる４種類｜シシベラ,"4,536円-7,865円",8.0,https://affiliate.tiktok.com/api/v1/share/ALL8UZcgpjRh,1732466553330894016,product-images/1732466553330894016.jpeg,2026-04-17,2027-02-28,
CICIBELLA × EnterCommerce,7629325921251641109,【公式】CICIBELLA,美容・コスメ,id,【無くなり次第終了】CICIBELLA｜3袋購入で無料ギフト美容液１点++ヘアタオル1点付｜シシベラ,"2,040円",8.0,https://affiliate.tiktok.com/api/v1/share/ALL8WJ4pVh8l,1732782247720158400,product-images/1732782247720158400.jpeg,2026-04-17,2027-02-28,
CICIBELLA × EnterCommerce,7629325921251641109,【公式】CICIBELLA,美容・コスメ,id,CICIBELLA｜進化版新発売｜快息マスク｜20枚入り｜3Dマスク｜ 小顔効果｜シシベラ,"4,340円-5,106円",8.0,https://affiliate.tiktok.com/api/v1/share/ALL8UZLlVBJn,1732924454162629824,product-images/1732924454162629824.jpeg,2026-04-17,2027-02-28,
Vision様 × EnterCommerce,7643695731309741832,ビジョンショップ（ＶＩＳＩＯＮ）,生活・雑貨,id,【LIVE限定】3D 首振りサーキュレーター扇風機 上下左右自動首振り 1 台 4 役 空気循環 / 涼風 / 換気 / 衣類乾燥 3 段階風量調整 4 種類運転モード リモコン付き LED タッチパネル 12 時間タイマー 高さ 2 段階調節 省エネ 33W 最大 45dB 静音設計 軽量 2.9kg お手入れ簡単 25 畳対応 ホワイト / グレー 熱中症対策 夏の快適ライフに,"5,480円-9,180円",8.0,https://affiliate.tiktok.com/api/v1/share/ALL8DCqvQ4m3,1734934115269510150,product-images/1734934115269510150.jpeg,2026-05-25,2027-04-30,
TheOniku × EnterCommerce,7617841097436382984,TheOniku,食品,shop,【家族でおうち焼肉】TheOniku 【送料無料】 黒毛和牛 タレ漬けロースひとくちステーキ 冷凍 食品 牛肉 ロース肉 焼肉 バーベキュー 400g,"4,090円",7.0,https://affiliate.tiktok.com/api/v1/share/ALL8fImdAZzo,1734076411262306275,product-images/1734076411262306275.jpeg,2026-03-16,2026-12-31,
TheOniku × EnterCommerce,7617841097436382984,TheOniku,食品,shop,【家族でおうち焼肉】TheOniku 【送料無料】黒毛和牛ロース＆国産牛ヒレ ひとくちステーキ食べ比べセット 計800g,"8,070円",7.0,https://affiliate.tiktok.com/api/v1/share/ALL8fILC7zsh,1734078826429581283,product-images/1734078826429581283.jpeg,2026-03-16,2026-12-31,
TheOniku × EnterCommerce,7617841097436382984,TheOniku,食品,shop,【家族でおうち焼肉】TheOniku 国産牛ヒレ肉 タレ漬けカットステーキ 400g,"5,070円",7.0,https://affiliate.tiktok.com/api/v1/share/ALL8fImdRm4B,1734079069756491747,product-images/1734079069756491747.jpeg,2026-03-16,2026-12-31,
LIVE用特別料率キャンペーン,7604793940868908807,grano,生活・雑貨,shop,Grano Japan Wood Pellet 2000g - 高品質 (アカマツ),980円,7.0,https://affiliate.tiktok.com/api/v1/share/ALL8mZffRkDV,1734240686487864401,product-images/1734240686487864401.jpeg,2026-02-09,2027-05-31,
LIVE用特別料率キャンペーン,7604793940868908807,grano,生活・雑貨,shop,煙が少ない長時間燃焼ブリケット薪 6本(11kg) / 9本(17kg) / 15本(27kg)からお選びいただけます。,"3,980円-6,980円",7.0,https://affiliate.tiktok.com/api/v1/share/ALL8oBwXGfZm,1734241041290265681,product-images/1734241041290265681.jpeg,2026-02-09,2027-05-31,
LIVE用特別料率キャンペーン,7604793940868908807,こだわりのふわもちベーグル｜codomodo,食品,shop,【驚きのふわもち食感！】７つの厳選素材で作った至福のベーグル 送料無料｜ 保存料 不使用 【レンジとトースターで簡単調理！】 低脂質 低GI 国産小麦100% 阿蘇の天然水使用 手ごね低温熟成,"2,979円-5,022円",7.0,https://affiliate.tiktok.com/api/v1/share/ALL8k4bxIChA,1733268241387455775,product-images/1733268241387455775.jpeg,2026-02-09,2027-05-31,
LIVE用特別料率キャンペーン,7604793940868908807,タマチャンショップ,食品,id,タマチャンショップ 漁つまみ 詰め合わせ セット 国産 おつまみ 自然素材 添加物 海の幸 お中元 ギフト ヘルシー 珍味 酒の肴 高級 酒の肴,"1,500円-4,980円",7.0,https://affiliate.tiktok.com/api/v1/share/ALL8k4bwkHYp,1731755249826563466,product-images/1731755249826563466.jpeg,2026-02-09,2027-05-31,⚪︎
LIVE用特別料率キャンペーン,7604793940868908807,タマチャンショップ,食品,id,タマチャンショップ OH！オサカーナ 人気 3袋セット 人気詰め合わせセット！ いりこ 小魚 アーモンド アー モンドフィッシュ 片口 イワシ おやつ おつまみ,"1,339円-1,340円",7.0,https://affiliate.tiktok.com/api/v1/share/ALL8mZffAavo,1731766181783045514,product-images/1731766181783045514.jpeg,2026-02-09,2027-05-31,
LIVE用特別料率キャンペーン,7604793940868908807,タマチャンショップ,食品,id,＼1000回カムカム大作戦！／カムンベイビー 噛む美容習慣へ美味しい蒟蒻＆寒天から生まれたヘルシーチップス！低糖仕立て＆カロリー控えめで豊富な食物繊維。現代ニッポンの咀嚼回数を底上げする新おやつ。ダイエット 咀嚼 タマチャンショップ,"1,379円",7.0,https://affiliate.tiktok.com/api/v1/share/ALL8oBwWzVP9,1734960977407673738,product-images/1734960977407673738.jpeg,2026-02-09,2027-05-31,⚪︎
下町バームクーヘン様 x EnterCommerce,7657843788182112018,下町バームクーヘン,食品,id,【限界メガ盛りチャレンジBOX】【お得用簡易包装】バームクーヘン メガ盛り1kg 大容量の訳ありバームクーヘンメガ盛り切り落とし ※当商品は常温賞味期限約30日です。常温での発送となります。  簡易包装でお届けしております。そのため、商品に割れや崩れが生じる場合がございます。  ただし、品質や味には一切問題ございませんので、安心してお召し上がりください。,"1,999円",7.0,https://affiliate.tiktok.com/api/v1/share/ALKno5SpsRgt,1731785896277149269,product-images/1731785896277149269.jpeg,2026-07-02,2027-06-01,⚪︎
下町バームクーヘン様 x EnterCommerce,7657843788182112018,下町バームクーヘン,食品,shopmajor,【限界ギガ盛りチャレンジBOX】【お得用簡易包装】バームクーヘン ギガ盛り2kg 大容量のバームクーヘンギガ盛り切り落とし ※当商品は常温賞味期限約30日です。常温での発送となります。  簡易包装でお届けしております。そのため、商品に割れや崩れが生じる場合がございます。  ただし、品質や味には一切問題ございませんので、安心してお召し上がりください。,"2,999円",7.0,https://affiliate.tiktok.com/api/v1/share/ALKnkfrKjcFb,1732221827367142997,product-images/1732221827367142997.jpeg,2026-07-02,2027-06-01,
下町バームクーヘン様 x EnterCommerce,7657843788182112018,下町バームクーヘン,食品,id,【夏の売りつくしSALE】【当店本気の福袋！】【期間限定プレミアムクリームサンド入り】【お得用簡易包装】 スーパージャンボ福袋8種9個入 2026 ※当商品は常温賞味期限約30日です。常温での発送となります。 簡易包装でお届けしております。そのため、商品に割れや崩れが生じる場合がございます。 ただし、品質や味には一切問題ございませんので、安心してお召し上がりください。,"2,999円",7.0,https://affiliate.tiktok.com/api/v1/share/ALKno5Ssu8g3,1732740489701852757,product-images/1732740489701852757.jpeg,2026-07-02,2027-06-01,⚪︎
下町バームクーヘン様 x EnterCommerce,7657843788182112018,下町バームクーヘン,食品,name,【限界メガ盛りチャレンジBOX】【お得用簡易包装】バームクーヘン メガ盛り1kg 大容量の訳ありバームクーヘンメガ盛り切り落とし ※当商品は常温賞味期限約30日です。常温での発送となります。  簡易包装でお届けしております。そのため、商品に割れや崩れが生じる場合がございます。  ただし、品質や味には一切問題ございませんので、安心してお召し上がりください。C,"1,999円",7.0,https://affiliate.tiktok.com/api/v1/share/ALKnkfrLHWMo,1735295991472555605,product-images/1735295991472555605.jpeg,2026-07-02,2027-06-01,⚪︎
下町バームクーヘン様 x EnterCommerce,7657843788182112018,下町バームクーヘン,食品,shopmajor,【限界ギガ盛りチャレンジBOX】【お得用簡易包装】バームクーヘン ギガ盛り2kg 大容量のバームクーヘンギガ盛り切り落とし ※当商品は常温賞味期限約30日です。常温での発送となります。  簡易包装でお届けしております。そのため、商品に割れや崩れが生じる場合がございます。  ただし、品質や味には一切問題ございませんので、安心してお召し上がりください。C,"2,999円",7.0,https://affiliate.tiktok.com/api/v1/share/ALKno5StBHFz,1735295998061872725,product-images/1735295998061872725.jpeg,2026-07-02,2027-06-01,
下町バームクーヘン様 x EnterCommerce,7657843788182112018,下町バームクーヘン,食品,shopmajor,【夏の売りつくしSALE】【特別クーポンで50％OFF】【期間限定プレミアムクリームサンド入り】【お得用簡易包装】スーパージャンボ福袋8種9個入 福袋 2026  ※当商品は常温賞味期限約30日です。常温での発送となります。 簡易包装でお届けしております。そのため、商品に割れや崩れが生じる場合がございます。 ただし、品質や味には一切問題ございませんので、安心してお召し上がりください。,"5,998円",7.0,https://affiliate.tiktok.com/api/v1/share/ALKnkfrLYgfi,1735497457499801173,product-images/1735497457499801173.jpeg,2026-07-02,2027-06-01,
一風堂様 × EnterCommerce,7641119281443997448,博多一風堂【公式】,食品,kw,【公式】博多一風堂 本格生麺 食べ比べ 12食 セット 大容量 白丸 赤丸 まとめ買い 業務用 博多 とんこつ ラーメン 細麺 生麺 細めん 生めん おうちでIPPUDO,"6,960円",7.0,https://affiliate.tiktok.com/api/v1/share/ALL8HO4taSBY,1734509685786314262,product-images/1734509685786314262.jpeg,2026-05-18,2027-04-30,
一風堂様 × EnterCommerce,7641119281443997448,博多一風堂【公式】,食品,id,【公式】博多一風堂 ラーメン セット 選べる 人気 4～6食 とんこつ ポスト投函 メール便 お試し 食べ比べ スープ らーめん セット 細麺 白丸 赤丸 替玉 乾麺 中華 味噌 なま 焼き 生麺 博多 豚骨 マラソン 買い回り 訳あり ポッキリ 送料無料,"1,250円",7.0,https://affiliate.tiktok.com/api/v1/share/ALL8FvUKtugG,1734519288141481494,product-images/1734519288141481494.jpeg,2026-05-18,2027-04-30,
一風堂様 × EnterCommerce,7641119281443997448,博多一風堂【公式】,食品,kw,【公式】博多一風堂 本格生麺 食べ比べ 24食 セット 大容量 白丸 赤丸 まとめ買い 業務用 博多 とんこつ ラーメン 細麺 生麺 細めん 生めん おうちでIPPUDO,"13,920円",7.0,https://affiliate.tiktok.com/api/v1/share/ALL8HO4trQF7,1734803221706409494,product-images/1734803221706409494.jpeg,2026-05-18,2027-04-30,
一風堂様 × EnterCommerce,7641119281443997448,博多一風堂【公式】,食品,kw,【公式】博多一風堂 人気 ラーメン ギフト 食べ比べ 高級 プレゼント 父の日 母の日 贈答 内祝 誕生日 還暦 コンペ 景品 記念品 賞品 九州 博多 とんこつ 豚骨 らーめん 生めん おうちでIPPUDO,"3,980円",7.0,https://affiliate.tiktok.com/api/v1/share/ALL8FvULBAfD,1734803329264551446,product-images/1734803329264551446.jpeg,2026-05-18,2027-04-30,
一風堂様 × EnterCommerce,7641119281443997448,博多一風堂【公式】,食品,kw,【公式】一風堂の人気沸騰 調味料 ホット もやし ソース 万能調味料 とんこつ スープ 豚骨 ダシ ホットもやしソース300ml 秘伝のとんこつダシ330g ドレッシング 中華だし チャーハン チャンポン 炒め物 選べる ギフト ギフトボックス 贈答 時短 家事 育児 子育て 調理 おうちでIPPUDO,"1,350円-10,710円",7.0,https://affiliate.tiktok.com/api/v1/share/ALL8HO4u8Mx1,1734855961209636374,product-images/1734855961209636374.jpeg,2026-05-18,2027-04-30,
一風堂様 × EnterCommerce,7641119281443997448,博多一風堂【公式】,食品,kw,【公式】【メガ得30％オフ】博多一風堂 福袋 2026年 ラーメン トッピング 詰め合わせ 新春福袋 グルメ 訳あり ポイント消化 初売り ブラックフライデー 食品 グルメ とんこつ らーめん 豚骨 お取り寄せ お試し ボリュームセット 高菜 ルイボス茶 人気 メガ盛り まとめ買い 共同購入 お試し グルメ,"14,285円",7.0,https://affiliate.tiktok.com/api/v1/share/ALL8FvULSBDA,1734893184549619222,product-images/1734893184549619222.jpeg,2026-05-18,2027-04-30,
一風堂様 × EnterCommerce,7641119281443997448,博多一風堂【公式】,食品,kw,【公式】博多一風堂 白丸ラーメン 本格生麺で店舗の味 5食～12食セット 博多豚骨ラーメン とんこつスープ まとめ買い 博多 九州 とんこつ ラーメン 細麺 細めん おうちでIPPUDO,"3,830円-13,450円",7.0,https://affiliate.tiktok.com/api/v1/share/ALL8HO4uPTWU,1734893298837784086,product-images/1734893298837784086.jpeg,2026-05-18,2027-04-30,
一風堂様 × EnterCommerce,7641119281443997448,博多一風堂【公式】,食品,kw,【公式】博多一風堂 赤丸ラーメン 本格生麺で店舗の味 5食～12食セット 博多豚骨ラーメン とんこつスープ まとめ買い 博多 九州 とんこつ ラーメン 細麺 細めん おうちでIPPUDO,"4,130円-14,820円",7.0,https://affiliate.tiktok.com/api/v1/share/ALL8FvULj8iG,1734893424285156886,product-images/1734893424285156886.jpeg,2026-05-18,2027-04-30,
一風堂様 × EnterCommerce,7641119281443997448,博多一風堂【公式】,食品,kw,【公式】博多一風堂 からかラーメン 本格生麺で店舗の味 5食～12食セット 博多豚骨ラーメン とんこつスープ まとめ買い 博多 九州 とんこつ ラーメン 細麺 細めん おうちでIPPUDO,"4,130円-14,820円",7.0,https://affiliate.tiktok.com/api/v1/share/ALL8HO4uggnM,1734893877930460694,product-images/1734893877930460694.jpeg,2026-05-18,2027-04-30,
一風堂様 × EnterCommerce,7641119281443997448,博多一風堂【公式】,食品,kw,【公式】博多一風堂 人気ラーメン 3種 3食セット 食べ比べ ギフト 本格生麺 白丸 赤丸 からか 母の日 父の日 2026 贈答 お中元 誕生日 内祝い おみやげ 人気 3種セット 人気 白丸 赤丸 からか 3人前 とんこつ 細麺 細めん 博多 豚骨 らーめん おうちでIPPUDO,"2,550円-5,100円",7.0,https://affiliate.tiktok.com/api/v1/share/ALL8FvUM0K5W,1734926815617254934,product-images/1734926815617254934.jpeg,2026-05-18,2027-04-30,
一風堂様 × EnterCommerce,7641119281443997448,博多一風堂【公式】,食品,kw,【公式】博多一風堂 人気ラーメン 食べ比べ 白丸 赤丸 2人前 乾麺 絹ごし とんこつ ラーメン 博多 豚骨 らーめん 細麺 細めん 時短 簡単調理 おうちでIPPUDO,"1,000円-3,580円",7.0,https://affiliate.tiktok.com/api/v1/share/ALL8HO4uxa8z,1734926919265977878,product-images/1734926919265977878.jpeg,2026-05-18,2027-04-30,
一風堂様 × EnterCommerce,7641119281443997448,博多一風堂【公式】,食品,kw,【公式】博多一風堂1本まるごとチャーシュー 王道のバラチャーシュー 800g 大容量 業務用 お買い得 冷凍 冷凍食品 おかず 豚バラ 角煮 ブロック 冷凍ストック おうちでIPPUDO,"4,980円",7.0,https://affiliate.tiktok.com/api/v1/share/ALL8FvUMHCHp,1735003019523098134,product-images/1735003019523098134.jpeg,2026-05-18,2027-04-30,
一風堂様 × EnterCommerce,7641119281443997448,博多一風堂【公式】,食品,kw,【公式】博多一風堂 店舗の味を完全再現 冷凍ラーメン 白丸元味 チャーシュー付き 冷凍便 選べる 3～6人前 大容量 生麺 生めん お得 業務用 冷凍食品 おうちでIPPUDO,"6,690円-12,600円",7.0,https://affiliate.tiktok.com/api/v1/share/ALL8HO4vEdYz,1735013505489864214,product-images/1735013505489864214.jpeg,2026-05-18,2027-04-30,
一風堂様 × EnterCommerce,7641119281443997448,博多一風堂【公式】,食品,kw,【公式】博多一風堂 ひとくち餃子 冷凍食品 選べる大容量 お弁当 おかず 子供 人気 簡単 一口 冷凍食品 おかず 業務用 徳用 ストック おうちでIPPUDO,"5,770円-11,080円",7.0,https://affiliate.tiktok.com/api/v1/share/ALL8FvUMYNox,1735013983016158742,product-images/1735013983016158742.jpeg,2026-05-18,2027-04-30,
一風堂様 × EnterCommerce,7641119281443997448,博多一風堂【公式】,食品,kw,【公式】博多一風堂 博多チャーハン 冷凍 選べる3～10人前 1袋230g 炒飯 大容量 ストック 冷凍食品 お弁当 おかず 子供 人気 簡単 時短 まとめ買い お得 新発売 新商品 おうちでIPPUDO,"3,600円-8,700円",7.0,https://affiliate.tiktok.com/api/v1/share/ALL8HO4vVjEA,1735016243007817238,product-images/1735016243007817238.jpeg,2026-05-18,2027-04-30,
一風堂様 × EnterCommerce,7641119281443997448,博多一風堂【公式】,食品,kw,【公式】博多一風堂 話題沸騰中！万能調味料 簡単調理で本格派の味 お試し 選べる2種類 ホットもやしソース パラパラチャーハンの素 節約 博多有名店 送料無料 ピリ辛 ちょい辛 豚骨 とんこつ ドレッシング 爆買,"1,250円",7.0,https://affiliate.tiktok.com/api/v1/share/ALL8FvUMpOpT,1735026456824677910,product-images/1735026456824677910.jpeg,2026-05-18,2027-04-30,
一風堂様 × EnterCommerce,7641119281443997448,博多一風堂【公式】,食品,kw,【公式】博多一風堂 おうちで簡単！冷凍食品おためしセット 餃子 チャーハン ひとくち 餃子 炒飯 冷凍 一口 大容量 冷凍食品 おかず 子供 子ども 弁当 業務用 お取り寄せ お買い得 おうちでIPPUDO,"5,480円",7.0,https://affiliate.tiktok.com/api/v1/share/ALL8HO4vmilI,1735027522005468694,product-images/1735027522005468694.jpeg,2026-05-18,2027-04-30,
一風堂様 × EnterCommerce,7641119281443997448,博多一風堂【公式】,食品,kw,【公式】博多一風堂 おうちで簡単！大満足セット 冷凍食品 餃子 チャーハン ひとくち 餃子 炒飯 冷凍 一口 大容量 冷凍食品 おかず 子供 子ども 弁当 業務用 お取り寄せ お買い得 おうちでIPPUDO,"7,880円",7.0,https://affiliate.tiktok.com/api/v1/share/ALL8FvUOCds5,1735027684398630422,product-images/1735027684398630422.jpeg,2026-05-18,2027-04-30,
一風堂様 × EnterCommerce,7641119281443997448,博多一風堂【公式】,食品,kw,【公式】博多一風堂 おうちで本格！ラーメン屋さん 冷凍食品 ラーメン 餃子 チャーハン ひとくち 餃子 炒飯 おためしセット 冷凍 一口 大容量 冷凍食品 おかず 子供 子ども 弁当 業務用 お取り寄せ お買い得 おうちでIPPUDO,"6,780円",7.0,https://affiliate.tiktok.com/api/v1/share/ALL8HO4xA2xY,1735027721631073814,product-images/1735027721631073814.jpeg,2026-05-18,2027-04-30,
一風堂様 × EnterCommerce,7641119281443997448,博多一風堂【公式】,食品,kw,【公式】博多一風堂 おうちで本格！ラーメン屋さん 冷凍食品 ラーメン 餃子 チャーハン ひとくち 餃子 炒飯 おためしセット 冷凍 一口 大容量 冷凍食品 おかず 子供 子ども 弁当 業務用 お取り寄せ お買い得 おうちでIPPUDO,"10,480円",7.0,https://affiliate.tiktok.com/api/v1/share/ALL8FvUOTb2X,1735027965591258646,product-images/1735027965591258646.jpeg,2026-05-18,2027-04-30,
一風堂様 × EnterCommerce,7641119281443997448,博多一風堂【公式】,食品,kw,【公式】博多一風堂 ルイボスティー 人気のルイボス茶 豚骨ラーメンによく合う 1袋15パック入 ヘルシー 健康 おうちでIPPUDO,"1,250円-2,870円",7.0,https://affiliate.tiktok.com/api/v1/share/ALL8HO52NvSK,1735028039043352086,product-images/1735028039043352086.jpeg,2026-05-18,2027-04-30,
一風堂様 × EnterCommerce,7641119281443997448,博多一風堂【公式】,食品,kw,【公式】博多一風堂 辛子たかな 人気のトッピング 高菜 人気 博多 とんこつ ラーメン 九州 らーめん トッピング おうちでIPPUDO,"1,500円-3,600円",7.0,https://affiliate.tiktok.com/api/v1/share/ALL8FvUa1iwj,1735028389148984854,product-images/1735028389148984854.jpeg,2026-05-18,2027-04-30,
一風堂様 × EnterCommerce,7641119281443997448,博多一風堂【公式】,食品,kw,【公式】博多一風堂 人気ラーメン2種の2食セット 食べ比べ ギフト 本格生麺 白丸 赤丸 母の日 父の日 2026 贈答 お中元 誕生日 内祝い おみやげ 人気 3種セット 人気 白丸 赤丸 からか 3人前 とんこつ 細麺 細めん 博多 豚骨 らーめん おうちでIPPUDO,"1,990円",7.0,https://affiliate.tiktok.com/api/v1/share/ALL8HO52etuN,1735028624052422166,product-images/1735028624052422166.jpeg,2026-05-18,2027-04-30,
LIVE用特別料率キャンペーン,7604793940868908807,防災グッズのchama-cha,生活・雑貨,id,選べる 熱中症対策キット cr-331 10点セット 15点セット クーラーバッグ 応急処置 熱中症対策 グッズ 瞬間冷却剤 水分補給 ゼリー ドリンク 塩分チャージ タブレット 冷却タオル 経口補水液 予防カード 工事現場,"5,980円-7,580円",7.0,https://affiliate.tiktok.com/api/v1/share/ALL8oBwdJe65,1735465314159200087,product-images/1735465314159200087.jpeg,2026-02-09,2027-05-31,
LIVE用特別料率キャンペーン,7604793940868908807,防災グッズのchama-cha,生活・雑貨,id,【クーポンで25%OFF】防災 携帯 おにぎり 24個セット 中身だけ 5年保存 詰め替え用  備蓄用 防災グッズ 保存食 非常食 災害対策 地震対策 防災用品,"9,900円",7.0,https://affiliate.tiktok.com/api/v1/share/ALL9IfNWdEnl,1733636862390011735,product-images/1733636862390011735.jpeg,2026-02-09,2027-05-31,
LIVE用特別料率キャンペーン,7604793940868908807,防災グッズのchama-cha,生活・雑貨,id,防災セット 万能 30点セット 寝袋 付き 1人用 327リュック ウエストポーチ ランタン 集中豪雨 防災グッズ 非常用持出袋 防災リュック 災害対策 防災用品 トイレ地震 保存水 防災 レインコート cr-327 cr-330,"24,800円",7.0,https://affiliate.tiktok.com/api/v1/share/ALL9M17CvcUq,1734319953206871895,product-images/1734319953206871895.jpeg,2026-02-09,2027-05-31,
LIVE用特別料率キャンペーン,7604793940868908807,防災グッズのchama-cha,生活・雑貨,id,【クーポンで30%OFF】CoCo壱番屋監修 尾西 の カレーライス 5食セット 災害食 行動食 レトルト 備蓄 日常食 ５年保存 長期保存 尾西食品,"6,900円",7.0,https://affiliate.tiktok.com/api/v1/share/ALL9MPp8OSKd,1734091889959012183,product-images/1734091889959012183.jpeg,2026-02-09,2027-05-31,
LIVE用特別料率キャンペーン,7604793940868908807,防災グッズのchama-cha,生活・雑貨,id,カイロ 30個 日本製 集中豪雨 防災 7年保証 常備用カイロ 中身だけ まとめ買い 単品 非常用 家族用 備蓄用 防災グッズ 災害対策 防災用品 避難グッズ,"5,500円",7.0,https://affiliate.tiktok.com/api/v1/share/ALL9IfNWuEkD,1734107845486872407,product-images/1734107845486872407.jpeg,2026-02-09,2027-05-31,
かわうそ市場様 × EnterCommerce,7636339543226861332,高知かわうそ市場,食品,shop,【肉厚】訳あり 塩銀鮭 厚切り切身【1.5～3kgまで選択可能】,"4,440円-8,580円",7.0,https://affiliate.tiktok.com/api/v1/share/ALL8KvhY3WwL,1735336454346213240,product-images/1735336454346213240.jpeg,2026-05-05,2027-03-31,
レキット様 x EnterCommerce,7615455043024324359,【公式】レキットベンキーザー・ジャパン株式会社,美容・コスメ,shopmajor,フィニッシュ 食洗機用洗剤 パワーキューブ M×2,"2,319円",6.0,https://affiliate.tiktok.com/api/v1/share/ALL8e0d0n4Fn,1733024824662656345,product-images/1733024824662656345.jpeg,2026-03-10,2027-03-01,
レキット様 x EnterCommerce,7615455043024324359,【公式】レキットベンキーザー・ジャパン株式会社,美容・コスメ,shopmajor,フィニッシュ 食洗機用洗剤 パワーキューブ L×2,"3,372円",6.0,https://affiliate.tiktok.com/api/v1/share/ALL8XR8x7x5T,1733024929487947097,product-images/1733024929487947097.jpeg,2026-03-10,2027-03-01,
レキット様 x EnterCommerce,7615455043024324359,【公式】レキットベンキーザー・ジャパン株式会社,美容・コスメ,shopmajor,フィニッシュ Finish 食洗機庫内強力洗浄タブレット×2,"2,329円",6.0,https://affiliate.tiktok.com/api/v1/share/ALL8bPikCrqp,1733025101903463769,product-images/1733025101903463769.jpeg,2026-03-10,2027-03-01,
レキット様 x EnterCommerce,7615455043024324359,【公式】レキットベンキーザー・ジャパン株式会社,美容・コスメ,shopmajor,フィニッシュ 食洗機用洗剤 パワーキューブ L×3,"4,835円",6.0,https://affiliate.tiktok.com/api/v1/share/ALL8e0d14Gzj,1733025484374574425,product-images/1733025484374574425.jpeg,2026-03-10,2027-03-01,
レキット様 x EnterCommerce,7615455043024324359,【公式】レキットベンキーザー・ジャパン株式会社,美容・コスメ,shopmajor,フィニッシュ 食洗機用洗剤 パワーキューブ M×3,"3,254円",6.0,https://affiliate.tiktok.com/api/v1/share/ALL8e0dtVoP9,1733025486610924889,product-images/1733025486610924889.jpeg,2026-03-10,2027-03-01,
レキット様 x EnterCommerce,7615455043024324359,【公式】レキットベンキーザー・ジャパン株式会社,美容・コスメ,shopmajor,フィニッシュ　食洗機庫内強力洗浄タブレット ×3個,"3,270円",6.0,https://affiliate.tiktok.com/api/v1/share/ALL8bPikTsHf,1733025669426742617,product-images/1733025669426742617.jpeg,2026-03-10,2027-03-01,
レキット様 x EnterCommerce,7615455043024324359,【公式】レキットベンキーザー・ジャパン株式会社,美容・コスメ,shopmajor,フィニッシュ 食洗機用洗剤 パワーキューブ M+食洗機庫内強力洗浄タブレット,"2,456円",6.0,https://affiliate.tiktok.com/api/v1/share/ALL8e0d1LGBp,1733025725707421017,product-images/1733025725707421017.jpeg,2026-03-10,2027-03-01,
レキット様 x EnterCommerce,7615455043024324359,【公式】レキットベンキーザー・ジャパン株式会社,美容・コスメ,shopmajor,フィニッシュ 食洗機用洗剤 パワーキューブ L+食洗機庫内強力洗浄タブレット,"2,983円",6.0,https://affiliate.tiktok.com/api/v1/share/ALL8e0dtmzg1,1733025766502729049,product-images/1733025766502729049.jpeg,2026-03-10,2027-03-01,
レキット様 x EnterCommerce,7615455043024324359,【公式】レキットベンキーザー・ジャパン株式会社,美容・コスメ,shopmajor,Vanish オキシアクション 布用シミ抜きスプレー450ｍL,"1,562円-3,030円",6.0,https://affiliate.tiktok.com/api/v1/share/ALL8bPikkrwv,1733319532924667225,product-images/1733319532924667225.jpeg,2026-03-10,2027-03-01,
レキット様 x EnterCommerce,7615455043024324359,【公式】レキットベンキーザー・ジャパン株式会社,美容・コスメ,shopmajor,Vanish オキシアクション マルチパウダー 470g,"1,438円-2,657円",6.0,https://affiliate.tiktok.com/api/v1/share/ALL8e0d1cJo3,1733319692433851737,product-images/1733319692433851737.jpeg,2026-03-10,2027-03-01,
レキット様 x EnterCommerce,7615455043024324359,【公式】レキットベンキーザー・ジャパン株式会社,美容・コスメ,shopmajor,Vanish オキシアクション 布用シミ抜きスプレー450ｍL+マルチパウダー 470g,"2,211円",6.0,https://affiliate.tiktok.com/api/v1/share/ALL8e0du40UC,1733319746116158809,product-images/1733319746116158809.jpeg,2026-03-10,2027-03-01,
レキット様 x EnterCommerce,7615455043024324359,【公式】レキットベンキーザー・ジャパン株式会社,美容・コスメ,shopmajor,ミューズ 洗濯槽クリーナー フレッシュなレモンの香り,"1,502円-2,052円",6.0,https://affiliate.tiktok.com/api/v1/share/ALL8bPil24lL,1733722719060329817,product-images/1733722719060329817.jpeg,2026-03-10,2027-03-01,
レキット様 x EnterCommerce,7615455043024324359,【公式】レキットベンキーザー・ジャパン株式会社,美容・コスメ,shopmajor,ミューズ 洗濯槽クリーナー すがすがしい森林の香り,"1,502円-2,052円",6.0,https://affiliate.tiktok.com/api/v1/share/ALL8e0d1tOvf,1733722958032569689,product-images/1733722958032569689.jpeg,2026-03-10,2027-03-01,
レキット様 x EnterCommerce,7615455043024324359,【公式】レキットベンキーザー・ジャパン株式会社,美容・コスメ,shopmajor,ミューズ 洗濯槽クリーナー フレッシュなレモンの香り+すがすがしい森林の香り,"1,502円-3,262円",6.0,https://affiliate.tiktok.com/api/v1/share/ALL8e0duLAYG,1734360991247730009,product-images/1734360991247730009.jpeg,2026-03-10,2027-03-01,
レキット様 x EnterCommerce,7615455043024324359,【公式】レキットベンキーザー・ジャパン株式会社,美容・コスメ,shopmajor,ミューズボタニカルボディウォッシュデオドラントクリアモイスト本体（500ml）,"1,803円",6.0,https://affiliate.tiktok.com/api/v1/share/ALL8bPilJA2P,1732595686143329625,product-images/1732595686143329625.jpeg,2026-03-10,2027-03-01,
レキット様 x EnterCommerce,7615455043024324359,【公式】レキットベンキーザー・ジャパン株式会社,美容・コスメ,shopmajor,ミューズボタニカルボディウォッシュデオドラントクリアモイスト本体（500ml）＋つけかえ（450ml）,"2,707円",6.0,https://affiliate.tiktok.com/api/v1/share/ALL8e0d2AUv8,1732595810959852889,product-images/1732595810959852889.jpeg,2026-03-10,2027-03-01,
レキット様 x EnterCommerce,7615455043024324359,【公式】レキットベンキーザー・ジャパン株式会社,美容・コスメ,shopmajor,ミューズボタニカルボディウォッシュデオドラントクリアモイストつけかえ（450ml）,"1,636円",6.0,https://affiliate.tiktok.com/api/v1/share/ALL8e0duc5wF,1732595816177567065,product-images/1732595816177567065.jpeg,2026-03-10,2027-03-01,
LIVE用特別料率キャンペーン,7604793940868908807,モスオンラインショップ,食品,shop,【今だけクーポンで10％OFF】モスチキン 冷凍モスチキン モスバーガー 冷凍食品 からあげ 唐揚げ おかず 冷凍 フライドチキン チキン 冷凍惣菜 冷凍食品 総菜セット 揚げ物 惣菜 冷凍食品,"4,300円-10,700円",6.0,https://affiliate.tiktok.com/api/v1/share/ALL95HwuYrvE,1735157402589365865,product-images/1735157402589365865.jpeg,2026-02-09,2027-05-31,
LIVE用特別料率キャンペーン,7604793940868908807,モスオンラインショップ,食品,shop,【今だけクーポンで10％OFF】【どっちがタイプ？選べる】モスチキン＆オニオンフライセット オニオンリング 冷凍オニオンフライ 選べるセット,"4,400円-6,200円",6.0,https://affiliate.tiktok.com/api/v1/share/ALL97c721FSh,1735157626164446825,product-images/1735157626164446825.jpeg,2026-02-09,2027-05-31,
松屋様 x EnterCommerce,7662600653923993362,【公式】松屋オンラインショップ,食品,kw,【大容量リピ確定BOX】松屋 公式 牛めしの具 プレミアム仕様 牛めし 牛丼の具 まつや 牛丼 食品 グルメ 冷凍 冷凍食品 送料無料 おかず 惣菜 お弁当 非常食,"3,980円-13,980円",5.0,https://affiliate.tiktok.com/api/v1/share/ALKlNzUCyzhW,1732708346533282899,product-images/1732708346533282899.jpeg,2026-07-15,2027-07-01,
松屋様 x EnterCommerce,7662600653923993362,【公式】松屋オンラインショップ,食品,kw,【特別クーポンで50％OFF】 松屋 公式 牛めしの具 30食 プレミアム仕様 牛めし 牛丼の具 まつや 牛丼 食品 グルメ 冷凍 冷凍食品 送料無料 おかず 惣菜 お弁当 非常食,"15,000円",5.0,https://affiliate.tiktok.com/api/v1/share/ALKlIn5shiss,1735410896249390163,product-images/1735410896249390163.jpeg,2026-07-15,2027-07-01,
松屋様 x EnterCommerce,7662600653923993362,【公式】松屋オンラインショップ,食品,kw,松屋のうな丼 鰻 (うなぎカット80g×4/8/15/24枚) ウナギ 鰻 鰻のかば焼き 鰻の蒲焼 2026 非常食,"3,980円-12,980円",5.0,https://affiliate.tiktok.com/api/v1/share/ALKlNzUFBSWm,1734109147191215187,product-images/1734109147191215187.jpeg,2026-07-15,2027-07-01,
リンガーハット様 x EnterCommerce,7649379078894749448,リンガーハット公式ショップ,食品,id,【衝撃の23%OFF！お店の味をご家庭で】リンガーハット 長崎ちゃんぽん 6食  ちゃんぽん チャンポン 冷凍 冷凍食品,"3,750円",5.0,https://affiliate.tiktok.com/api/v1/share/ALKnvg7I8TPx,1733903661910164679,product-images/1733903661910164679.jpeg,2026-06-09,2027-05-31,
リンガーハット様 x EnterCommerce,7649379078894749448,リンガーハット公式ショップ,食品,id,【当店1番人気商品！】リンガーハット 長崎ちゃんぽん4食&長崎皿うどん2食セット 具付き 冷凍 ちゃんぽん チャンポン 皿うどん ラーメン 冷凍惣菜 お取り寄せ,"3,750円",5.0,https://affiliate.tiktok.com/api/v1/share/ALKnw5w8Y2sH,1733904974273414343,product-images/1733904974273414343.jpeg,2026-06-09,2027-05-31,
リンガーハット様 x EnterCommerce,7649379078894749448,リンガーハット公式ショップ,食品,id,【特別クーポンで23％OFF！】リンガーハット 長崎ちゃんぽん4食&長崎皿うどん2食セット 具付き 冷凍 ちゃんぽん チャンポン 皿うどん ラーメン 冷凍惣菜 お取り寄せ,"4,900円",5.0,https://affiliate.tiktok.com/api/v1/share/ALKnvg7IPHqU,1735567915148149959,product-images/1735567915148149959.jpeg,2026-06-09,2027-05-31,
リンガーハット様 x EnterCommerce,7649379078894749448,リンガーハット公式ショップ,食品,id,【特別クーポンで23％OFF！】リンガーハット 長崎ちゃんぽん 6食  ちゃんぽん チャンポン 冷凍 冷凍食品  期間限定,"4,900円",5.0,https://affiliate.tiktok.com/api/v1/share/ALKnw5w8p2ys,1735567945127199943,product-images/1735567945127199943.jpeg,2026-06-09,2027-05-31,
リンガーハット様 x EnterCommerce,7649379078894749448,リンガーハット公式ショップ,食品,id,【数量限定！鍋スープおまけ付き！】リンガーハット 長崎ちゃんぽん 7食 鍋スープおまけ付き ちゃんぽん チャンポン 冷凍 冷凍食品  期間限定,"6,200円",5.0,https://affiliate.tiktok.com/api/v1/share/ALKnvg7IgUTW,1735578801420666055,product-images/1735578801420666055.jpeg,2026-06-09,2027-05-31,
LIVE用特別料率キャンペーン,7604793940868908807,無添加梅干しの紀州梅香（農業法人）,食品,id,無添加 梅干し（減塩梅干し 塩分3% / 低塩はちみつ梅干し6％） 紀州梅香 つぶれ梅 化学調味料 無添加 甘み抑えめ紀州南高梅,"2,320円-3,880円",3.0,https://affiliate.tiktok.com/api/v1/share/ALL9BFygd09I,1731908296661370763,product-images/1731908296661370763.jpeg,2026-02-09,2027-05-31,
LIVE用特別料率キャンペーン,7604793940868908807,無添加梅干しの紀州梅香（農業法人）,食品,id,無添加 塩だけ 昔ながらの塩っぱい梅干し 塩分20％ 南高梅 紀州梅香 完熟 白干し梅 つぶれ梅 (20-G),"2,140円-3,480円",3.0,https://affiliate.tiktok.com/api/v1/share/ALL9FeXigOfi,1731908346752960395,product-images/1731908346752960395.jpeg,2026-02-09,2027-05-31,
コメライフ様 × EnterCommerce,7618100002677737223,コメライフ,食品,kw,ひのひかり 令和7年 福岡県産 白米 お米 安い 精米 おすすめ,"3,500円-11,800円",2.0,https://affiliate.tiktok.com/api/v1/share/ALL8gDUOKKIP,1733819828635796720,product-images/1733819828635796720.jpeg,2026-03-17,2027-05-31,
コメライフ様 × EnterCommerce,7618100002677737223,コメライフ,食品,id,生活応援米 コスパ米《令和7年産》お米 国産 精米 白米 ブレンド米,"2,600円-8,480円",2.0,https://affiliate.tiktok.com/api/v1/share/ALL8gSHw8Crr,1733872422934381808,product-images/1733872422934381808.jpeg,2026-03-17,2027-05-31,
コメライフ様 × EnterCommerce,7618100002677737223,コメライフ,食品,kw,元気つくし 令和7年 1等米限定 特A 福岡県産 白米 お米 安い 精米,"3,600円-12,000円",2.0,https://affiliate.tiktok.com/api/v1/share/ALL8gSMyEiBe,1733903188036191472,product-images/1733903188036191472.jpeg,2026-03-17,2027-05-31,
コメライフ様 × EnterCommerce,7618100002677737223,コメライフ,食品,kw,夢つくし 令和7年 福岡県産 白米 お米 安い 精米 おすすめ,"3,600円-12,000円",2.0,https://affiliate.tiktok.com/api/v1/share/ALL8gDUObEZB,1734405896827536624,product-images/1734405896827536624.jpeg,2026-03-17,2027-05-31,
LeoClie様 x EnterCommerce株式会社,7675946517380515592,【公式】LeoClieオンラインショップ,美容・コスメ,shop,【新登場】センスウェア 練り香水 ホワイトリリー ｜メンズ香水 モテ香水 ベルガモット ホワイトムスク ウッド バニラ フローラル シトラス フェロモン成分配合 SENSE WEAR,"4,980円",1.0,https://affiliate.tiktok.com/api/v1/share/ALJgz1OLi4EJ,1731973431606150689,product-images/1731973431606150689.jpeg,2026-08-20,2027-08-01,
LeoClie様 x EnterCommerce株式会社,7675946517380515592,【公式】LeoClieオンラインショップ,美容・コスメ,shop,MAGINA マギナ 亜鉛 サプリ シトルリン アルギニン 49500mg サプリメント 1袋(約30日分),"3,980円-4,980円",1.0,https://affiliate.tiktok.com/api/v1/share/ALJgz1Vro826,1736139096473044513,product-images/1736139096473044513.jpeg,2026-08-20,2027-08-01,
LeoClie様 x EnterCommerce株式会社,7675946517380515592,【公式】LeoClieオンラインショップ,美容・コスメ,shop,【期間限定価格】エナビス ワキガ デオドラント わきがクリーム 最強 制汗剤 脇 ENAVIS 脇汗 すそわきが 汗止め 大容量 匂いケア 手汗 日本製 無香料 医薬部外品,"3,980円",1.0,https://affiliate.tiktok.com/api/v1/share/ALJgz1BStCxn,1737075754980836897,product-images/1737075754980836897.jpeg,2026-08-20,2027-08-01,
